--
-- PostgreSQL database dump
--

\restrict wgeoJEofE97WNRpEuPtaeLj5F1fRqzkeWXtWzkqN8goEdrvS2xfapD1M4fPh4Pt

-- Dumped from database version 18.4
-- Dumped by pg_dump version 18.4

-- Started on 2026-06-08 14:54:25

SET statement_timeout = 0;
SET lock_timeout = 0;
SET idle_in_transaction_session_timeout = 0;
SET transaction_timeout = 0;
SET client_encoding = 'UTF8';
SET standard_conforming_strings = on;
SELECT pg_catalog.set_config('search_path', '', false);
SET check_function_bodies = false;
SET xmloption = content;
SET client_min_messages = warning;
SET row_security = off;

--
-- TOC entry 7 (class 2615 OID 63284)
-- Name: mabuntle; Type: SCHEMA; Schema: -; Owner: postgres
--

CREATE SCHEMA mabuntle;


ALTER SCHEMA mabuntle OWNER TO postgres;

--
-- TOC entry 2 (class 3079 OID 63786)
-- Name: vector; Type: EXTENSION; Schema: -; Owner: -
--

CREATE EXTENSION IF NOT EXISTS vector WITH SCHEMA public;


--
-- TOC entry 6319 (class 0 OID 0)
-- Dependencies: 2
-- Name: EXTENSION vector; Type: COMMENT; Schema: -; Owner: 
--

COMMENT ON EXTENSION vector IS 'vector data type and ivfflat and hnsw access methods';


SET default_tablespace = '';

SET default_table_access_method = heap;

--
-- TOC entry 221 (class 1259 OID 63277)
-- Name: __EFMigrationsHistory; Type: TABLE; Schema: public; Owner: postgres
--

CREATE TABLE public."__EFMigrationsHistory" (
    "MigrationId" character varying(150) NOT NULL,
    "ProductVersion" character varying(32) NOT NULL
);


ALTER TABLE public."__EFMigrationsHistory" OWNER TO postgres;

--
-- TOC entry 227 (class 1259 OID 63327)
-- Name: AspNetRoleClaims; Type: TABLE; Schema: mabuntle; Owner: postgres
--

CREATE TABLE mabuntle."AspNetRoleClaims" (
    "Id" integer NOT NULL,
    "RoleId" uuid NOT NULL,
    "ClaimType" text,
    "ClaimValue" text
);


ALTER TABLE mabuntle."AspNetRoleClaims" OWNER TO postgres;

--
-- TOC entry 226 (class 1259 OID 63326)
-- Name: AspNetRoleClaims_Id_seq; Type: SEQUENCE; Schema: mabuntle; Owner: postgres
--

ALTER TABLE mabuntle."AspNetRoleClaims" ALTER COLUMN "Id" ADD GENERATED BY DEFAULT AS IDENTITY (
    SEQUENCE NAME mabuntle."AspNetRoleClaims_Id_seq"
    START WITH 1
    INCREMENT BY 1
    NO MINVALUE
    NO MAXVALUE
    CACHE 1
);


--
-- TOC entry 222 (class 1259 OID 63285)
-- Name: AspNetRoles; Type: TABLE; Schema: mabuntle; Owner: postgres
--

CREATE TABLE mabuntle."AspNetRoles" (
    "Id" uuid NOT NULL,
    "Name" character varying(256),
    "NormalizedName" character varying(256),
    "ConcurrencyStamp" text
);


ALTER TABLE mabuntle."AspNetRoles" OWNER TO postgres;

--
-- TOC entry 229 (class 1259 OID 63342)
-- Name: AspNetUserClaims; Type: TABLE; Schema: mabuntle; Owner: postgres
--

CREATE TABLE mabuntle."AspNetUserClaims" (
    "Id" integer NOT NULL,
    "UserId" uuid NOT NULL,
    "ClaimType" text,
    "ClaimValue" text
);


ALTER TABLE mabuntle."AspNetUserClaims" OWNER TO postgres;

--
-- TOC entry 228 (class 1259 OID 63341)
-- Name: AspNetUserClaims_Id_seq; Type: SEQUENCE; Schema: mabuntle; Owner: postgres
--

ALTER TABLE mabuntle."AspNetUserClaims" ALTER COLUMN "Id" ADD GENERATED BY DEFAULT AS IDENTITY (
    SEQUENCE NAME mabuntle."AspNetUserClaims_Id_seq"
    START WITH 1
    INCREMENT BY 1
    NO MINVALUE
    NO MAXVALUE
    CACHE 1
);


--
-- TOC entry 230 (class 1259 OID 63356)
-- Name: AspNetUserLogins; Type: TABLE; Schema: mabuntle; Owner: postgres
--

CREATE TABLE mabuntle."AspNetUserLogins" (
    "LoginProvider" text NOT NULL,
    "ProviderKey" text NOT NULL,
    "ProviderDisplayName" text,
    "UserId" uuid NOT NULL
);


ALTER TABLE mabuntle."AspNetUserLogins" OWNER TO postgres;

--
-- TOC entry 231 (class 1259 OID 63371)
-- Name: AspNetUserRoles; Type: TABLE; Schema: mabuntle; Owner: postgres
--

CREATE TABLE mabuntle."AspNetUserRoles" (
    "UserId" uuid NOT NULL,
    "RoleId" uuid NOT NULL
);


ALTER TABLE mabuntle."AspNetUserRoles" OWNER TO postgres;

--
-- TOC entry 232 (class 1259 OID 63388)
-- Name: AspNetUserTokens; Type: TABLE; Schema: mabuntle; Owner: postgres
--

CREATE TABLE mabuntle."AspNetUserTokens" (
    "UserId" uuid NOT NULL,
    "LoginProvider" text NOT NULL,
    "Name" text NOT NULL,
    "Value" text
);


ALTER TABLE mabuntle."AspNetUserTokens" OWNER TO postgres;

--
-- TOC entry 223 (class 1259 OID 63293)
-- Name: AspNetUsers; Type: TABLE; Schema: mabuntle; Owner: postgres
--

CREATE TABLE mabuntle."AspNetUsers" (
    "Id" uuid NOT NULL,
    "CreatedAtUtc" timestamp with time zone NOT NULL,
    "LastLoginAtUtc" timestamp with time zone,
    "UserName" character varying(256),
    "NormalizedUserName" character varying(256),
    "Email" character varying(256),
    "NormalizedEmail" character varying(256),
    "EmailConfirmed" boolean NOT NULL,
    "PasswordHash" text,
    "SecurityStamp" text,
    "ConcurrencyStamp" text,
    "PhoneNumber" text,
    "PhoneNumberConfirmed" boolean NOT NULL,
    "TwoFactorEnabled" boolean NOT NULL,
    "LockoutEnd" timestamp with time zone,
    "LockoutEnabled" boolean NOT NULL,
    "AccessFailedCount" integer NOT NULL
);


ALTER TABLE mabuntle."AspNetUsers" OWNER TO postgres;

--
-- TOC entry 278 (class 1259 OID 64936)
-- Name: ad_budgets; Type: TABLE; Schema: mabuntle; Owner: postgres
--

CREATE TABLE mabuntle.ad_budgets (
    "Id" uuid NOT NULL,
    "AdCampaignId" uuid NOT NULL,
    "Currency" character varying(3) NOT NULL,
    "DailyBudget" numeric(18,2) NOT NULL,
    "TotalBudget" numeric(18,2) NOT NULL,
    "MaxCostPerClick" numeric(18,2) NOT NULL,
    "SpentAmount" numeric(18,2) NOT NULL,
    "CreatedAtUtc" timestamp with time zone NOT NULL,
    "UpdatedAtUtc" timestamp with time zone NOT NULL
);


ALTER TABLE mabuntle.ad_budgets OWNER TO postgres;

--
-- TOC entry 279 (class 1259 OID 64955)
-- Name: ad_campaign_products; Type: TABLE; Schema: mabuntle; Owner: postgres
--

CREATE TABLE mabuntle.ad_campaign_products (
    "Id" uuid NOT NULL,
    "AdCampaignId" uuid NOT NULL,
    "ProductId" uuid NOT NULL,
    "CreatedAtUtc" timestamp with time zone NOT NULL
);


ALTER TABLE mabuntle.ad_campaign_products OWNER TO postgres;

--
-- TOC entry 276 (class 1259 OID 64899)
-- Name: ad_campaigns; Type: TABLE; Schema: mabuntle; Owner: postgres
--

CREATE TABLE mabuntle.ad_campaigns (
    "Id" uuid NOT NULL,
    "SellerId" uuid NOT NULL,
    "Name" character varying(160) NOT NULL,
    "CampaignType" character varying(80) NOT NULL,
    "Status" character varying(80) NOT NULL,
    "StartsAtUtc" timestamp with time zone NOT NULL,
    "EndsAtUtc" timestamp with time zone NOT NULL,
    "SubmittedAtUtc" timestamp with time zone,
    "ApprovedAtUtc" timestamp with time zone,
    "ApprovedByUserId" uuid,
    "PausedAtUtc" timestamp with time zone,
    "CompletedAtUtc" timestamp with time zone,
    "CancelledAtUtc" timestamp with time zone,
    "RejectionReason" character varying(1000),
    "CreatedAtUtc" timestamp with time zone NOT NULL,
    "UpdatedAtUtc" timestamp with time zone NOT NULL
);


ALTER TABLE mabuntle.ad_campaigns OWNER TO postgres;

--
-- TOC entry 282 (class 1259 OID 65018)
-- Name: ad_charges; Type: TABLE; Schema: mabuntle; Owner: postgres
--

CREATE TABLE mabuntle.ad_charges (
    "Id" uuid NOT NULL,
    "AdCampaignId" uuid NOT NULL,
    "AdClickId" uuid,
    "Amount" numeric(18,2) NOT NULL,
    "Currency" character varying(3) NOT NULL,
    "Reason" character varying(240) NOT NULL,
    "ChargedAtUtc" timestamp with time zone NOT NULL
);


ALTER TABLE mabuntle.ad_charges OWNER TO postgres;

--
-- TOC entry 280 (class 1259 OID 64974)
-- Name: ad_clicks; Type: TABLE; Schema: mabuntle; Owner: postgres
--

CREATE TABLE mabuntle.ad_clicks (
    "Id" uuid NOT NULL,
    "AdCampaignId" uuid NOT NULL,
    "ProductId" uuid NOT NULL,
    "BuyerId" uuid,
    "AnonymousVisitorId" character varying(128),
    "OccurredAtUtc" timestamp with time zone NOT NULL
);


ALTER TABLE mabuntle.ad_clicks OWNER TO postgres;

--
-- TOC entry 283 (class 1259 OID 65039)
-- Name: ad_conversions; Type: TABLE; Schema: mabuntle; Owner: postgres
--

CREATE TABLE mabuntle.ad_conversions (
    "Id" uuid NOT NULL,
    "AdCampaignId" uuid NOT NULL,
    "AdClickId" uuid NOT NULL,
    "OrderId" uuid NOT NULL,
    "RevenueAmount" numeric(18,2) NOT NULL,
    "Currency" character varying(3) NOT NULL,
    "OccurredAtUtc" timestamp with time zone NOT NULL
);


ALTER TABLE mabuntle.ad_conversions OWNER TO postgres;

--
-- TOC entry 281 (class 1259 OID 64998)
-- Name: ad_impressions; Type: TABLE; Schema: mabuntle; Owner: postgres
--

CREATE TABLE mabuntle.ad_impressions (
    "Id" uuid NOT NULL,
    "AdCampaignId" uuid NOT NULL,
    "ProductId" uuid NOT NULL,
    "Placement" character varying(120) NOT NULL,
    "AnonymousVisitorId" character varying(128),
    "OccurredAtUtc" timestamp with time zone NOT NULL
);


ALTER TABLE mabuntle.ad_impressions OWNER TO postgres;

--
-- TOC entry 311 (class 1259 OID 72130)
-- Name: admin_queue_saved_views; Type: TABLE; Schema: mabuntle; Owner: postgres
--

CREATE TABLE mabuntle.admin_queue_saved_views (
    "Id" uuid NOT NULL,
    "AdminUserId" uuid NOT NULL,
    "Queue" character varying(40) NOT NULL,
    "Name" character varying(80) NOT NULL,
    "IsDefault" boolean NOT NULL,
    "View" character varying(80),
    "Status" character varying(80),
    "Search" character varying(200),
    "SellerId" uuid,
    "Assigned" character varying(80),
    "Priority" character varying(80),
    "HasNotes" boolean,
    "Sla" character varying(80),
    "Sort" character varying(40),
    "PageSize" integer NOT NULL,
    "CreatedAtUtc" timestamp with time zone NOT NULL,
    "UpdatedAtUtc" timestamp with time zone NOT NULL,
    "Category" character varying(80)
);


ALTER TABLE mabuntle.admin_queue_saved_views OWNER TO postgres;

--
-- TOC entry 309 (class 1259 OID 72083)
-- Name: admin_queue_triage; Type: TABLE; Schema: mabuntle; Owner: postgres
--

CREATE TABLE mabuntle.admin_queue_triage (
    "Id" uuid NOT NULL,
    "ItemType" character varying(40) NOT NULL,
    "ItemId" uuid NOT NULL,
    "AssignedToUserId" uuid,
    "Priority" character varying(40) NOT NULL,
    "LatestNote" character varying(500),
    "LatestNoteByUserId" uuid,
    "LatestNoteAtUtc" timestamp with time zone,
    "CreatedByUserId" uuid NOT NULL,
    "CreatedAtUtc" timestamp with time zone NOT NULL,
    "UpdatedAtUtc" timestamp with time zone NOT NULL
);


ALTER TABLE mabuntle.admin_queue_triage OWNER TO postgres;

--
-- TOC entry 310 (class 1259 OID 72102)
-- Name: admin_queue_triage_notes; Type: TABLE; Schema: mabuntle; Owner: postgres
--

CREATE TABLE mabuntle.admin_queue_triage_notes (
    "Id" uuid NOT NULL,
    "TriageId" uuid NOT NULL,
    "ActorUserId" uuid NOT NULL,
    "Note" character varying(1000) NOT NULL,
    "CreatedAtUtc" timestamp with time zone NOT NULL
);


ALTER TABLE mabuntle.admin_queue_triage_notes OWNER TO postgres;

--
-- TOC entry 249 (class 1259 OID 63754)
-- Name: ai_moderation_results; Type: TABLE; Schema: mabuntle; Owner: postgres
--

CREATE TABLE mabuntle.ai_moderation_results (
    "Id" uuid NOT NULL,
    "ProductId" uuid NOT NULL,
    "SellerId" uuid NOT NULL,
    "RiskLevel" character varying(64) NOT NULL,
    "NeedsAdminReview" boolean NOT NULL,
    "Reason" character varying(1000) NOT NULL,
    detected_terms_json jsonb NOT NULL,
    missing_fields_json jsonb NOT NULL,
    flags_json jsonb NOT NULL,
    "Provider" character varying(128) NOT NULL,
    "CreatedAtUtc" timestamp with time zone NOT NULL
);


ALTER TABLE mabuntle.ai_moderation_results OWNER TO postgres;

--
-- TOC entry 245 (class 1259 OID 63662)
-- Name: ai_product_suggestions; Type: TABLE; Schema: mabuntle; Owner: postgres
--

CREATE TABLE mabuntle.ai_product_suggestions (
    "Id" uuid NOT NULL,
    "SellerId" uuid NOT NULL,
    "ProductId" uuid NOT NULL,
    "InputNotes" character varying(4000),
    input_image_ids_json jsonb NOT NULL,
    "SuggestedTitle" character varying(200),
    "SuggestedShortDescription" character varying(500),
    "SuggestedFullDescription" character varying(5000),
    "SuggestedCategoryId" uuid,
    "SuggestedCategoryPath" character varying(500),
    suggested_attributes_json jsonb NOT NULL,
    suggested_tags_json jsonb NOT NULL,
    missing_fields_json jsonb NOT NULL,
    risk_flags_json jsonb NOT NULL,
    "QualityScore" numeric(5,2) NOT NULL,
    "ModelUsed" character varying(128) NOT NULL,
    "PromptVersion" character varying(64) NOT NULL,
    "Status" character varying(64) NOT NULL,
    "CreatedAtUtc" timestamp with time zone NOT NULL,
    "AcceptedAtUtc" timestamp with time zone,
    "AppliedAtUtc" timestamp with time zone
);


ALTER TABLE mabuntle.ai_product_suggestions OWNER TO postgres;

--
-- TOC entry 246 (class 1259 OID 63692)
-- Name: ai_prompt_versions; Type: TABLE; Schema: mabuntle; Owner: postgres
--

CREATE TABLE mabuntle.ai_prompt_versions (
    "Id" uuid NOT NULL,
    "FeatureName" character varying(128) NOT NULL,
    "Version" character varying(64) NOT NULL,
    "PromptTemplate" text NOT NULL,
    "IsActive" boolean NOT NULL,
    "CreatedAtUtc" timestamp with time zone NOT NULL
);


ALTER TABLE mabuntle.ai_prompt_versions OWNER TO postgres;

--
-- TOC entry 248 (class 1259 OID 63724)
-- Name: ai_suggestion_field_audits; Type: TABLE; Schema: mabuntle; Owner: postgres
--

CREATE TABLE mabuntle.ai_suggestion_field_audits (
    "Id" uuid NOT NULL,
    "SuggestionId" uuid NOT NULL,
    "FieldName" character varying(128) NOT NULL,
    ai_value jsonb,
    seller_final_value jsonb,
    "WasAccepted" boolean NOT NULL,
    "WasEdited" boolean NOT NULL,
    "CreatedAtUtc" timestamp with time zone NOT NULL
);


ALTER TABLE mabuntle.ai_suggestion_field_audits OWNER TO postgres;

--
-- TOC entry 247 (class 1259 OID 63705)
-- Name: ai_usage_logs; Type: TABLE; Schema: mabuntle; Owner: postgres
--

CREATE TABLE mabuntle.ai_usage_logs (
    "Id" uuid NOT NULL,
    "FeatureName" character varying(128) NOT NULL,
    "UserId" character varying(64) NOT NULL,
    "SellerId" uuid,
    "ModelUsed" character varying(128) NOT NULL,
    "InputTokenEstimate" integer,
    "OutputTokenEstimate" integer,
    "CostEstimate" numeric(18,6),
    "LatencyMs" integer NOT NULL,
    "Success" boolean NOT NULL,
    "ErrorMessage" character varying(2000),
    "CreatedAtUtc" timestamp with time zone NOT NULL
);


ALTER TABLE mabuntle.ai_usage_logs OWNER TO postgres;

--
-- TOC entry 238 (class 1259 OID 63521)
-- Name: audit_logs; Type: TABLE; Schema: mabuntle; Owner: postgres
--

CREATE TABLE mabuntle.audit_logs (
    "Id" uuid NOT NULL,
    "ActorUserId" character varying(64),
    "ActorRole" character varying(64),
    "ActionType" character varying(128) NOT NULL,
    "EntityType" character varying(128) NOT NULL,
    "EntityId" character varying(64),
    "PreviousValueJson" text,
    "NewValueJson" text,
    "Reason" character varying(1000),
    "IpAddress" character varying(64),
    "CreatedAtUtc" timestamp with time zone NOT NULL
);


ALTER TABLE mabuntle.audit_logs OWNER TO postgres;

--
-- TOC entry 292 (class 1259 OID 71561)
-- Name: buyer_delivery_addresses; Type: TABLE; Schema: mabuntle; Owner: postgres
--

CREATE TABLE mabuntle.buyer_delivery_addresses (
    "Id" uuid NOT NULL,
    "BuyerId" uuid NOT NULL,
    "Label" character varying(80) NOT NULL,
    "RecipientName" character varying(160) NOT NULL,
    "PhoneNumber" character varying(64) NOT NULL,
    "AddressLine1" character varying(240) NOT NULL,
    "AddressLine2" character varying(240),
    "Suburb" character varying(120),
    "City" character varying(120) NOT NULL,
    "Province" character varying(120) NOT NULL,
    "PostalCode" character varying(32) NOT NULL,
    "CountryCode" character varying(2) NOT NULL,
    "IsDefault" boolean NOT NULL,
    "CreatedAtUtc" timestamp with time zone NOT NULL,
    "UpdatedAtUtc" timestamp with time zone NOT NULL,
    "DeliveryInstructions" character varying(500),
    "VerificationProvider" character varying(80),
    "VerificationStatus" character varying(40) DEFAULT 'Unverified'::character varying NOT NULL,
    "VerificationWarningsJson" jsonb,
    "VerifiedAtUtc" timestamp with time zone
);


ALTER TABLE mabuntle.buyer_delivery_addresses OWNER TO postgres;

--
-- TOC entry 291 (class 1259 OID 71542)
-- Name: buyer_notification_preferences; Type: TABLE; Schema: mabuntle; Owner: postgres
--

CREATE TABLE mabuntle.buyer_notification_preferences (
    "Id" uuid NOT NULL,
    "BuyerId" uuid NOT NULL,
    "Category" character varying(40) NOT NULL,
    "IsEnabled" boolean NOT NULL,
    "CreatedAtUtc" timestamp with time zone NOT NULL,
    "UpdatedAtUtc" timestamp with time zone NOT NULL,
    "EmailEnabled" boolean DEFAULT true NOT NULL
);


ALTER TABLE mabuntle.buyer_notification_preferences OWNER TO postgres;

--
-- TOC entry 224 (class 1259 OID 63307)
-- Name: buyer_profiles; Type: TABLE; Schema: mabuntle; Owner: postgres
--

CREATE TABLE mabuntle.buyer_profiles (
    "Id" uuid NOT NULL,
    "UserId" uuid NOT NULL,
    "CreatedAtUtc" timestamp with time zone NOT NULL,
    "UpdatedAtUtc" timestamp with time zone NOT NULL,
    "DisplayName" character varying(160),
    "PhoneNumber" character varying(64)
);


ALTER TABLE mabuntle.buyer_profiles OWNER TO postgres;

--
-- TOC entry 285 (class 1259 OID 65144)
-- Name: buyer_wishlist_items; Type: TABLE; Schema: mabuntle; Owner: postgres
--

CREATE TABLE mabuntle.buyer_wishlist_items (
    "Id" uuid NOT NULL,
    "BuyerId" uuid NOT NULL,
    "ProductId" uuid NOT NULL,
    "CreatedAtUtc" timestamp with time zone NOT NULL
);


ALTER TABLE mabuntle.buyer_wishlist_items OWNER TO postgres;

--
-- TOC entry 252 (class 1259 OID 64156)
-- Name: cart_items; Type: TABLE; Schema: mabuntle; Owner: postgres
--

CREATE TABLE mabuntle.cart_items (
    "Id" uuid NOT NULL,
    "CartId" uuid NOT NULL,
    "ProductId" uuid NOT NULL,
    "ProductVariantId" uuid NOT NULL,
    "ProductTitle" character varying(200),
    "Sku" character varying(120) NOT NULL,
    "Size" character varying(64) NOT NULL,
    "Colour" character varying(64) NOT NULL,
    "UnitPrice" numeric(18,2) NOT NULL,
    "Quantity" integer NOT NULL,
    "CreatedAtUtc" timestamp with time zone NOT NULL,
    "UpdatedAtUtc" timestamp with time zone NOT NULL
);


ALTER TABLE mabuntle.cart_items OWNER TO postgres;

--
-- TOC entry 251 (class 1259 OID 64136)
-- Name: carts; Type: TABLE; Schema: mabuntle; Owner: postgres
--

CREATE TABLE mabuntle.carts (
    "Id" uuid NOT NULL,
    "BuyerId" uuid NOT NULL,
    "SellerId" uuid,
    "Status" character varying(64) NOT NULL,
    "CreatedAtUtc" timestamp with time zone NOT NULL,
    "UpdatedAtUtc" timestamp with time zone NOT NULL
);


ALTER TABLE mabuntle.carts OWNER TO postgres;

--
-- TOC entry 239 (class 1259 OID 63535)
-- Name: categories; Type: TABLE; Schema: mabuntle; Owner: postgres
--

CREATE TABLE mabuntle.categories (
    "Id" uuid NOT NULL,
    "ParentCategoryId" uuid,
    "Name" character varying(160) NOT NULL,
    "Slug" character varying(180) NOT NULL,
    "DisplayOrder" integer NOT NULL,
    "IsActive" boolean NOT NULL
);


ALTER TABLE mabuntle.categories OWNER TO postgres;

--
-- TOC entry 240 (class 1259 OID 63550)
-- Name: category_attributes; Type: TABLE; Schema: mabuntle; Owner: postgres
--

CREATE TABLE mabuntle.category_attributes (
    "Id" uuid NOT NULL,
    "CategoryId" uuid NOT NULL,
    "Name" character varying(160) NOT NULL,
    "Key" character varying(120) NOT NULL,
    "DataType" character varying(64) NOT NULL,
    "IsRequired" boolean NOT NULL,
    allowed_values_json jsonb NOT NULL,
    "DisplayOrder" integer NOT NULL,
    "IsActive" boolean NOT NULL
);


ALTER TABLE mabuntle.category_attributes OWNER TO postgres;

--
-- TOC entry 257 (class 1259 OID 64318)
-- Name: commission_rules; Type: TABLE; Schema: mabuntle; Owner: postgres
--

CREATE TABLE mabuntle.commission_rules (
    "Id" uuid NOT NULL,
    "Name" character varying(128) NOT NULL,
    "PlatformCommissionRatePercent" numeric(5,2) NOT NULL,
    "PaymentProviderFeeRatePercent" numeric(5,2) NOT NULL,
    "PaymentProviderFixedFee" numeric(18,2) NOT NULL,
    "Currency" character varying(3) NOT NULL,
    "IsActive" boolean NOT NULL,
    "CreatedAtUtc" timestamp with time zone NOT NULL
);


ALTER TABLE mabuntle.commission_rules OWNER TO postgres;

--
-- TOC entry 272 (class 1259 OID 64769)
-- Name: dispute_evidence; Type: TABLE; Schema: mabuntle; Owner: postgres
--

CREATE TABLE mabuntle.dispute_evidence (
    "Id" uuid NOT NULL,
    "DisputeId" uuid NOT NULL,
    "SubmittedByUserId" uuid NOT NULL,
    "SubmittedByRole" character varying(64) NOT NULL,
    "EvidenceType" character varying(80) NOT NULL,
    "StorageReference" character varying(500) NOT NULL,
    "Description" character varying(1000),
    "CreatedAtUtc" timestamp with time zone NOT NULL
);


ALTER TABLE mabuntle.dispute_evidence OWNER TO postgres;

--
-- TOC entry 273 (class 1259 OID 64788)
-- Name: dispute_messages; Type: TABLE; Schema: mabuntle; Owner: postgres
--

CREATE TABLE mabuntle.dispute_messages (
    "Id" uuid NOT NULL,
    "DisputeId" uuid NOT NULL,
    "SenderUserId" uuid NOT NULL,
    "SenderRole" character varying(64) NOT NULL,
    "Message" character varying(2000) NOT NULL,
    "CreatedAtUtc" timestamp with time zone NOT NULL
);


ALTER TABLE mabuntle.dispute_messages OWNER TO postgres;

--
-- TOC entry 271 (class 1259 OID 64732)
-- Name: disputes; Type: TABLE; Schema: mabuntle; Owner: postgres
--

CREATE TABLE mabuntle.disputes (
    "Id" uuid NOT NULL,
    "OrderId" uuid NOT NULL,
    "ReturnRequestId" uuid,
    "BuyerId" uuid NOT NULL,
    "SellerId" uuid NOT NULL,
    "Status" character varying(80) NOT NULL,
    "OpenedByUserId" uuid NOT NULL,
    "Reason" character varying(2000) NOT NULL,
    "OpenedAtUtc" timestamp with time zone NOT NULL,
    "ResolvedByUserId" uuid,
    "ResolutionReason" character varying(2000),
    "ResolvedAtUtc" timestamp with time zone,
    "CreatedAtUtc" timestamp with time zone NOT NULL,
    "UpdatedAtUtc" timestamp with time zone NOT NULL
);


ALTER TABLE mabuntle.disputes OWNER TO postgres;

--
-- TOC entry 301 (class 1259 OID 71831)
-- Name: inventory_movements; Type: TABLE; Schema: mabuntle; Owner: postgres
--

CREATE TABLE mabuntle.inventory_movements (
    "Id" uuid NOT NULL,
    "SellerId" uuid NOT NULL,
    "ProductId" uuid NOT NULL,
    "ProductVariantId" uuid NOT NULL,
    "MovementType" character varying(64) NOT NULL,
    "StockQuantityBefore" integer NOT NULL,
    "StockQuantityAfter" integer NOT NULL,
    "ReservedQuantityBefore" integer NOT NULL,
    "ReservedQuantityAfter" integer NOT NULL,
    "QuantityDelta" integer NOT NULL,
    "StatusBefore" character varying(64) NOT NULL,
    "StatusAfter" character varying(64) NOT NULL,
    "Source" character varying(80) NOT NULL,
    "Reason" character varying(1000) NOT NULL,
    "ActorUserId" uuid,
    "BatchReference" character varying(120),
    "OccurredAtUtc" timestamp with time zone NOT NULL,
    "CartId" uuid,
    "OrderId" uuid,
    "PaymentId" uuid,
    "RefundId" uuid,
    "ReservationId" uuid,
    "ReturnRequestId" uuid
);


ALTER TABLE mabuntle.inventory_movements OWNER TO postgres;

--
-- TOC entry 253 (class 1259 OID 64193)
-- Name: inventory_reservations; Type: TABLE; Schema: mabuntle; Owner: postgres
--

CREATE TABLE mabuntle.inventory_reservations (
    "Id" uuid NOT NULL,
    "ProductVariantId" uuid NOT NULL,
    "BuyerId" uuid NOT NULL,
    "CartId" uuid NOT NULL,
    "Quantity" integer NOT NULL,
    "ExpiresAtUtc" timestamp with time zone NOT NULL,
    "Status" character varying(64) NOT NULL,
    "CreatedAtUtc" timestamp with time zone NOT NULL,
    "ConfirmedAtUtc" timestamp with time zone,
    "ExpiredAtUtc" timestamp with time zone,
    "CancelledAtUtc" timestamp with time zone
);


ALTER TABLE mabuntle.inventory_reservations OWNER TO postgres;

--
-- TOC entry 260 (class 1259 OID 64373)
-- Name: ledger_entries; Type: TABLE; Schema: mabuntle; Owner: postgres
--

CREATE TABLE mabuntle.ledger_entries (
    "Id" uuid NOT NULL,
    "OrderId" uuid,
    "OrderItemId" uuid,
    "SellerId" uuid,
    "BuyerId" uuid,
    "PaymentId" uuid,
    "Type" character varying(64) NOT NULL,
    "Amount" numeric(18,2) NOT NULL,
    "Currency" character varying(3) NOT NULL,
    "Direction" character varying(16) NOT NULL,
    "Description" character varying(500) NOT NULL,
    "CreatedAtUtc" timestamp with time zone NOT NULL
);


ALTER TABLE mabuntle.ledger_entries OWNER TO postgres;

--
-- TOC entry 294 (class 1259 OID 71626)
-- Name: media_asset_variants; Type: TABLE; Schema: mabuntle; Owner: postgres
--

CREATE TABLE mabuntle.media_asset_variants (
    "Id" uuid NOT NULL,
    "MediaAssetId" uuid NOT NULL,
    "Kind" character varying(32) NOT NULL,
    "StorageKey" character varying(700) NOT NULL,
    "PublicUrl" character varying(2048) NOT NULL,
    "ContentType" character varying(100) NOT NULL,
    "ByteSize" bigint NOT NULL,
    "Width" integer NOT NULL,
    "Height" integer NOT NULL,
    "CreatedAtUtc" timestamp with time zone NOT NULL
);


ALTER TABLE mabuntle.media_asset_variants OWNER TO postgres;

--
-- TOC entry 293 (class 1259 OID 71588)
-- Name: media_assets; Type: TABLE; Schema: mabuntle; Owner: postgres
--

CREATE TABLE mabuntle.media_assets (
    "Id" uuid NOT NULL,
    "SellerId" uuid NOT NULL,
    "ProductId" uuid NOT NULL,
    "ProductListingRevisionId" uuid,
    "Provider" character varying(64) NOT NULL,
    "Bucket" character varying(255) NOT NULL,
    "StorageKey" character varying(700) NOT NULL,
    "PublicUrl" character varying(2048) NOT NULL,
    "OriginalFileName" character varying(255) NOT NULL,
    "ContentType" character varying(100) NOT NULL,
    "ByteSize" bigint NOT NULL,
    "Sha256Hash" character varying(128) NOT NULL,
    "Width" integer NOT NULL,
    "Height" integer NOT NULL,
    "ScanStatus" character varying(32) NOT NULL,
    "LifecycleStatus" character varying(32) NOT NULL,
    "CreatedAtUtc" timestamp with time zone NOT NULL,
    "ScannedAtUtc" timestamp with time zone,
    "DeleteRequestedAtUtc" timestamp with time zone,
    "DeletedAtUtc" timestamp with time zone,
    "LastError" character varying(500)
);


ALTER TABLE mabuntle.media_assets OWNER TO postgres;

--
-- TOC entry 296 (class 1259 OID 71699)
-- Name: notification_email_deliveries; Type: TABLE; Schema: mabuntle; Owner: postgres
--

CREATE TABLE mabuntle.notification_email_deliveries (
    "Id" uuid NOT NULL,
    "NotificationId" uuid NOT NULL,
    "RecipientEmail" character varying(320) NOT NULL,
    "Subject" character varying(200) NOT NULL,
    "Body" character varying(4000) NOT NULL,
    "Status" character varying(40) NOT NULL,
    "AttemptCount" integer NOT NULL,
    "NextAttemptAtUtc" timestamp with time zone,
    "SentAtUtc" timestamp with time zone,
    "FailureReason" character varying(1000),
    "CreatedAtUtc" timestamp with time zone NOT NULL,
    "UpdatedAtUtc" timestamp with time zone NOT NULL
);


ALTER TABLE mabuntle.notification_email_deliveries OWNER TO postgres;

--
-- TOC entry 286 (class 1259 OID 65163)
-- Name: notifications; Type: TABLE; Schema: mabuntle; Owner: postgres
--

CREATE TABLE mabuntle.notifications (
    "Id" uuid NOT NULL,
    "RecipientUserId" uuid NOT NULL,
    "Type" character varying(120) NOT NULL,
    "Title" character varying(200) NOT NULL,
    "Message" character varying(1000) NOT NULL,
    "RelatedEntityType" character varying(120),
    "RelatedEntityId" uuid,
    "ReadAtUtc" timestamp with time zone,
    "CreatedAtUtc" timestamp with time zone NOT NULL,
    "IsInAppVisible" boolean DEFAULT true NOT NULL
);


ALTER TABLE mabuntle.notifications OWNER TO postgres;

--
-- TOC entry 255 (class 1259 OID 64257)
-- Name: order_items; Type: TABLE; Schema: mabuntle; Owner: postgres
--

CREATE TABLE mabuntle.order_items (
    "Id" uuid NOT NULL,
    "OrderId" uuid NOT NULL,
    "ProductId" uuid NOT NULL,
    "ProductVariantId" uuid NOT NULL,
    "ProductTitle" character varying(200),
    "Sku" character varying(120) NOT NULL,
    "Size" character varying(64) NOT NULL,
    "Colour" character varying(64) NOT NULL,
    "UnitPrice" numeric(18,2) NOT NULL,
    "Quantity" integer NOT NULL
);


ALTER TABLE mabuntle.order_items OWNER TO postgres;

--
-- TOC entry 256 (class 1259 OID 64286)
-- Name: order_status_history; Type: TABLE; Schema: mabuntle; Owner: postgres
--

CREATE TABLE mabuntle.order_status_history (
    "Id" uuid NOT NULL,
    "OrderId" uuid NOT NULL,
    "PreviousStatus" character varying(64),
    "NewStatus" character varying(64) NOT NULL,
    "ChangedAtUtc" timestamp with time zone NOT NULL,
    "Reason" character varying(1000)
);


ALTER TABLE mabuntle.order_status_history OWNER TO postgres;

--
-- TOC entry 254 (class 1259 OID 64227)
-- Name: orders; Type: TABLE; Schema: mabuntle; Owner: postgres
--

CREATE TABLE mabuntle.orders (
    "Id" uuid NOT NULL,
    "BuyerId" uuid NOT NULL,
    "SellerId" uuid NOT NULL,
    "CartId" uuid NOT NULL,
    "Status" character varying(64) NOT NULL,
    "ShippingAmount" numeric(18,2) NOT NULL,
    "PlatformFeeAmount" numeric(18,2) NOT NULL,
    "DiscountAmount" numeric(18,2) NOT NULL,
    "CreatedAtUtc" timestamp with time zone NOT NULL,
    "UpdatedAtUtc" timestamp with time zone NOT NULL,
    "DeliveryAddressLine1" character varying(240),
    "DeliveryAddressLine2" character varying(240),
    "DeliveryCity" character varying(120),
    "DeliveryCountryCode" character varying(2),
    "DeliveryPhoneNumber" character varying(64),
    "DeliveryPostalCode" character varying(32),
    "DeliveryProvince" character varying(120),
    "DeliveryRecipientName" character varying(160),
    "DeliverySuburb" character varying(120),
    "DeliveryInstructions" character varying(500),
    "DeliveryEstimatedMaxDays" integer,
    "DeliveryEstimatedMinDays" integer,
    "DeliveryMethodId" uuid,
    "DeliveryMethodName" character varying(120),
    "DeliveryMethodType" character varying(40),
    "DeliveryVerificationProvider" character varying(80),
    "DeliveryVerificationStatus" character varying(40) DEFAULT 'Unverified'::character varying NOT NULL,
    "DeliveryVerificationWarningsJson" jsonb,
    "DeliveryVerifiedAtUtc" timestamp with time zone,
    "PickupPointAddressLine1" character varying(240),
    "PickupPointAddressLine2" character varying(240),
    "PickupPointCity" character varying(120),
    "PickupPointCode" character varying(80),
    "PickupPointCountryCode" character varying(2),
    "PickupPointId" uuid,
    "PickupPointLatitude" numeric(9,6),
    "PickupPointLongitude" numeric(9,6),
    "PickupPointName" character varying(160),
    "PickupPointOpeningHours" character varying(500),
    "PickupPointPostalCode" character varying(32),
    "PickupPointProviderName" character varying(80),
    "PickupPointProvince" character varying(120),
    "PickupPointSuburb" character varying(120),
    "SellerPolicyCareInstructions" character varying(1000),
    "SellerPolicyExchangePolicy" character varying(2000),
    "SellerPolicyFulfilmentPolicy" character varying(1000),
    "SellerPolicyProductDisclaimer" character varying(1000),
    "SellerPolicyReturnPolicy" character varying(2000),
    "SellerPolicyReturnWindowDays" integer,
    "SellerPolicySnapshotAtUtc" timestamp with time zone,
    "SellerPolicySupportPolicy" character varying(1000)
);


ALTER TABLE mabuntle.orders OWNER TO postgres;

--
-- TOC entry 261 (class 1259 OID 64412)
-- Name: payment_events; Type: TABLE; Schema: mabuntle; Owner: postgres
--

CREATE TABLE mabuntle.payment_events (
    "Id" uuid NOT NULL,
    "PaymentId" uuid,
    "Provider" character varying(64) NOT NULL,
    "ProviderEventId" character varying(256) NOT NULL,
    "EventType" character varying(128) NOT NULL,
    raw_payload_json jsonb NOT NULL,
    "ReceivedAtUtc" timestamp with time zone NOT NULL,
    "ProcessedAtUtc" timestamp with time zone,
    "ProcessingStatus" character varying(64) NOT NULL,
    "ErrorMessage" character varying(2000),
    raw_payload_redacted_at_utc timestamp with time zone
);


ALTER TABLE mabuntle.payment_events OWNER TO postgres;

--
-- TOC entry 288 (class 1259 OID 71468)
-- Name: payment_reconciliation_reviews; Type: TABLE; Schema: mabuntle; Owner: postgres
--

CREATE TABLE mabuntle.payment_reconciliation_reviews (
    "Id" uuid NOT NULL,
    "PaymentId" uuid NOT NULL,
    "Provider" character varying(64) NOT NULL,
    "ProviderReference" character varying(256),
    "ObservedProviderStatus" character varying(128) NOT NULL,
    "ObservedAmount" numeric(18,2),
    "ObservedCurrency" character varying(3),
    "Outcome" character varying(64) NOT NULL,
    "Reason" character varying(1000) NOT NULL,
    "ReviewedByUserId" uuid NOT NULL,
    "ReviewedAtUtc" timestamp with time zone NOT NULL,
    "NextReviewAfterUtc" timestamp with time zone
);


ALTER TABLE mabuntle.payment_reconciliation_reviews OWNER TO postgres;

--
-- TOC entry 258 (class 1259 OID 64331)
-- Name: payments; Type: TABLE; Schema: mabuntle; Owner: postgres
--

CREATE TABLE mabuntle.payments (
    "Id" uuid NOT NULL,
    "OrderId" uuid NOT NULL,
    "BuyerId" uuid NOT NULL,
    "Provider" character varying(64) NOT NULL,
    "ProviderReference" character varying(256),
    "Amount" numeric(18,2) NOT NULL,
    "Currency" character varying(3) NOT NULL,
    "Status" character varying(64) NOT NULL,
    "PaidAtUtc" timestamp with time zone,
    "FailedAtUtc" timestamp with time zone,
    "CreatedAtUtc" timestamp with time zone NOT NULL,
    "UpdatedAtUtc" timestamp with time zone NOT NULL,
    checkout_url character varying(1000)
);


ALTER TABLE mabuntle.payments OWNER TO postgres;

--
-- TOC entry 298 (class 1259 OID 71752)
-- Name: pickup_points; Type: TABLE; Schema: mabuntle; Owner: postgres
--

CREATE TABLE mabuntle.pickup_points (
    "Id" uuid NOT NULL,
    "ProviderName" character varying(80) NOT NULL,
    "Code" character varying(80) NOT NULL,
    "Name" character varying(160) NOT NULL,
    "AddressLine1" character varying(240) NOT NULL,
    "AddressLine2" character varying(240),
    "Suburb" character varying(120),
    "City" character varying(120) NOT NULL,
    "Province" character varying(120) NOT NULL,
    "PostalCode" character varying(32) NOT NULL,
    "CountryCode" character varying(2) NOT NULL,
    "Latitude" numeric(9,6),
    "Longitude" numeric(9,6),
    "OpeningHours" character varying(500),
    "IsActive" boolean NOT NULL,
    "CreatedAtUtc" timestamp with time zone NOT NULL,
    "UpdatedAtUtc" timestamp with time zone NOT NULL
);


ALTER TABLE mabuntle.pickup_points OWNER TO postgres;

--
-- TOC entry 242 (class 1259 OID 63600)
-- Name: product_attribute_values; Type: TABLE; Schema: mabuntle; Owner: postgres
--

CREATE TABLE mabuntle.product_attribute_values (
    "Id" uuid NOT NULL,
    "ProductId" uuid NOT NULL,
    "Key" character varying(120) NOT NULL,
    value_json jsonb NOT NULL
);


ALTER TABLE mabuntle.product_attribute_values OWNER TO postgres;

--
-- TOC entry 250 (class 1259 OID 64114)
-- Name: product_embeddings; Type: TABLE; Schema: mabuntle; Owner: postgres
--

CREATE TABLE mabuntle.product_embeddings (
    "Id" uuid NOT NULL,
    "ProductId" uuid NOT NULL,
    "SourceText" character varying(12000) NOT NULL,
    "Embedding" public.vector(1536) NOT NULL,
    "ModelUsed" character varying(128) NOT NULL,
    "CreatedAtUtc" timestamp with time zone NOT NULL
);


ALTER TABLE mabuntle.product_embeddings OWNER TO postgres;

--
-- TOC entry 243 (class 1259 OID 63616)
-- Name: product_images; Type: TABLE; Schema: mabuntle; Owner: postgres
--

CREATE TABLE mabuntle.product_images (
    "Id" uuid NOT NULL,
    "ProductId" uuid NOT NULL,
    "Url" character varying(2048) NOT NULL,
    "StorageKey" character varying(512) NOT NULL,
    "AltText" character varying(300),
    "SortOrder" integer NOT NULL,
    "IsPrimary" boolean NOT NULL,
    "CreatedAtUtc" timestamp with time zone NOT NULL,
    "MediaAssetId" uuid
);


ALTER TABLE mabuntle.product_images OWNER TO postgres;

--
-- TOC entry 290 (class 1259 OID 71517)
-- Name: product_listing_revision_images; Type: TABLE; Schema: mabuntle; Owner: postgres
--

CREATE TABLE mabuntle.product_listing_revision_images (
    "Id" uuid NOT NULL,
    "RevisionId" uuid NOT NULL,
    "SourceProductImageId" uuid,
    "Url" character varying(2048) NOT NULL,
    "StorageKey" character varying(512) NOT NULL,
    "AltText" character varying(300),
    "SortOrder" integer NOT NULL,
    "IsPrimary" boolean NOT NULL,
    "CreatedAtUtc" timestamp with time zone NOT NULL,
    "MediaAssetId" uuid
);


ALTER TABLE mabuntle.product_listing_revision_images OWNER TO postgres;

--
-- TOC entry 289 (class 1259 OID 71492)
-- Name: product_listing_revisions; Type: TABLE; Schema: mabuntle; Owner: postgres
--

CREATE TABLE mabuntle.product_listing_revisions (
    "Id" uuid NOT NULL,
    "ProductId" uuid NOT NULL,
    "SellerId" uuid NOT NULL,
    "CategoryId" uuid,
    "BrandId" uuid,
    "Title" character varying(200),
    "Slug" character varying(220),
    "ShortDescription" character varying(500),
    "FullDescription" character varying(5000),
    tags_json jsonb NOT NULL,
    attributes_json jsonb NOT NULL,
    "Status" character varying(64) NOT NULL,
    "RejectionReason" character varying(1000),
    "ReviewedByUserId" uuid,
    "SubmittedAtUtc" timestamp with time zone,
    "ReviewedAtUtc" timestamp with time zone,
    "CreatedAtUtc" timestamp with time zone NOT NULL,
    "UpdatedAtUtc" timestamp with time zone NOT NULL,
    "CareInstructions" character varying(1000),
    "MerchandisingLabel" character varying(60),
    "ProductDisclaimer" character varying(1000),
    "SeoDescription" character varying(170),
    "SeoTitle" character varying(70)
);


ALTER TABLE mabuntle.product_listing_revisions OWNER TO postgres;

--
-- TOC entry 287 (class 1259 OID 65181)
-- Name: product_reviews; Type: TABLE; Schema: mabuntle; Owner: postgres
--

CREATE TABLE mabuntle.product_reviews (
    "Id" uuid NOT NULL,
    "BuyerId" uuid NOT NULL,
    "SellerId" uuid NOT NULL,
    "ProductId" uuid NOT NULL,
    "OrderId" uuid NOT NULL,
    "OrderItemId" uuid NOT NULL,
    "Rating" integer NOT NULL,
    "Title" character varying(160),
    "Body" character varying(2000),
    "Status" character varying(64) NOT NULL,
    "CreatedAtUtc" timestamp with time zone NOT NULL,
    "UpdatedAtUtc" timestamp with time zone NOT NULL,
    "ModeratedAtUtc" timestamp with time zone,
    "ModeratedByUserId" uuid,
    "ModerationReason" character varying(1000)
);


ALTER TABLE mabuntle.product_reviews OWNER TO postgres;

--
-- TOC entry 300 (class 1259 OID 71797)
-- Name: product_variant_revision_items; Type: TABLE; Schema: mabuntle; Owner: postgres
--

CREATE TABLE mabuntle.product_variant_revision_items (
    "Id" uuid NOT NULL,
    "RevisionId" uuid NOT NULL,
    "Operation" character varying(64) NOT NULL,
    "SourceVariantId" uuid,
    "Sku" character varying(120) NOT NULL,
    "Size" character varying(64) NOT NULL,
    "Colour" character varying(64) NOT NULL,
    "Price" numeric(18,2) NOT NULL,
    "CompareAtPrice" numeric(18,2),
    "InitialStockQuantity" integer,
    "ProposedStatus" character varying(64) NOT NULL,
    "Barcode" character varying(120)
);


ALTER TABLE mabuntle.product_variant_revision_items OWNER TO postgres;

--
-- TOC entry 299 (class 1259 OID 71774)
-- Name: product_variant_revisions; Type: TABLE; Schema: mabuntle; Owner: postgres
--

CREATE TABLE mabuntle.product_variant_revisions (
    "Id" uuid NOT NULL,
    "ProductId" uuid NOT NULL,
    "SellerId" uuid NOT NULL,
    "Status" character varying(64) NOT NULL,
    "SellerReason" character varying(1000),
    "RejectionReason" character varying(1000),
    "ReviewedByUserId" uuid,
    "SubmittedAtUtc" timestamp with time zone,
    "ReviewedAtUtc" timestamp with time zone,
    "CreatedAtUtc" timestamp with time zone NOT NULL,
    "UpdatedAtUtc" timestamp with time zone NOT NULL
);


ALTER TABLE mabuntle.product_variant_revisions OWNER TO postgres;

--
-- TOC entry 244 (class 1259 OID 63635)
-- Name: product_variants; Type: TABLE; Schema: mabuntle; Owner: postgres
--

CREATE TABLE mabuntle.product_variants (
    "Id" uuid NOT NULL,
    "ProductId" uuid NOT NULL,
    "Sku" character varying(120) NOT NULL,
    "Size" character varying(64) NOT NULL,
    "Colour" character varying(64) NOT NULL,
    "Price" numeric(18,2) NOT NULL,
    "CompareAtPrice" numeric(18,2),
    "StockQuantity" integer NOT NULL,
    "ReservedQuantity" integer NOT NULL,
    "Status" character varying(64) NOT NULL,
    "Barcode" character varying(120),
    "CreatedAtUtc" timestamp with time zone NOT NULL,
    "UpdatedAtUtc" timestamp with time zone NOT NULL,
    CONSTRAINT "CK_product_variants_reserved_quantity_non_negative" CHECK (("ReservedQuantity" >= 0)),
    CONSTRAINT "CK_product_variants_reserved_quantity_not_above_stock" CHECK (("ReservedQuantity" <= "StockQuantity"))
);


ALTER TABLE mabuntle.product_variants OWNER TO postgres;

--
-- TOC entry 241 (class 1259 OID 63575)
-- Name: products; Type: TABLE; Schema: mabuntle; Owner: postgres
--

CREATE TABLE mabuntle.products (
    "Id" uuid NOT NULL,
    "SellerId" uuid NOT NULL,
    "CategoryId" uuid,
    "BrandId" uuid,
    "Title" character varying(200),
    "Slug" character varying(220),
    "ShortDescription" character varying(500),
    "FullDescription" character varying(5000),
    "Status" character varying(64) NOT NULL,
    "RejectionReason" character varying(1000),
    "PublishedAtUtc" timestamp with time zone,
    "CreatedAtUtc" timestamp with time zone NOT NULL,
    "UpdatedAtUtc" timestamp with time zone NOT NULL,
    tags_json jsonb DEFAULT '[]'::jsonb NOT NULL,
    "CareInstructions" character varying(1000),
    "MerchandisingLabel" character varying(60),
    "ProductDisclaimer" character varying(1000),
    "SeoDescription" character varying(170),
    "SeoTitle" character varying(70)
);


ALTER TABLE mabuntle.products OWNER TO postgres;

--
-- TOC entry 233 (class 1259 OID 63403)
-- Name: refresh_tokens; Type: TABLE; Schema: mabuntle; Owner: postgres
--

CREATE TABLE mabuntle.refresh_tokens (
    "Id" uuid NOT NULL,
    "UserId" uuid NOT NULL,
    "TokenHash" character varying(128) NOT NULL,
    "ExpiresAtUtc" timestamp with time zone NOT NULL,
    "CreatedAtUtc" timestamp with time zone NOT NULL,
    "RevokedAtUtc" timestamp with time zone,
    "ReplacedByTokenHash" character varying(128),
    family_id uuid NOT NULL,
    revoked_reason character varying(120)
);


ALTER TABLE mabuntle.refresh_tokens OWNER TO postgres;

--
-- TOC entry 270 (class 1259 OID 64702)
-- Name: refund_events; Type: TABLE; Schema: mabuntle; Owner: postgres
--

CREATE TABLE mabuntle.refund_events (
    "Id" uuid NOT NULL,
    "RefundId" uuid NOT NULL,
    "Status" character varying(64) NOT NULL,
    "EventType" character varying(120) NOT NULL,
    "Message" character varying(2000) NOT NULL,
    "CreatedAtUtc" timestamp with time zone NOT NULL
);


ALTER TABLE mabuntle.refund_events OWNER TO postgres;

--
-- TOC entry 269 (class 1259 OID 64658)
-- Name: refunds; Type: TABLE; Schema: mabuntle; Owner: postgres
--

CREATE TABLE mabuntle.refunds (
    "Id" uuid NOT NULL,
    "OrderId" uuid NOT NULL,
    "PaymentId" uuid NOT NULL,
    "BuyerId" uuid NOT NULL,
    "SellerId" uuid NOT NULL,
    "ReturnRequestId" uuid,
    "Amount" numeric(18,2) NOT NULL,
    "Currency" character varying(3) NOT NULL,
    "Status" character varying(64) NOT NULL,
    "Reason" character varying(2000) NOT NULL,
    "ApprovedByUserId" uuid,
    "ApprovalReason" character varying(2000),
    "ProviderRefundReference" character varying(256),
    "FailureReason" character varying(2000),
    "RequestedAtUtc" timestamp with time zone NOT NULL,
    "ApprovedAtUtc" timestamp with time zone,
    "RefundedAtUtc" timestamp with time zone,
    "CreatedAtUtc" timestamp with time zone NOT NULL,
    "UpdatedAtUtc" timestamp with time zone NOT NULL,
    "ConcurrencyVersion" integer DEFAULT 0 NOT NULL,
    "RequestedByRole" character varying(64) DEFAULT ''::character varying NOT NULL,
    "RequestedByUserId" uuid DEFAULT '00000000-0000-0000-0000-000000000000'::uuid NOT NULL
);


ALTER TABLE mabuntle.refunds OWNER TO postgres;

--
-- TOC entry 267 (class 1259 OID 64592)
-- Name: return_items; Type: TABLE; Schema: mabuntle; Owner: postgres
--

CREATE TABLE mabuntle.return_items (
    "Id" uuid NOT NULL,
    "ReturnRequestId" uuid NOT NULL,
    "OrderItemId" uuid NOT NULL,
    "ProductId" uuid NOT NULL,
    "ProductVariantId" uuid NOT NULL,
    "Quantity" integer NOT NULL,
    "Reason" character varying(80) NOT NULL,
    "IsOpenedOrUnsealed" boolean NOT NULL,
    "Note" character varying(1000)
);


ALTER TABLE mabuntle.return_items OWNER TO postgres;

--
-- TOC entry 268 (class 1259 OID 64627)
-- Name: return_messages; Type: TABLE; Schema: mabuntle; Owner: postgres
--

CREATE TABLE mabuntle.return_messages (
    "Id" uuid NOT NULL,
    "ReturnRequestId" uuid NOT NULL,
    "SenderUserId" uuid NOT NULL,
    "SenderRole" character varying(64) NOT NULL,
    "Message" character varying(2000) NOT NULL,
    "CreatedAtUtc" timestamp with time zone NOT NULL
);


ALTER TABLE mabuntle.return_messages OWNER TO postgres;

--
-- TOC entry 266 (class 1259 OID 64561)
-- Name: return_requests; Type: TABLE; Schema: mabuntle; Owner: postgres
--

CREATE TABLE mabuntle.return_requests (
    "Id" uuid NOT NULL,
    "OrderId" uuid NOT NULL,
    "BuyerId" uuid NOT NULL,
    "SellerId" uuid NOT NULL,
    "Status" character varying(64) NOT NULL,
    "Reason" character varying(80) NOT NULL,
    "Details" character varying(2000),
    "RequestedAtUtc" timestamp with time zone NOT NULL,
    "SellerRespondedAtUtc" timestamp with time zone,
    "SellerRespondedByUserId" uuid,
    "SellerResponseReason" character varying(2000),
    "DisputedAtUtc" timestamp with time zone,
    "DisputedByUserId" uuid,
    "DisputeReason" character varying(2000),
    "CreatedAtUtc" timestamp with time zone NOT NULL,
    "UpdatedAtUtc" timestamp with time zone NOT NULL
);


ALTER TABLE mabuntle.return_requests OWNER TO postgres;

--
-- TOC entry 305 (class 1259 OID 71942)
-- Name: return_restock_decisions; Type: TABLE; Schema: mabuntle; Owner: postgres
--

CREATE TABLE mabuntle.return_restock_decisions (
    "Id" uuid NOT NULL,
    "SellerId" uuid NOT NULL,
    "ReturnRequestId" uuid NOT NULL,
    "ReturnItemId" uuid NOT NULL,
    "ProductId" uuid NOT NULL,
    "ProductVariantId" uuid NOT NULL,
    "QuantityRestocked" integer NOT NULL,
    "Condition" character varying(64) NOT NULL,
    "Reason" character varying(1000) NOT NULL,
    "ActorUserId" uuid NOT NULL,
    "CreatedAtUtc" timestamp with time zone NOT NULL
);


ALTER TABLE mabuntle.return_restock_decisions OWNER TO postgres;

--
-- TOC entry 277 (class 1259 OID 64920)
-- Name: seller_ad_credits; Type: TABLE; Schema: mabuntle; Owner: postgres
--

CREATE TABLE mabuntle.seller_ad_credits (
    "Id" uuid NOT NULL,
    "SellerId" uuid NOT NULL,
    "Currency" character varying(3) NOT NULL,
    "Balance" numeric(18,2) NOT NULL,
    "CreatedAtUtc" timestamp with time zone NOT NULL,
    "UpdatedAtUtc" timestamp with time zone NOT NULL
);


ALTER TABLE mabuntle.seller_ad_credits OWNER TO postgres;

--
-- TOC entry 234 (class 1259 OID 63441)
-- Name: seller_addresses; Type: TABLE; Schema: mabuntle; Owner: postgres
--

CREATE TABLE mabuntle.seller_addresses (
    "Id" uuid NOT NULL,
    "SellerId" uuid NOT NULL,
    "AddressLine1" character varying(240) NOT NULL,
    "AddressLine2" character varying(240),
    "City" character varying(120) NOT NULL,
    "Province" character varying(120) NOT NULL,
    "PostalCode" character varying(32) NOT NULL,
    "CountryCode" character varying(2) NOT NULL,
    "CreatedAtUtc" timestamp with time zone NOT NULL,
    "UpdatedAtUtc" timestamp with time zone NOT NULL
);


ALTER TABLE mabuntle.seller_addresses OWNER TO postgres;

--
-- TOC entry 259 (class 1259 OID 64355)
-- Name: seller_balances; Type: TABLE; Schema: mabuntle; Owner: postgres
--

CREATE TABLE mabuntle.seller_balances (
    "Id" uuid NOT NULL,
    "SellerId" uuid NOT NULL,
    "Currency" character varying(3) NOT NULL,
    "PendingBalance" numeric(18,2) NOT NULL,
    "AvailableBalance" numeric(18,2) NOT NULL,
    "HeldBalance" numeric(18,2) NOT NULL,
    "CreatedAtUtc" timestamp with time zone NOT NULL,
    "UpdatedAtUtc" timestamp with time zone NOT NULL
);


ALTER TABLE mabuntle.seller_balances OWNER TO postgres;

--
-- TOC entry 295 (class 1259 OID 71668)
-- Name: seller_delivery_methods; Type: TABLE; Schema: mabuntle; Owner: postgres
--

CREATE TABLE mabuntle.seller_delivery_methods (
    "Id" uuid NOT NULL,
    "SellerId" uuid NOT NULL,
    "Name" character varying(120) NOT NULL,
    "Description" character varying(500),
    "MethodType" character varying(40) NOT NULL,
    "CountryCode" character varying(2) NOT NULL,
    "Province" character varying(120),
    "BasePrice" numeric(18,2) NOT NULL,
    "FreeShippingThreshold" numeric(18,2),
    "EstimatedMinDays" integer NOT NULL,
    "EstimatedMaxDays" integer NOT NULL,
    "DisplayOrder" integer NOT NULL,
    "IsActive" boolean NOT NULL,
    "CreatedAtUtc" timestamp with time zone NOT NULL,
    "UpdatedAtUtc" timestamp with time zone NOT NULL
);


ALTER TABLE mabuntle.seller_delivery_methods OWNER TO postgres;

--
-- TOC entry 308 (class 1259 OID 72039)
-- Name: seller_funnel_events; Type: TABLE; Schema: mabuntle; Owner: postgres
--

CREATE TABLE mabuntle.seller_funnel_events (
    "Id" uuid NOT NULL,
    "SellerId" uuid NOT NULL,
    "ProductId" uuid,
    "CartId" uuid,
    "OrderId" uuid,
    "BuyerId" uuid,
    "HashedAnonymousVisitorId" character varying(64),
    "EventType" character varying(40) NOT NULL,
    "SourceRoute" character varying(300),
    "IdempotencyKey" character varying(200),
    "OccurredAtUtc" timestamp with time zone NOT NULL,
    "ReferrerHost" character varying(150),
    "SourceCategory" character varying(40),
    "UtmCampaign" character varying(150),
    "UtmMedium" character varying(100),
    "UtmSource" character varying(100)
);


ALTER TABLE mabuntle.seller_funnel_events OWNER TO postgres;

--
-- TOC entry 302 (class 1259 OID 71873)
-- Name: seller_notification_preferences; Type: TABLE; Schema: mabuntle; Owner: postgres
--

CREATE TABLE mabuntle.seller_notification_preferences (
    "Id" uuid NOT NULL,
    "SellerId" uuid NOT NULL,
    "Category" character varying(40) NOT NULL,
    "IsEnabled" boolean NOT NULL,
    "EmailEnabled" boolean NOT NULL,
    "CreatedAtUtc" timestamp with time zone NOT NULL,
    "UpdatedAtUtc" timestamp with time zone NOT NULL
);


ALTER TABLE mabuntle.seller_notification_preferences OWNER TO postgres;

--
-- TOC entry 284 (class 1259 OID 65104)
-- Name: seller_payout_adjustments; Type: TABLE; Schema: mabuntle; Owner: postgres
--

CREATE TABLE mabuntle.seller_payout_adjustments (
    "Id" uuid NOT NULL,
    "SellerPayoutId" uuid NOT NULL,
    "SellerPayoutItemId" uuid,
    "RefundId" uuid NOT NULL,
    "RefundLedgerEntryId" uuid NOT NULL,
    "Amount" numeric(18,2) NOT NULL,
    "Currency" character varying(3) NOT NULL,
    "AdjustmentType" character varying(64) NOT NULL,
    "Note" character varying(1000),
    "CreatedAtUtc" timestamp with time zone NOT NULL
);


ALTER TABLE mabuntle.seller_payout_adjustments OWNER TO postgres;

--
-- TOC entry 263 (class 1259 OID 64467)
-- Name: seller_payout_items; Type: TABLE; Schema: mabuntle; Owner: postgres
--

CREATE TABLE mabuntle.seller_payout_items (
    "Id" uuid NOT NULL,
    "SellerPayoutId" uuid NOT NULL,
    "LedgerEntryId" uuid NOT NULL,
    "OrderId" uuid,
    "PaymentId" uuid,
    "Amount" numeric(18,2) NOT NULL,
    "Currency" character varying(3) NOT NULL,
    "CreatedAtUtc" timestamp with time zone NOT NULL,
    "AdjustedAmount" numeric(18,2) DEFAULT 0.0 NOT NULL
);


ALTER TABLE mabuntle.seller_payout_items OWNER TO postgres;

--
-- TOC entry 297 (class 1259 OID 71722)
-- Name: seller_payout_profile_change_requests; Type: TABLE; Schema: mabuntle; Owner: postgres
--

CREATE TABLE mabuntle.seller_payout_profile_change_requests (
    "Id" uuid NOT NULL,
    "SellerId" uuid NOT NULL,
    "ProposedPayoutProviderReference" character varying(256) CONSTRAINT "seller_payout_profile_chang_ProposedPayoutProviderRefe_not_null" NOT NULL,
    "Reason" character varying(1000) NOT NULL,
    "Status" character varying(64) NOT NULL,
    "RequestedByUserId" uuid CONSTRAINT "seller_payout_profile_change_request_RequestedByUserId_not_null" NOT NULL,
    "SubmittedAtUtc" timestamp with time zone,
    "CancelledAtUtc" timestamp with time zone,
    "ReviewedByUserId" uuid,
    "ReviewedAtUtc" timestamp with time zone,
    "ReviewReason" character varying(1000),
    "ConcurrencyVersion" integer CONSTRAINT "seller_payout_profile_change_reques_ConcurrencyVersion_not_null" NOT NULL,
    "CreatedAtUtc" timestamp with time zone NOT NULL,
    "UpdatedAtUtc" timestamp with time zone NOT NULL
);


ALTER TABLE mabuntle.seller_payout_profile_change_requests OWNER TO postgres;

--
-- TOC entry 235 (class 1259 OID 63462)
-- Name: seller_payout_profiles; Type: TABLE; Schema: mabuntle; Owner: postgres
--

CREATE TABLE mabuntle.seller_payout_profiles (
    "Id" uuid NOT NULL,
    "SellerId" uuid NOT NULL,
    "PayoutProviderReference" character varying(256) NOT NULL,
    "HasSubmittedPlaceholder" boolean NOT NULL,
    "IsAdminApproved" boolean NOT NULL,
    "ApprovedAtUtc" timestamp with time zone,
    "ApprovedByUserId" uuid,
    "CreatedAtUtc" timestamp with time zone NOT NULL,
    "UpdatedAtUtc" timestamp with time zone NOT NULL
);


ALTER TABLE mabuntle.seller_payout_profiles OWNER TO postgres;

--
-- TOC entry 262 (class 1259 OID 64448)
-- Name: seller_payouts; Type: TABLE; Schema: mabuntle; Owner: postgres
--

CREATE TABLE mabuntle.seller_payouts (
    "Id" uuid NOT NULL,
    "SellerId" uuid NOT NULL,
    "Amount" numeric(18,2) NOT NULL,
    "Currency" character varying(3) NOT NULL,
    "Status" character varying(64) NOT NULL,
    "HeldAtUtc" timestamp with time zone,
    "HeldByUserId" character varying(64),
    "HoldReason" character varying(1000),
    "ReleasedAtUtc" timestamp with time zone,
    "ReleasedByUserId" character varying(64),
    "ReleaseReason" character varying(1000),
    "CreatedAtUtc" timestamp with time zone NOT NULL,
    "UpdatedAtUtc" timestamp with time zone NOT NULL,
    "AvailabilityReason" character varying(1000),
    "AvailableAtUtc" timestamp with time zone,
    "AvailableByUserId" character varying(64),
    "ConcurrencyVersion" integer DEFAULT 0 NOT NULL,
    "FailedAtUtc" timestamp with time zone,
    "FailureReason" character varying(1000),
    "HeldFromStatus" character varying(64),
    "PaidOutAtUtc" timestamp with time zone,
    "ProcessingAtUtc" timestamp with time zone,
    "ProcessingByUserId" character varying(64),
    "ProcessingReason" character varying(1000),
    "ProviderName" character varying(64),
    "ProviderPayoutReference" character varying(256),
    "ProviderStatus" character varying(64)
);


ALTER TABLE mabuntle.seller_payouts OWNER TO postgres;

--
-- TOC entry 225 (class 1259 OID 63316)
-- Name: seller_profiles; Type: TABLE; Schema: mabuntle; Owner: postgres
--

CREATE TABLE mabuntle.seller_profiles (
    "Id" uuid NOT NULL,
    "UserId" uuid NOT NULL,
    "VerificationStatus" character varying(64) NOT NULL,
    "CreatedAtUtc" timestamp with time zone NOT NULL,
    "UpdatedAtUtc" timestamp with time zone NOT NULL,
    "BusinessName" character varying(200),
    "BusinessType" character varying(64),
    "ContactEmail" character varying(320),
    "DisplayName" character varying(160),
    "PhoneNumber" character varying(64)
);


ALTER TABLE mabuntle.seller_profiles OWNER TO postgres;

--
-- TOC entry 307 (class 1259 OID 72011)
-- Name: seller_report_schedule_runs; Type: TABLE; Schema: mabuntle; Owner: postgres
--

CREATE TABLE mabuntle.seller_report_schedule_runs (
    "Id" uuid NOT NULL,
    "SellerReportScheduleId" uuid NOT NULL,
    "SellerId" uuid NOT NULL,
    "ReportPeriodStartUtc" timestamp with time zone NOT NULL,
    "ReportPeriodEndUtc" timestamp with time zone NOT NULL,
    "CreatedAtUtc" timestamp with time zone NOT NULL,
    "CompletedAtUtc" timestamp with time zone,
    "NotificationId" uuid,
    "IsSuccess" boolean NOT NULL,
    "FailureReason" character varying(500)
);


ALTER TABLE mabuntle.seller_report_schedule_runs OWNER TO postgres;

--
-- TOC entry 306 (class 1259 OID 71990)
-- Name: seller_report_schedules; Type: TABLE; Schema: mabuntle; Owner: postgres
--

CREATE TABLE mabuntle.seller_report_schedules (
    "Id" uuid NOT NULL,
    "SellerId" uuid NOT NULL,
    "IsEnabled" boolean NOT NULL,
    "Frequency" character varying(40) NOT NULL,
    "ReportRange" character varying(40) NOT NULL,
    "SendDayOfWeek" character varying(20),
    "SendDayOfMonth" integer,
    "SendTimeLocal" character varying(5) NOT NULL,
    "TimeZoneId" character varying(100) NOT NULL,
    "NextRunAtUtc" timestamp with time zone,
    "LastSentAtUtc" timestamp with time zone,
    "LastReportPeriodStartUtc" timestamp with time zone,
    "LastReportPeriodEndUtc" timestamp with time zone,
    "LastFailureReason" character varying(500),
    "LastFailedAtUtc" timestamp with time zone,
    "CreatedAtUtc" timestamp with time zone NOT NULL,
    "UpdatedAtUtc" timestamp with time zone NOT NULL
);


ALTER TABLE mabuntle.seller_report_schedules OWNER TO postgres;

--
-- TOC entry 303 (class 1259 OID 71891)
-- Name: seller_store_policies; Type: TABLE; Schema: mabuntle; Owner: postgres
--

CREATE TABLE mabuntle.seller_store_policies (
    "Id" uuid NOT NULL,
    "SellerId" uuid NOT NULL,
    "ReturnWindowDays" integer,
    "ReturnPolicy" character varying(2000),
    "ExchangePolicy" character varying(2000),
    "FulfilmentPolicy" character varying(1000),
    "SupportPolicy" character varying(1000),
    "CareInstructions" character varying(1000),
    "ProductDisclaimer" character varying(1000),
    "CreatedAtUtc" timestamp with time zone NOT NULL,
    "UpdatedAtUtc" timestamp with time zone NOT NULL
);


ALTER TABLE mabuntle.seller_store_policies OWNER TO postgres;

--
-- TOC entry 236 (class 1259 OID 63479)
-- Name: seller_storefronts; Type: TABLE; Schema: mabuntle; Owner: postgres
--

CREATE TABLE mabuntle.seller_storefronts (
    "Id" uuid NOT NULL,
    "SellerId" uuid NOT NULL,
    "StoreName" character varying(160) NOT NULL,
    "Slug" character varying(120) NOT NULL,
    "Description" character varying(1000),
    "LogoUrl" character varying(2048),
    "BannerUrl" character varying(2048),
    "IsPublished" boolean NOT NULL,
    "CreatedAtUtc" timestamp with time zone NOT NULL,
    "UpdatedAtUtc" timestamp with time zone NOT NULL
);


ALTER TABLE mabuntle.seller_storefronts OWNER TO postgres;

--
-- TOC entry 304 (class 1259 OID 71908)
-- Name: seller_verification_evidence; Type: TABLE; Schema: mabuntle; Owner: postgres
--

CREATE TABLE mabuntle.seller_verification_evidence (
    "Id" uuid NOT NULL,
    "SellerId" uuid NOT NULL,
    "EvidenceType" character varying(64) NOT NULL,
    "StorageProvider" character varying(64) NOT NULL,
    "StorageKey" character varying(700) NOT NULL,
    "OriginalFileName" character varying(255) NOT NULL,
    "ContentType" character varying(100) NOT NULL,
    "ByteSize" bigint NOT NULL,
    "Sha256Hash" character varying(128) NOT NULL,
    "Note" character varying(500),
    "UploadedByUserId" uuid NOT NULL,
    "UploadedAtUtc" timestamp with time zone NOT NULL,
    "RemovedByUserId" uuid,
    "RemovedAtUtc" timestamp with time zone,
    "CreatedAtUtc" timestamp with time zone NOT NULL,
    "UpdatedAtUtc" timestamp with time zone NOT NULL
);


ALTER TABLE mabuntle.seller_verification_evidence OWNER TO postgres;

--
-- TOC entry 237 (class 1259 OID 63498)
-- Name: seller_verifications; Type: TABLE; Schema: mabuntle; Owner: postgres
--

CREATE TABLE mabuntle.seller_verifications (
    "Id" uuid NOT NULL,
    "SellerId" uuid NOT NULL,
    "SubmittedAtUtc" timestamp with time zone NOT NULL,
    "Status" character varying(64) NOT NULL,
    "ReviewedAtUtc" timestamp with time zone,
    "ReviewedByUserId" uuid,
    "RejectionReason" character varying(1000),
    "CreatedAtUtc" timestamp with time zone NOT NULL,
    "UpdatedAtUtc" timestamp with time zone NOT NULL
);


ALTER TABLE mabuntle.seller_verifications OWNER TO postgres;

--
-- TOC entry 265 (class 1259 OID 64534)
-- Name: shipment_events; Type: TABLE; Schema: mabuntle; Owner: postgres
--

CREATE TABLE mabuntle.shipment_events (
    "Id" uuid NOT NULL,
    "ShipmentId" uuid NOT NULL,
    "Status" character varying(64) NOT NULL,
    "EventType" character varying(120) NOT NULL,
    "Message" character varying(1000),
    "CarrierName" character varying(120),
    "TrackingNumber" character varying(160),
    "OccurredAtUtc" timestamp with time zone NOT NULL
);


ALTER TABLE mabuntle.shipment_events OWNER TO postgres;

--
-- TOC entry 264 (class 1259 OID 64505)
-- Name: shipments; Type: TABLE; Schema: mabuntle; Owner: postgres
--

CREATE TABLE mabuntle.shipments (
    "Id" uuid NOT NULL,
    "OrderId" uuid NOT NULL,
    "SellerId" uuid NOT NULL,
    "BuyerId" uuid NOT NULL,
    "Status" character varying(64) NOT NULL,
    "CarrierName" character varying(120),
    "TrackingNumber" character varying(160),
    "TrackingUrl" character varying(500),
    "ShippedAtUtc" timestamp with time zone,
    "DeliveredAtUtc" timestamp with time zone,
    "CreatedAtUtc" timestamp with time zone NOT NULL,
    "UpdatedAtUtc" timestamp with time zone NOT NULL,
    "CarrierBookedAtUtc" timestamp with time zone,
    "CarrierBookingStatus" character varying(64),
    "CarrierProviderName" character varying(80),
    "CarrierServiceCode" character varying(80),
    "PackageHeightCm" numeric(10,2),
    "PackageLengthCm" numeric(10,2),
    "PackageWeightKg" numeric(10,3),
    "PackageWidthCm" numeric(10,2),
    "ProviderError" character varying(1000),
    "ProviderLabelUrl" character varying(500),
    "ProviderLastSyncedAtUtc" timestamp with time zone,
    "ProviderShipmentReference" character varying(160),
    "ProviderStatus" character varying(80),
    "ProviderStatusUpdatedAtUtc" timestamp with time zone
);


ALTER TABLE mabuntle.shipments OWNER TO postgres;

--
-- TOC entry 275 (class 1259 OID 64866)
-- Name: support_messages; Type: TABLE; Schema: mabuntle; Owner: postgres
--

CREATE TABLE mabuntle.support_messages (
    "Id" uuid NOT NULL,
    "SupportTicketId" uuid NOT NULL,
    "SenderUserId" uuid NOT NULL,
    "SenderRole" character varying(64) NOT NULL,
    "Message" character varying(4000) NOT NULL,
    "IsInternal" boolean NOT NULL,
    "CreatedAtUtc" timestamp with time zone NOT NULL
);


ALTER TABLE mabuntle.support_messages OWNER TO postgres;

--
-- TOC entry 274 (class 1259 OID 64819)
-- Name: support_tickets; Type: TABLE; Schema: mabuntle; Owner: postgres
--

CREATE TABLE mabuntle.support_tickets (
    "Id" uuid NOT NULL,
    "CreatedByUserId" uuid NOT NULL,
    "CreatedByRole" character varying(64) NOT NULL,
    "BuyerId" uuid,
    "SellerId" uuid,
    "Category" character varying(80) NOT NULL,
    "Status" character varying(80) NOT NULL,
    "Subject" character varying(200) NOT NULL,
    "Description" character varying(4000) NOT NULL,
    "LinkedOrderId" uuid,
    "LinkedProductId" uuid,
    "LinkedSellerId" uuid,
    "LinkedPaymentId" uuid,
    "AssignedSupportUserId" uuid,
    "OpenedAtUtc" timestamp with time zone NOT NULL,
    "ResolvedAtUtc" timestamp with time zone,
    "ClosedAtUtc" timestamp with time zone,
    "CreatedAtUtc" timestamp with time zone NOT NULL,
    "UpdatedAtUtc" timestamp with time zone NOT NULL,
    "EscalatedAtUtc" timestamp with time zone,
    "EscalatedByUserId" uuid,
    "EscalationReason" character varying(1000),
    "Priority" character varying(80) DEFAULT 'Normal'::character varying NOT NULL
);


ALTER TABLE mabuntle.support_tickets OWNER TO postgres;

--
-- TOC entry 6223 (class 0 OID 63277)
-- Dependencies: 221
-- Data for Name: __EFMigrationsHistory; Type: TABLE DATA; Schema: public; Owner: postgres
--

COPY public."__EFMigrationsHistory" ("MigrationId", "ProductVersion") FROM stdin;
20260518121651_InitialDatabase	9.0.0
20260518132200_IdentityAndRoles	9.0.0
20260518132316_AddProfileUserForeignKeys	9.0.0
20260518141506_SellerProfileAndVerificationDomain	9.0.0
20260518143920_AdminSellerApprovalAuditLogs	9.0.0
20260518150105_CatalogCategoriesAndAttributes	9.0.0
20260518151740_ProductAggregateAndStatuses	9.0.0
20260518152625_ProductVariantsImagesAndDraftApi	9.0.0
20260518160159_AiProductSuggestionSchema	9.0.0
20260518164224_ProductTagsForAiSuggestionApply	9.0.0
20260518172239_AiProductModeration	9.0.0
20260518183132_ProductEmbeddingsPgvector	9.0.0
20260518195502_SingleSellerCart	9.0.0
20260518200245_InventoryReservations	9.0.0
20260518201937_OrderAggregateFromCart	9.0.0
20260518205538_PaymentsEventsAndLedger	9.0.0
20260518210508_SellerPayoutWorkflow	9.0.0
20260518211410_ManualShippingFulfillment	9.0.0
20260518212600_ReturnRequestWorkflow	9.0.0
20260518213815_RefundWorkflowAndLedgerReversals	9.0.0
20260518214812_DisputeWorkflow	9.0.0
20260518220855_SupportTicketSystem	9.0.0
20260518222046_AdCampaignFoundation	9.0.0
20260519104453_FinancePaymentRefundIdempotency	9.0.0
20260519112857_RefreshTokenFamilyAndInventoryGuards	9.0.0
20260519120201_FinancePayoutLifecycleAndCookieAuth	9.0.0
20260519183524_BuyerEngagementFoundation	9.0.0
20260519192513_BuyerReviewModerationAndNotifications	9.0.0
20260519195429_CheckoutPaymentRetryAndDeliveryConfirmation	9.0.0
20260519215503_PaymentWebhookPayloadRetention	9.0.0
20260521101836_PaymentReconciliationReviews	9.0.0
20260521121550_SellerImageUploadAndProductRevisions	9.0.0
20260521125429_BuyerProfileSettingsAndNotificationPreferences	9.0.0
20260521133334_BuyerDeliveryAddressesAndOrderDeliverySnapshot	9.0.0
20260521141558_ProductionMediaStorageHardening	9.0.0
20260521144455_DeliveryInstructionsAndFulfilmentExceptions	9.0.0
20260521161004_SellerDeliveryMethodsAndShippingRates	9.0.0
20260521163545_BuyerEmailNotificationDelivery	9.0.0
20260521170155_SellerPayoutProfileChangeRequests	9.0.0
20260521174857_CarrierBookingAndTrackingFoundation	9.0.0
20260521182535_AddressVerificationAndPickupPoints	9.0.0
20260526152842_PublishedVariantAndPricingRevisions	9.0.0
20260526172807_SellerInventoryMovementHistory	9.0.0
20260526181317_SellerNotificationPreferencesAndRealtime	9.0.0
20260526191726_SellerStorePoliciesAndOrderPolicySnapshots	9.0.0
20260526210617_SellerVerificationEvidenceUploads	9.0.0
20260526214334_SellerOperationalStockLedgerHistory	9.0.0
20260526222902_SellerReturnRestockDecisions	9.0.0
20260527090723_SellerScheduledAnalyticsReports	9.0.0
20260527100258_SellerStorefrontConversionAnalytics	9.0.0
20260527105332_StorefrontAttributionAndSourceReporting	9.0.0
20260527112208_SellerProductMerchandisingAndSeo	9.0.0
20260527162114_AdminOperationalQueueTriage	9.0.0
20260527171719_AdminQueueSavedViewsAndSlaSignals	9.0.0
20260527175550_AdminSupportOperations	9.0.0
20260527184904_SupportSavedViewsAndWorkloadReporting	9.0.0
20260527203155_BuyerCartCheckoutStatus	9.0.0
\.


--
-- TOC entry 6229 (class 0 OID 63327)
-- Dependencies: 227
-- Data for Name: AspNetRoleClaims; Type: TABLE DATA; Schema: mabuntle; Owner: postgres
--

COPY mabuntle."AspNetRoleClaims" ("Id", "RoleId", "ClaimType", "ClaimValue") FROM stdin;
\.


--
-- TOC entry 6224 (class 0 OID 63285)
-- Dependencies: 222
-- Data for Name: AspNetRoles; Type: TABLE DATA; Schema: mabuntle; Owner: postgres
--

COPY mabuntle."AspNetRoles" ("Id", "Name", "NormalizedName", "ConcurrencyStamp") FROM stdin;
019e3b44-a8ae-7599-90f3-80c443f8c006	Buyer	BUYER	\N
019e3b44-a969-767d-b24f-defcc03f1f74	Seller	SELLER	\N
019e3b44-a974-7609-8d49-48d1e7df1a4c	Admin	ADMIN	\N
019e3b44-a97b-7104-b732-16f4cb842e14	SuperAdmin	SUPERADMIN	\N
019e3b44-a981-7730-932e-10d0c6c90c58	SupportAgent	SUPPORTAGENT	\N
019e4020-2660-7dfa-a553-248ff9e097d0	FinanceOperator	FINANCEOPERATOR	\N
019e4020-26ae-72e0-ba48-ac1d245d41d2	FinanceApprover	FINANCEAPPROVER	\N
\.


--
-- TOC entry 6231 (class 0 OID 63342)
-- Dependencies: 229
-- Data for Name: AspNetUserClaims; Type: TABLE DATA; Schema: mabuntle; Owner: postgres
--

COPY mabuntle."AspNetUserClaims" ("Id", "UserId", "ClaimType", "ClaimValue") FROM stdin;
\.


--
-- TOC entry 6232 (class 0 OID 63356)
-- Dependencies: 230
-- Data for Name: AspNetUserLogins; Type: TABLE DATA; Schema: mabuntle; Owner: postgres
--

COPY mabuntle."AspNetUserLogins" ("LoginProvider", "ProviderKey", "ProviderDisplayName", "UserId") FROM stdin;
\.


--
-- TOC entry 6233 (class 0 OID 63371)
-- Dependencies: 231
-- Data for Name: AspNetUserRoles; Type: TABLE DATA; Schema: mabuntle; Owner: postgres
--

COPY mabuntle."AspNetUserRoles" ("UserId", "RoleId") FROM stdin;
019e3b6a-ec2f-7d63-a3a1-49b7e06a8668	019e3b44-a8ae-7599-90f3-80c443f8c006
019e4c3e-0ade-78cb-abcd-ada9d3c86f81	019e3b44-a97b-7104-b732-16f4cb842e14
019e4c3e-0ade-78cb-abcd-ada9d3c86f81	019e3b44-a974-7609-8d49-48d1e7df1a4c
019e4c3e-0bf2-777c-9e5d-1b4a9af7ed3d	019e4020-2660-7dfa-a553-248ff9e097d0
019e4c3e-0c41-7b54-9fb3-75a54b0810d8	019e4020-26ae-72e0-ba48-ac1d245d41d2
019e4c3e-0c87-7b2d-b3ac-7f2e8c3e8f03	019e3b44-a981-7730-932e-10d0c6c90c58
019e4c3e-0cd3-7a1a-be2a-fa0c347640cf	019e3b44-a8ae-7599-90f3-80c443f8c006
019e4c3e-0d1a-74f0-9518-2e045edd3676	019e3b44-a969-767d-b24f-defcc03f1f74
019e64ab-f757-7b3b-9917-b700fc115922	019e3b44-a969-767d-b24f-defcc03f1f74
\.


--
-- TOC entry 6234 (class 0 OID 63388)
-- Dependencies: 232
-- Data for Name: AspNetUserTokens; Type: TABLE DATA; Schema: mabuntle; Owner: postgres
--

COPY mabuntle."AspNetUserTokens" ("UserId", "LoginProvider", "Name", "Value") FROM stdin;
\.


--
-- TOC entry 6225 (class 0 OID 63293)
-- Dependencies: 223
-- Data for Name: AspNetUsers; Type: TABLE DATA; Schema: mabuntle; Owner: postgres
--

COPY mabuntle."AspNetUsers" ("Id", "CreatedAtUtc", "LastLoginAtUtc", "UserName", "NormalizedUserName", "Email", "NormalizedEmail", "EmailConfirmed", "PasswordHash", "SecurityStamp", "ConcurrencyStamp", "PhoneNumber", "PhoneNumberConfirmed", "TwoFactorEnabled", "LockoutEnd", "LockoutEnabled", "AccessFailedCount") FROM stdin;
05c5d6d6-8aad-4df8-9454-8d00915c1d82	2026-05-19 13:33:32.699046+02	\N	buyer-one-d36dec29624f4ef9a9759679a253a807@example.test	\N	buyer-one-41262ea602b64f7095fabb71cdc0d67f@example.test	\N	f	\N	\N	f2556aa4-3c6c-427f-b8b4-88d64bcafd6f	\N	f	f	\N	f	0
9f1fe765-d093-4e41-a26f-74e2f669d348	2026-05-19 13:33:32.699049+02	\N	buyer-two-c7d285792f484f4b86190d98d1653e47@example.test	\N	buyer-two-5e70e23de691432784e83abac82a7538@example.test	\N	f	\N	\N	27329c3c-baa6-4009-aa47-614e399f19b1	\N	f	f	\N	f	0
d6fc045e-dec8-4569-bd37-5e3963e1cbf2	2026-05-19 13:33:32.699018+02	\N	seller-c89e141ed912424ab56aa6de831aec60@example.test	\N	seller-07e8a5ddf27a4c39b1ed0fb672651336@example.test	\N	f	\N	\N	96fbd27f-942b-4729-8a9e-0dbc17e23831	\N	f	f	\N	f	0
33ec9737-90de-41d5-9f25-582c0d2fb049	2026-05-19 14:05:10.726742+02	\N	seller-0c96fe72d3a54ff3aaf663f2384f6e6b@example.test	\N	seller-254bb31c80744a458e882025a30f020d@example.test	\N	f	\N	\N	5135f777-488b-4672-9ce2-2f3268d8c374	\N	f	f	\N	f	0
6a794dbf-9836-4545-8f51-8bf8ebd23819	2026-05-19 14:05:10.726786+02	\N	buyer-one-370b68b2ed9d4804ba212802033546e6@example.test	\N	buyer-one-fb8242b0c09b48e5ba32e6d346c734c6@example.test	\N	f	\N	\N	e34cf162-8f13-4de8-b663-11758ca8fa58	\N	f	f	\N	f	0
a56d1232-53e3-406a-b39f-6a5abbd642b0	2026-05-19 14:05:10.726792+02	\N	buyer-two-cb974be167f24b52a051d66355061cfe@example.test	\N	buyer-two-f53b0ee3b9e34e08b8715378327bdd87@example.test	\N	f	\N	\N	b097e24c-bae2-4f85-bf1b-13439c4bd97d	\N	f	f	\N	f	0
019e3b6a-ec2f-7d63-a3a1-49b7e06a8668	2026-05-18 16:08:43.283362+02	2026-05-19 15:46:27.392449+02	thabang.ramalatsoa@gmail.com	THABANG.RAMALATSOA@GMAIL.COM	thabang.ramalatsoa@gmail.com	THABANG.RAMALATSOA@GMAIL.COM	f	AQAAAAIAAYagAAAAEDUPPaAMntJELt0x3yWpQYJXNQ3MklJ9sbVNIf4xPx62hT/doK99DgKTwLqb5zl9Yw==	3RRPWRH7F2OU6ONLS4XTJ6SSSLQFNT36	dc640352-d301-4614-b2c8-de98e17bdf26	\N	f	f	\N	t	0
3f6c70fc-a524-4421-b789-7f30ca27fb3f	2026-05-19 20:47:41.411498+02	\N	seller-244219fc88be43d4997f8dafc2c7dc1d@example.test	\N	seller-f63b5bc04b4f4b4c91b25592500d05fd@example.test	\N	f	\N	\N	bea622b1-1892-4d54-b0ac-578bd08e6912	\N	f	f	\N	f	0
d6225a0c-9308-47fc-ad4c-c71fb23a790c	2026-05-19 20:47:41.411527+02	\N	buyer-one-3ecac99cc68c466c8c3232566d10be4b@example.test	\N	buyer-one-5a6e68d98aa346b7ac19d9a3e6ab4f7b@example.test	\N	f	\N	\N	589031e2-3665-4acd-a354-075b53f7464e	\N	f	f	\N	f	0
ee03531e-994b-4bb5-911c-664f93af712e	2026-05-19 20:47:41.41153+02	\N	buyer-two-b9aad42e603f44c1a090e6e70d296672@example.test	\N	buyer-two-45fd4a4bc3c94d08aa4fe7c689ffe258@example.test	\N	f	\N	\N	b7a0c7cc-0ad0-4c53-8fac-ab1a3140701d	\N	f	f	\N	f	0
2fef5dfd-4ee1-45e2-aa5a-cb8c2c60f66d	2026-05-21 15:50:45.975965+02	\N	buyer-one-c403acde69bd4e7e882d9fba5f0543d5@example.test	\N	buyer-one-658cf946d993437e944166bc98abee0f@example.test	\N	f	\N	\N	9c1cce77-cd5c-4058-af6a-db19281beff3	\N	f	f	\N	f	0
b24132ee-c9d9-4fd9-8f68-729e50677d42	2026-05-21 15:50:45.975966+02	\N	buyer-two-98f331e9d91e48cb8223f7752f59fc6d@example.test	\N	buyer-two-622c7617c4614db7b6f3f5dd03e69946@example.test	\N	f	\N	\N	c5a57a81-954e-4dfe-8b46-c83895bc4ab5	\N	f	f	\N	f	0
d1be4c7b-4bb7-4897-a9aa-5fea4a23a002	2026-05-21 15:50:45.975935+02	\N	seller-59050274fc41476c9942219d1b0c201b@example.test	\N	seller-9b3a081134c3499389393cafc6480e2f@example.test	\N	f	\N	\N	c548d0a3-d607-4bc8-98ce-c441d466fe61	\N	f	f	\N	f	0
31413912-2a5c-49a2-82a4-5f9c885cb238	2026-05-21 16:27:10.481086+02	\N	buyer-two-eda0d81a30e24c509d000dc5424b2f2d@example.test	\N	buyer-two-2ca97c79b20548918fdd6a8517532504@example.test	\N	f	\N	\N	62009eb9-a8f2-43c3-a9f4-3c5be51d346b	\N	f	f	\N	f	0
a84f6741-9d8e-4670-a998-34af2d419ec3	2026-05-21 16:27:10.481083+02	\N	buyer-one-ef90ff0bb64e4c9d83ae44eedd2ec2ac@example.test	\N	buyer-one-a0cb297cbe6b429a81f7447efbffb769@example.test	\N	f	\N	\N	e97230d3-cffd-402f-9ce3-31ba4f0d3b5d	\N	f	f	\N	f	0
ef58a11a-648c-48f5-bd04-3c3c10f44666	2026-05-21 16:27:10.481024+02	\N	seller-beb69e53f3cb4976b453d27efc16d075@example.test	\N	seller-729e9c073f10489a85fdb377895d3b5b@example.test	\N	f	\N	\N	7a992519-fca7-4672-b3b6-8a77326a96e2	\N	f	f	\N	f	0
019e4c3e-0bf2-777c-9e5d-1b4a9af7ed3d	2026-05-21 22:33:15.187622+02	2026-05-29 13:31:20.358047+02	finance.operator@mabuntle.local	FINANCE.OPERATOR@mabuntle.LOCAL	finance.operator@mabuntle.local	FINANCE.OPERATOR@mabuntle.LOCAL	t	AQAAAAIAAYagAAAAEIcxy20q9v12V+abuY75Ap1qjp6WT+hvavuCZrlflk9jNC76Wkf80S62oCPMrcTlpg==	PV7X6GUVSRSFL32PLM45XDSDIWJW3UP7	8fad8593-1d89-470f-8f09-5cd5869e2910	\N	f	f	\N	t	0
019e4c3e-0c87-7b2d-b3ac-7f2e8c3e8f03	2026-05-21 22:33:15.338851+02	\N	support@mabuntle.local	SUPPORT@mabuntle.LOCAL	support@mabuntle.local	SUPPORT@mabuntle.LOCAL	t	AQAAAAIAAYagAAAAEL+dRbWQAqdOaTGZ27XnFFekkG4iwyOtdMTgrZuONCBWZQr3J10wd4/m+3DkoLmR0Q==	3KIIJ22IGRIJL2PRNS2EHLVWOOZR7LLA	a68bd5af-773a-47ad-b2e3-d1971922fe01	\N	f	f	\N	t	0
019e64ab-f757-7b3b-9917-b700fc115922	2026-05-26 16:24:12.03746+02	2026-05-27 16:21:24.380946+02	seller.pending@mabuntle.local	SELLER.PENDING@mabuntle.LOCAL	seller.pending@mabuntle.local	SELLER.PENDING@mabuntle.LOCAL	t	AQAAAAIAAYagAAAAECP0MIYlIMEkl2Ahw0opNjx5A4YrW7Sd0hviqWlUEgcR9l4S3lbYK9O+J2sVhF75uA==	3VWTH6YKSRFRB6IEH6NZ5T52R6QEQIQW	439f80fb-0be2-4614-bb2c-6ea3c9cad3a1	\N	f	f	\N	t	0
019e4c3e-0c41-7b54-9fb3-75a54b0810d8	2026-05-21 22:33:15.266389+02	2026-05-29 13:31:20.43953+02	finance.approver@mabuntle.local	FINANCE.APPROVER@mabuntle.LOCAL	finance.approver@mabuntle.local	FINANCE.APPROVER@mabuntle.LOCAL	t	AQAAAAIAAYagAAAAEFd2SO+tRW1gZWfI3U3egT7gjmf9/cBJlxStk+a36hhnAa1SeFJFzob+IWoRMW6e/A==	QITGDSNQTFES6SYS4VHCMKPOMH7LIQ6V	a8d16450-2309-4cd2-af11-00916b634ffe	\N	f	f	\N	t	0
019e4c3e-0ade-78cb-abcd-ada9d3c86f81	2026-05-21 22:33:14.875697+02	2026-05-27 16:22:25.631787+02	admin@mabuntle.local	ADMIN@mabuntle.LOCAL	admin@mabuntle.local	ADMIN@mabuntle.LOCAL	t	AQAAAAIAAYagAAAAELESclbdqUWyAKOZ+G/J3UO/ujLcGqN0szZY4VxKN3QDt+vvLCGqyZpShhCQhi+v5Q==	7755YG5I7QZNIZQRBQ2XA6PCAERHQWPJ	22fb163e-2c98-4170-b9b4-53f8c4d8d8a5	\N	f	f	\N	t	0
019e4c3e-0d1a-74f0-9518-2e045edd3676	2026-05-21 22:33:15.484806+02	2026-05-29 13:31:20.292463+02	seller@mabuntle.local	SELLER@mabuntle.LOCAL	seller@mabuntle.local	SELLER@mabuntle.LOCAL	t	AQAAAAIAAYagAAAAEA0gOpa9rXQ3bxidvW1vXucED4oFrgXnbC2DjaysxGbYZcuVaK4wAsJgYV+CUG+2Xw==	RHDRWVTL6R3MQCZZKHS2NBMF6TW5FKE3	9525258e-16b4-44e7-96b8-8c5e4feef687	\N	f	f	\N	t	0
019e4c3e-0cd3-7a1a-be2a-fa0c347640cf	2026-05-21 22:33:15.408488+02	2026-05-29 13:39:10.053025+02	buyer@mabuntle.local	BUYER@mabuntle.LOCAL	buyer@mabuntle.local	BUYER@mabuntle.LOCAL	t	AQAAAAIAAYagAAAAEEZ8zDiPXz/NQOxo3IGeJoRRodsNwiNQVqojAvC9G7qVC9L6AkV0PTXbkxXM1E5dGg==	KYJLNCCY6KPFIZAKV74KXOF53EOEF4AC	07826db6-6432-4e71-9060-c3185e33ca11	\N	f	f	\N	t	0
\.


--
-- TOC entry 6280 (class 0 OID 64936)
-- Dependencies: 278
-- Data for Name: ad_budgets; Type: TABLE DATA; Schema: mabuntle; Owner: postgres
--

COPY mabuntle.ad_budgets ("Id", "AdCampaignId", "Currency", "DailyBudget", "TotalBudget", "MaxCostPerClick", "SpentAmount", "CreatedAtUtc", "UpdatedAtUtc") FROM stdin;
54be24ba-56af-416d-99db-0539c3009801	4849e86a-f9b6-4361-b525-90a2f65b420e	ZAR	150.00	1500.00	6.00	0.00	2026-05-26 16:24:12.838904+02	2026-05-27 16:36:26.260059+02
\.


--
-- TOC entry 6281 (class 0 OID 64955)
-- Dependencies: 279
-- Data for Name: ad_campaign_products; Type: TABLE DATA; Schema: mabuntle; Owner: postgres
--

COPY mabuntle.ad_campaign_products ("Id", "AdCampaignId", "ProductId", "CreatedAtUtc") FROM stdin;
eda4177c-bd45-46cb-8b05-093d4b54626e	4849e86a-f9b6-4361-b525-90a2f65b420e	2e83d197-d982-4ab2-8a64-a902d42a0ba3	2026-05-26 16:24:12.838904+02
\.


--
-- TOC entry 6278 (class 0 OID 64899)
-- Dependencies: 276
-- Data for Name: ad_campaigns; Type: TABLE DATA; Schema: mabuntle; Owner: postgres
--

COPY mabuntle.ad_campaigns ("Id", "SellerId", "Name", "CampaignType", "Status", "StartsAtUtc", "EndsAtUtc", "SubmittedAtUtc", "ApprovedAtUtc", "ApprovedByUserId", "PausedAtUtc", "CompletedAtUtc", "CancelledAtUtc", "RejectionReason", "CreatedAtUtc", "UpdatedAtUtc") FROM stdin;
4849e86a-f9b6-4361-b525-90a2f65b420e	912b8c72-398a-49d1-b92c-b68b2be12685	Demo Review Campaign - Rose Linen Dress	FeaturedProduct	PendingReview	2026-05-27 16:24:12.838904+02	2026-06-10 16:24:12.838904+02	2026-05-26 16:24:12.838904+02	\N	\N	\N	\N	\N	\N	2026-05-26 16:24:12.838904+02	2026-05-26 16:24:12.838904+02
\.


--
-- TOC entry 6284 (class 0 OID 65018)
-- Dependencies: 282
-- Data for Name: ad_charges; Type: TABLE DATA; Schema: mabuntle; Owner: postgres
--

COPY mabuntle.ad_charges ("Id", "AdCampaignId", "AdClickId", "Amount", "Currency", "Reason", "ChargedAtUtc") FROM stdin;
\.


--
-- TOC entry 6282 (class 0 OID 64974)
-- Dependencies: 280
-- Data for Name: ad_clicks; Type: TABLE DATA; Schema: mabuntle; Owner: postgres
--

COPY mabuntle.ad_clicks ("Id", "AdCampaignId", "ProductId", "BuyerId", "AnonymousVisitorId", "OccurredAtUtc") FROM stdin;
\.


--
-- TOC entry 6285 (class 0 OID 65039)
-- Dependencies: 283
-- Data for Name: ad_conversions; Type: TABLE DATA; Schema: mabuntle; Owner: postgres
--

COPY mabuntle.ad_conversions ("Id", "AdCampaignId", "AdClickId", "OrderId", "RevenueAmount", "Currency", "OccurredAtUtc") FROM stdin;
\.


--
-- TOC entry 6283 (class 0 OID 64998)
-- Dependencies: 281
-- Data for Name: ad_impressions; Type: TABLE DATA; Schema: mabuntle; Owner: postgres
--

COPY mabuntle.ad_impressions ("Id", "AdCampaignId", "ProductId", "Placement", "AnonymousVisitorId", "OccurredAtUtc") FROM stdin;
\.


--
-- TOC entry 6313 (class 0 OID 72130)
-- Dependencies: 311
-- Data for Name: admin_queue_saved_views; Type: TABLE DATA; Schema: mabuntle; Owner: postgres
--

COPY mabuntle.admin_queue_saved_views ("Id", "AdminUserId", "Queue", "Name", "IsDefault", "View", "Status", "Search", "SellerId", "Assigned", "Priority", "HasNotes", "Sla", "Sort", "PageSize", "CreatedAtUtc", "UpdatedAtUtc", "Category") FROM stdin;
\.


--
-- TOC entry 6311 (class 0 OID 72083)
-- Dependencies: 309
-- Data for Name: admin_queue_triage; Type: TABLE DATA; Schema: mabuntle; Owner: postgres
--

COPY mabuntle.admin_queue_triage ("Id", "ItemType", "ItemId", "AssignedToUserId", "Priority", "LatestNote", "LatestNoteByUserId", "LatestNoteAtUtc", "CreatedByUserId", "CreatedAtUtc", "UpdatedAtUtc") FROM stdin;
\.


--
-- TOC entry 6312 (class 0 OID 72102)
-- Dependencies: 310
-- Data for Name: admin_queue_triage_notes; Type: TABLE DATA; Schema: mabuntle; Owner: postgres
--

COPY mabuntle.admin_queue_triage_notes ("Id", "TriageId", "ActorUserId", "Note", "CreatedAtUtc") FROM stdin;
\.


--
-- TOC entry 6251 (class 0 OID 63754)
-- Dependencies: 249
-- Data for Name: ai_moderation_results; Type: TABLE DATA; Schema: mabuntle; Owner: postgres
--

COPY mabuntle.ai_moderation_results ("Id", "ProductId", "SellerId", "RiskLevel", "NeedsAdminReview", "Reason", detected_terms_json, missing_fields_json, flags_json, "Provider", "CreatedAtUtc") FROM stdin;
\.


--
-- TOC entry 6247 (class 0 OID 63662)
-- Dependencies: 245
-- Data for Name: ai_product_suggestions; Type: TABLE DATA; Schema: mabuntle; Owner: postgres
--

COPY mabuntle.ai_product_suggestions ("Id", "SellerId", "ProductId", "InputNotes", input_image_ids_json, "SuggestedTitle", "SuggestedShortDescription", "SuggestedFullDescription", "SuggestedCategoryId", "SuggestedCategoryPath", suggested_attributes_json, suggested_tags_json, missing_fields_json, risk_flags_json, "QualityScore", "ModelUsed", "PromptVersion", "Status", "CreatedAtUtc", "AcceptedAtUtc", "AppliedAtUtc") FROM stdin;
\.


--
-- TOC entry 6248 (class 0 OID 63692)
-- Dependencies: 246
-- Data for Name: ai_prompt_versions; Type: TABLE DATA; Schema: mabuntle; Owner: postgres
--

COPY mabuntle.ai_prompt_versions ("Id", "FeatureName", "Version", "PromptTemplate", "IsActive", "CreatedAtUtc") FROM stdin;
\.


--
-- TOC entry 6250 (class 0 OID 63724)
-- Dependencies: 248
-- Data for Name: ai_suggestion_field_audits; Type: TABLE DATA; Schema: mabuntle; Owner: postgres
--

COPY mabuntle.ai_suggestion_field_audits ("Id", "SuggestionId", "FieldName", ai_value, seller_final_value, "WasAccepted", "WasEdited", "CreatedAtUtc") FROM stdin;
\.


--
-- TOC entry 6249 (class 0 OID 63705)
-- Dependencies: 247
-- Data for Name: ai_usage_logs; Type: TABLE DATA; Schema: mabuntle; Owner: postgres
--

COPY mabuntle.ai_usage_logs ("Id", "FeatureName", "UserId", "SellerId", "ModelUsed", "InputTokenEstimate", "OutputTokenEstimate", "CostEstimate", "LatencyMs", "Success", "ErrorMessage", "CreatedAtUtc") FROM stdin;
\.


--
-- TOC entry 6240 (class 0 OID 63521)
-- Dependencies: 238
-- Data for Name: audit_logs; Type: TABLE DATA; Schema: mabuntle; Owner: postgres
--

COPY mabuntle.audit_logs ("Id", "ActorUserId", "ActorRole", "ActionType", "EntityType", "EntityId", "PreviousValueJson", "NewValueJson", "Reason", "IpAddress", "CreatedAtUtc") FROM stdin;
86f555bc-5f6e-4c8f-acf8-69069cdaf368	019e4c3e-0cd3-7a1a-be2a-fa0c347640cf	Buyer	PayoutHeld	SellerPayout	21f4f051-dd76-4e49-a721-ee9b9d9dab3d	{"status":"Pending"}	{"status":"OnHold","amount":2273.25}	Return request 87b38588-55d6-4836-bf90-d3e1593fbddc is active.	\N	2026-05-27 15:44:15.674463+02
74095563-1713-4973-968e-b1ae7924e881	019e4c3e-0cd3-7a1a-be2a-fa0c347640cf	Buyer	PayoutHeld	SellerPayout	21b53493-b005-47bc-9399-b4396ef57d4f	{"status":"Pending"}	{"status":"OnHold","amount":1136.62}	Return request e6ea57b0-dd8c-431c-aa9c-f7c9c682acd5 is active.	\N	2026-05-29 12:16:00.248712+02
a059426c-520c-4d5f-a8a8-01a9d2d482c3	019e4c3e-0cd3-7a1a-be2a-fa0c347640cf	Buyer	PayoutHeld	SellerPayout	aae9cceb-e29e-4abd-9332-1f7fca2bf3a5	{"status":"Pending"}	{"status":"OnHold","amount":1136.62}	Return request 5774b963-0aad-4477-8fb7-ec1a723ff3cd is active.	\N	2026-05-29 13:31:20.64334+02
0fe2ecd6-ce9e-4141-8e67-7eb21a9bac3a	019e4c3e-0c41-7b54-9fb3-75a54b0810d8	FinanceApprover	RefundApproved	Refund	6f00614d-fe12-4fdf-a4c7-52da46f33393	{"status":"Requested"}	{"status":"Refunded","amount":100.00}	Phase 11F QA approval using fake provider.	::1	2026-05-29 13:31:21.068775+02
\.


--
-- TOC entry 6294 (class 0 OID 71561)
-- Dependencies: 292
-- Data for Name: buyer_delivery_addresses; Type: TABLE DATA; Schema: mabuntle; Owner: postgres
--

COPY mabuntle.buyer_delivery_addresses ("Id", "BuyerId", "Label", "RecipientName", "PhoneNumber", "AddressLine1", "AddressLine2", "Suburb", "City", "Province", "PostalCode", "CountryCode", "IsDefault", "CreatedAtUtc", "UpdatedAtUtc", "DeliveryInstructions", "VerificationProvider", "VerificationStatus", "VerificationWarningsJson", "VerifiedAtUtc") FROM stdin;
e0f06dfc-2561-4d39-8a3b-28a1231c5114	e16f52cc-9746-43f6-964f-dc6dec0f2a65	Dev Home	Dev Buyer	+27110000001	10 Market Street	Apartment 4	Rosebank	Johannesburg	Gauteng	2196	ZA	t	-infinity	-infinity	Call on arrival and leave with reception if unavailable.	LocalRules	Verified	[]	2026-05-29 13:28:41.718353+02
\.


--
-- TOC entry 6293 (class 0 OID 71542)
-- Dependencies: 291
-- Data for Name: buyer_notification_preferences; Type: TABLE DATA; Schema: mabuntle; Owner: postgres
--

COPY mabuntle.buyer_notification_preferences ("Id", "BuyerId", "Category", "IsEnabled", "CreatedAtUtc", "UpdatedAtUtc", "EmailEnabled") FROM stdin;
\.


--
-- TOC entry 6226 (class 0 OID 63307)
-- Dependencies: 224
-- Data for Name: buyer_profiles; Type: TABLE DATA; Schema: mabuntle; Owner: postgres
--

COPY mabuntle.buyer_profiles ("Id", "UserId", "CreatedAtUtc", "UpdatedAtUtc", "DisplayName", "PhoneNumber") FROM stdin;
a9af1dc4-17fc-4068-b98b-f6d864fff48d	019e3b6a-ec2f-7d63-a3a1-49b7e06a8668	2026-05-18 16:08:44.414112+02	2026-05-18 16:08:44.414112+02	\N	\N
61ac2aef-4df1-4867-a7ac-d560f4e3a755	9f1fe765-d093-4e41-a26f-74e2f669d348	-infinity	-infinity	\N	\N
810cfdf3-4540-43e4-9807-34ba4c670d36	05c5d6d6-8aad-4df8-9454-8d00915c1d82	-infinity	-infinity	\N	\N
24b0a62f-b20f-49c1-b23a-99bfa0161ab7	a56d1232-53e3-406a-b39f-6a5abbd642b0	-infinity	-infinity	\N	\N
ecd3d825-41b7-4187-91a7-016b43117d9e	6a794dbf-9836-4545-8f51-8bf8ebd23819	-infinity	-infinity	\N	\N
9b16c0f7-dfe8-4130-a8ff-08cc669f0b7b	d6225a0c-9308-47fc-ad4c-c71fb23a790c	-infinity	-infinity	\N	\N
bae412e4-fafb-47e8-afba-acb3247c6b25	ee03531e-994b-4bb5-911c-664f93af712e	-infinity	-infinity	\N	\N
2fd08b24-0efa-4ae6-8267-1d5b786d03c5	b24132ee-c9d9-4fd9-8f68-729e50677d42	-infinity	-infinity	\N	\N
afc31b2f-b1e0-4f16-944e-e61d7331e7b9	2fef5dfd-4ee1-45e2-aa5a-cb8c2c60f66d	-infinity	-infinity	\N	\N
7dfcc957-c34c-4c2d-a8a0-345105a6353b	31413912-2a5c-49a2-82a4-5f9c885cb238	-infinity	-infinity	\N	\N
d8b40c6f-9424-4847-b61b-877377725462	a84f6741-9d8e-4670-a998-34af2d419ec3	-infinity	-infinity	\N	\N
e16f52cc-9746-43f6-964f-dc6dec0f2a65	019e4c3e-0cd3-7a1a-be2a-fa0c347640cf	-infinity	-infinity	Dev Buyer	+27110000001
\.


--
-- TOC entry 6287 (class 0 OID 65144)
-- Dependencies: 285
-- Data for Name: buyer_wishlist_items; Type: TABLE DATA; Schema: mabuntle; Owner: postgres
--

COPY mabuntle.buyer_wishlist_items ("Id", "BuyerId", "ProductId", "CreatedAtUtc") FROM stdin;
\.


--
-- TOC entry 6254 (class 0 OID 64156)
-- Dependencies: 252
-- Data for Name: cart_items; Type: TABLE DATA; Schema: mabuntle; Owner: postgres
--

COPY mabuntle.cart_items ("Id", "CartId", "ProductId", "ProductVariantId", "ProductTitle", "Sku", "Size", "Colour", "UnitPrice", "Quantity", "CreatedAtUtc", "UpdatedAtUtc") FROM stdin;
b9af3abb-a452-46e7-9c79-766d7545ba31	ec7f2b57-ae62-4b2f-9aef-d390a73e61bf	e09ca12c-3825-493f-9732-754078bc34ec	438c3eff-fc1e-4ebe-8df2-5bd0ef7ae122	Concurrent reservation product	SKU-672cf0072f464178ad48b86013422f7e	M	Black	499.00	1	-infinity	-infinity
f05ec02c-d4dc-446a-970b-8c1e4d179205	09d44620-81c6-44ac-8853-c7d1b0b623b8	e09ca12c-3825-493f-9732-754078bc34ec	438c3eff-fc1e-4ebe-8df2-5bd0ef7ae122	Concurrent reservation product	SKU-672cf0072f464178ad48b86013422f7e	M	Black	499.00	1	-infinity	-infinity
cb8c7fbb-6e72-4a2c-a42b-9d3fcdf4c8c6	1cf0cf39-45ba-4836-9fca-9b082b616759	a40f5dcc-cc87-4ce3-a395-5de7a5fe173c	0c4e976a-daa1-40e2-9101-a8294201e6ab	Concurrent reservation product	SKU-6d75d818e6a54fbdbf98471dec4ec47c	M	Black	499.00	1	-infinity	-infinity
dbb0f54b-cb54-4579-bf47-1807b3cd8dd3	ac094b57-b204-433f-80be-6dea1476bc04	a40f5dcc-cc87-4ce3-a395-5de7a5fe173c	0c4e976a-daa1-40e2-9101-a8294201e6ab	Concurrent reservation product	SKU-6d75d818e6a54fbdbf98471dec4ec47c	M	Black	499.00	1	-infinity	-infinity
13dfafce-aeb6-470a-8c31-330e126daaf1	da67b6c4-6693-426e-8a7b-fd8afcf0da5f	17c987f1-c40c-4b37-8502-a773702cd96d	6da91b22-eda7-4e21-870a-7a4c2fa7bae8	Concurrent reservation product	SKU-3f0c9c4d481b4ee0a45d6f72ca03d829	M	Black	499.00	1	-infinity	-infinity
7300600e-77cf-48e8-bccb-637b4f8615c9	88df46a4-21ef-4e16-be35-3e3bd8a8b57c	17c987f1-c40c-4b37-8502-a773702cd96d	6da91b22-eda7-4e21-870a-7a4c2fa7bae8	Concurrent reservation product	SKU-3f0c9c4d481b4ee0a45d6f72ca03d829	M	Black	499.00	1	-infinity	-infinity
2aec92bf-46ee-4616-b740-fd9ae3db8369	cad7712f-73ac-4d76-84a2-e57aa129f036	122ad4bc-fbfb-48da-90eb-1eb1388ac05a	2ac372fd-eae9-4392-b085-5abeb2408fbd	Concurrent reservation product	SKU-c4c5bf999c804350951b4b0c7fbbe0c9	M	Black	499.00	1	-infinity	-infinity
587dd2f3-8d9d-44c9-be3d-17b73738b1fb	2079a916-03a0-4aa1-8fd8-5f41364c0bb3	122ad4bc-fbfb-48da-90eb-1eb1388ac05a	2ac372fd-eae9-4392-b085-5abeb2408fbd	Concurrent reservation product	SKU-c4c5bf999c804350951b4b0c7fbbe0c9	M	Black	499.00	1	-infinity	-infinity
47d20d56-6480-439d-a454-65da6bfdb4c5	56b154e3-c7a0-4bdb-a30d-e9fcc460c072	8cf6808d-8e37-4081-b890-ffc9112fc443	8bc87d5b-549d-471c-81e4-0b85c2c758bd	Concurrent reservation product	SKU-c4e69136316c43889fe68117afe1b896	M	Black	499.00	1	-infinity	-infinity
e708708b-cc62-421b-9efd-ee7041b9188a	d98ff53e-6c59-4a32-a8f3-27dafead0cd8	8cf6808d-8e37-4081-b890-ffc9112fc443	8bc87d5b-549d-471c-81e4-0b85c2c758bd	Concurrent reservation product	SKU-c4e69136316c43889fe68117afe1b896	M	Black	499.00	1	-infinity	-infinity
d9d965b4-5e0b-435c-b9c1-f9fb1d5a3a37	826676c5-4578-4e3c-b739-5653de479fcb	2e83d197-d982-4ab2-8a64-a902d42a0ba3	42264171-8895-48f5-9aa8-75b7f228952a	Rose Linen Midi Dress	DEV-DRESS-ROSE-L	L	Rose	1299.00	1	2026-05-27 22:34:22.441024+02	2026-05-27 22:34:22.441024+02
633e5dd7-f1c7-4614-ae0e-afc5e5adeb35	36e5089c-d4e9-458c-ab25-68ab3eac81b4	1b587e5b-352a-479a-801b-2f3b54c2938b	dffa92db-3ad9-409d-912c-eceb71a1caf9	Ivory Silk Wrap Blouse	DEV-BLOUSE-IVORY-L	L	Ivory	899.00	1	2026-05-27 22:34:23.361684+02	2026-05-27 22:34:23.361684+02
fd7b1266-8e0e-4ec8-806e-0fcbc260ae2b	36e5089c-d4e9-458c-ab25-68ab3eac81b4	2e83d197-d982-4ab2-8a64-a902d42a0ba3	42264171-8895-48f5-9aa8-75b7f228952a	Rose Linen Midi Dress	DEV-DRESS-ROSE-L	L	Rose	1299.00	1	2026-05-29 11:02:43.751498+02	2026-05-29 11:02:43.751498+02
8ca9d01b-9bf2-43f1-bad5-576857c63c2a	b57dea8f-13d5-485f-be57-a6c3a96406c0	2e83d197-d982-4ab2-8a64-a902d42a0ba3	42264171-8895-48f5-9aa8-75b7f228952a	Rose Linen Midi Dress	DEV-DRESS-ROSE-L	L	Rose	1299.00	1	2026-05-29 11:28:11.385101+02	2026-05-29 11:28:11.385101+02
ec111f17-a055-4ba5-b455-2680eed1bcf4	c7431d72-0b14-497a-8a35-497138d9f88e	2e83d197-d982-4ab2-8a64-a902d42a0ba3	42264171-8895-48f5-9aa8-75b7f228952a	Rose Linen Midi Dress	DEV-DRESS-ROSE-L	L	Rose	1299.00	1	2026-05-29 11:36:27.964627+02	2026-05-29 11:36:27.964627+02
41812af9-31a3-4126-adbc-abbad254c77b	c7afab99-e563-4584-a077-4da5d5740fea	2e83d197-d982-4ab2-8a64-a902d42a0ba3	42264171-8895-48f5-9aa8-75b7f228952a	Rose Linen Midi Dress	DEV-DRESS-ROSE-L	L	Rose	1299.00	1	2026-05-29 12:12:40.2686+02	2026-05-29 12:12:40.2686+02
3e45ba92-a70e-4451-b91b-d034e406fb61	0a1f7386-cce2-4e87-890d-e3bac4b83782	2e83d197-d982-4ab2-8a64-a902d42a0ba3	42264171-8895-48f5-9aa8-75b7f228952a	Rose Linen Midi Dress	DEV-DRESS-ROSE-L	L	Rose	1299.00	1	2026-05-29 13:30:36.479422+02	2026-05-29 13:30:36.479422+02
\.


--
-- TOC entry 6253 (class 0 OID 64136)
-- Dependencies: 251
-- Data for Name: carts; Type: TABLE DATA; Schema: mabuntle; Owner: postgres
--

COPY mabuntle.carts ("Id", "BuyerId", "SellerId", "Status", "CreatedAtUtc", "UpdatedAtUtc") FROM stdin;
09d44620-81c6-44ac-8853-c7d1b0b623b8	61ac2aef-4df1-4867-a7ac-d560f4e3a755	c5ff0278-e8fe-477d-bcf7-fc71e9659036	Active	-infinity	-infinity
ec7f2b57-ae62-4b2f-9aef-d390a73e61bf	810cfdf3-4540-43e4-9807-34ba4c670d36	c5ff0278-e8fe-477d-bcf7-fc71e9659036	Active	-infinity	-infinity
1cf0cf39-45ba-4836-9fca-9b082b616759	ecd3d825-41b7-4187-91a7-016b43117d9e	f2c66fa8-eeb5-439e-a23d-9c17eb782bbb	Active	-infinity	-infinity
ac094b57-b204-433f-80be-6dea1476bc04	24b0a62f-b20f-49c1-b23a-99bfa0161ab7	f2c66fa8-eeb5-439e-a23d-9c17eb782bbb	Active	-infinity	-infinity
88df46a4-21ef-4e16-be35-3e3bd8a8b57c	bae412e4-fafb-47e8-afba-acb3247c6b25	e24312a8-4736-4a88-a837-cca845b9851c	Active	-infinity	-infinity
da67b6c4-6693-426e-8a7b-fd8afcf0da5f	9b16c0f7-dfe8-4130-a8ff-08cc669f0b7b	e24312a8-4736-4a88-a837-cca845b9851c	Active	-infinity	-infinity
2079a916-03a0-4aa1-8fd8-5f41364c0bb3	2fd08b24-0efa-4ae6-8267-1d5b786d03c5	6d3e4b00-29c9-4091-9c2e-5255ef4cc7f9	Active	-infinity	-infinity
cad7712f-73ac-4d76-84a2-e57aa129f036	afc31b2f-b1e0-4f16-944e-e61d7331e7b9	6d3e4b00-29c9-4091-9c2e-5255ef4cc7f9	Active	-infinity	-infinity
56b154e3-c7a0-4bdb-a30d-e9fcc460c072	7dfcc957-c34c-4c2d-a8a0-345105a6353b	254cc904-af8b-496c-a0fa-b730f2924487	Active	-infinity	-infinity
d98ff53e-6c59-4a32-a8f3-27dafead0cd8	d8b40c6f-9424-4847-b61b-877377725462	254cc904-af8b-496c-a0fa-b730f2924487	Active	-infinity	-infinity
0f911926-9975-4f7b-9970-d5e399bd5c56	e16f52cc-9746-43f6-964f-dc6dec0f2a65	\N	CheckedOut	2026-05-27 15:16:23.539115+02	2026-05-27 15:43:29.728761+02
826676c5-4578-4e3c-b739-5653de479fcb	e16f52cc-9746-43f6-964f-dc6dec0f2a65	912b8c72-398a-49d1-b92c-b68b2be12685	CheckedOut	2026-05-27 22:34:22.441024+02	2026-05-27 22:34:23.179276+02
36e5089c-d4e9-458c-ab25-68ab3eac81b4	e16f52cc-9746-43f6-964f-dc6dec0f2a65	912b8c72-398a-49d1-b92c-b68b2be12685	CheckedOut	2026-05-27 22:34:23.361684+02	2026-05-29 11:02:44.416092+02
b57dea8f-13d5-485f-be57-a6c3a96406c0	e16f52cc-9746-43f6-964f-dc6dec0f2a65	912b8c72-398a-49d1-b92c-b68b2be12685	CheckedOut	2026-05-29 11:28:11.385101+02	2026-05-29 11:28:12.022187+02
c7431d72-0b14-497a-8a35-497138d9f88e	e16f52cc-9746-43f6-964f-dc6dec0f2a65	912b8c72-398a-49d1-b92c-b68b2be12685	CheckedOut	2026-05-29 11:36:27.964627+02	2026-05-29 11:36:28.585587+02
c7afab99-e563-4584-a077-4da5d5740fea	e16f52cc-9746-43f6-964f-dc6dec0f2a65	912b8c72-398a-49d1-b92c-b68b2be12685	CheckedOut	2026-05-29 12:12:40.2686+02	2026-05-29 12:12:40.948128+02
0a1f7386-cce2-4e87-890d-e3bac4b83782	e16f52cc-9746-43f6-964f-dc6dec0f2a65	912b8c72-398a-49d1-b92c-b68b2be12685	CheckedOut	2026-05-29 13:30:36.479422+02	2026-05-29 13:30:37.219564+02
\.


--
-- TOC entry 6241 (class 0 OID 63535)
-- Dependencies: 239
-- Data for Name: categories; Type: TABLE DATA; Schema: mabuntle; Owner: postgres
--

COPY mabuntle.categories ("Id", "ParentCategoryId", "Name", "Slug", "DisplayOrder", "IsActive") FROM stdin;
20000000-0000-0000-0000-000000000001	\N	Women	women	10	t
20000000-0000-0000-0000-000000000005	\N	Men	men	20	t
20000000-0000-0000-0000-000000000008	\N	Jewellery	jewellery	30	t
20000000-0000-0000-0000-000000000012	\N	Accessories	accessories	40	t
20000000-0000-0000-0000-000000000015	\N	Beauty	beauty	50	t
20000000-0000-0000-0000-000000000002	20000000-0000-0000-0000-000000000001	Clothing	women-clothing	10	t
20000000-0000-0000-0000-000000000006	20000000-0000-0000-0000-000000000005	Clothing	men-clothing	10	t
20000000-0000-0000-0000-000000000009	20000000-0000-0000-0000-000000000008	Earrings	jewellery-earrings	10	t
20000000-0000-0000-0000-000000000011	20000000-0000-0000-0000-000000000008	Rings	jewellery-rings	20	t
20000000-0000-0000-0000-000000000013	20000000-0000-0000-0000-000000000012	Bags	accessories-bags	10	t
20000000-0000-0000-0000-000000000014	20000000-0000-0000-0000-000000000012	Belts	accessories-belts	20	t
20000000-0000-0000-0000-000000000016	20000000-0000-0000-0000-000000000015	Makeup	beauty-makeup	10	t
20000000-0000-0000-0000-000000000018	20000000-0000-0000-0000-000000000015	Skincare	beauty-skincare	20	t
20000000-0000-0000-0000-000000000003	20000000-0000-0000-0000-000000000002	Dresses	women-clothing-dresses	10	t
20000000-0000-0000-0000-000000000004	20000000-0000-0000-0000-000000000002	Tops	women-clothing-tops	20	t
20000000-0000-0000-0000-000000000007	20000000-0000-0000-0000-000000000006	Shirts	men-clothing-shirts	10	t
20000000-0000-0000-0000-000000000010	20000000-0000-0000-0000-000000000009	Hoop Earrings	jewellery-earrings-hoop-earrings	10	t
20000000-0000-0000-0000-000000000017	20000000-0000-0000-0000-000000000016	Foundation	beauty-makeup-foundation	10	t
20000000-0000-0000-0000-000000000019	20000000-0000-0000-0000-000000000018	Cleansers	beauty-skincare-cleansers	10	t
\.


--
-- TOC entry 6242 (class 0 OID 63550)
-- Dependencies: 240
-- Data for Name: category_attributes; Type: TABLE DATA; Schema: mabuntle; Owner: postgres
--

COPY mabuntle.category_attributes ("Id", "CategoryId", "Name", "Key", "DataType", "IsRequired", allowed_values_json, "DisplayOrder", "IsActive") FROM stdin;
30000000-0000-0000-0000-000000000011	20000000-0000-0000-0000-000000000011	Material	material	Select	t	["Gold", "Silver", "Stainless Steel"]	10	t
30000000-0000-0000-0000-000000000012	20000000-0000-0000-0000-000000000011	Ring Size	ring-size	Select	t	["5", "6", "7", "8", "9", "10"]	20	t
30000000-0000-0000-0000-000000000013	20000000-0000-0000-0000-000000000013	Material	material	Select	t	["Leather", "Vegan Leather", "Canvas", "Fabric"]	10	t
30000000-0000-0000-0000-000000000014	20000000-0000-0000-0000-000000000013	Colour	colour	Text	t	[]	20	t
30000000-0000-0000-0000-000000000015	20000000-0000-0000-0000-000000000014	Size	size	Select	t	["S", "M", "L", "XL"]	10	t
30000000-0000-0000-0000-000000000016	20000000-0000-0000-0000-000000000014	Material	material	Select	t	["Leather", "Vegan Leather", "Fabric"]	20	t
30000000-0000-0000-0000-000000000001	20000000-0000-0000-0000-000000000003	Size	size	Select	t	["XS", "S", "M", "L", "XL"]	10	t
30000000-0000-0000-0000-000000000002	20000000-0000-0000-0000-000000000003	Colour	colour	Text	t	[]	20	t
30000000-0000-0000-0000-000000000003	20000000-0000-0000-0000-000000000003	Material	material	Text	f	[]	30	t
30000000-0000-0000-0000-000000000004	20000000-0000-0000-0000-000000000004	Size	size	Select	t	["XS", "S", "M", "L", "XL"]	10	t
30000000-0000-0000-0000-000000000005	20000000-0000-0000-0000-000000000004	Colour	colour	Text	t	[]	20	t
30000000-0000-0000-0000-000000000006	20000000-0000-0000-0000-000000000007	Size	size	Select	t	["S", "M", "L", "XL", "XXL"]	10	t
30000000-0000-0000-0000-000000000007	20000000-0000-0000-0000-000000000007	Colour	colour	Text	t	[]	20	t
30000000-0000-0000-0000-000000000008	20000000-0000-0000-0000-000000000007	Fit	fit	Text	f	[]	30	t
30000000-0000-0000-0000-000000000009	20000000-0000-0000-0000-000000000010	Material	material	Select	t	["Gold", "Silver", "Stainless Steel", "Beaded"]	10	t
30000000-0000-0000-0000-000000000010	20000000-0000-0000-0000-000000000010	Colour	colour	Text	f	[]	20	t
30000000-0000-0000-0000-000000000017	20000000-0000-0000-0000-000000000017	Shade	shade	Text	t	[]	10	t
30000000-0000-0000-0000-000000000018	20000000-0000-0000-0000-000000000017	Skin Type	skin-type	MultiSelect	f	["Dry", "Oily", "Combination", "Sensitive"]	20	t
30000000-0000-0000-0000-000000000019	20000000-0000-0000-0000-000000000017	Volume ml	volume-ml	Decimal	f	[]	30	t
30000000-0000-0000-0000-000000000020	20000000-0000-0000-0000-000000000019	Skin Type	skin-type	MultiSelect	t	["Dry", "Oily", "Combination", "Sensitive"]	10	t
30000000-0000-0000-0000-000000000021	20000000-0000-0000-0000-000000000019	Volume ml	volume-ml	Decimal	f	[]	20	t
\.


--
-- TOC entry 6259 (class 0 OID 64318)
-- Dependencies: 257
-- Data for Name: commission_rules; Type: TABLE DATA; Schema: mabuntle; Owner: postgres
--

COPY mabuntle.commission_rules ("Id", "Name", "PlatformCommissionRatePercent", "PaymentProviderFeeRatePercent", "PaymentProviderFixedFee", "Currency", "IsActive", "CreatedAtUtc") FROM stdin;
\.


--
-- TOC entry 6274 (class 0 OID 64769)
-- Dependencies: 272
-- Data for Name: dispute_evidence; Type: TABLE DATA; Schema: mabuntle; Owner: postgres
--

COPY mabuntle.dispute_evidence ("Id", "DisputeId", "SubmittedByUserId", "SubmittedByRole", "EvidenceType", "StorageReference", "Description", "CreatedAtUtc") FROM stdin;
\.


--
-- TOC entry 6275 (class 0 OID 64788)
-- Dependencies: 273
-- Data for Name: dispute_messages; Type: TABLE DATA; Schema: mabuntle; Owner: postgres
--

COPY mabuntle.dispute_messages ("Id", "DisputeId", "SenderUserId", "SenderRole", "Message", "CreatedAtUtc") FROM stdin;
\.


--
-- TOC entry 6273 (class 0 OID 64732)
-- Dependencies: 271
-- Data for Name: disputes; Type: TABLE DATA; Schema: mabuntle; Owner: postgres
--

COPY mabuntle.disputes ("Id", "OrderId", "ReturnRequestId", "BuyerId", "SellerId", "Status", "OpenedByUserId", "Reason", "OpenedAtUtc", "ResolvedByUserId", "ResolutionReason", "ResolvedAtUtc", "CreatedAtUtc", "UpdatedAtUtc") FROM stdin;
\.


--
-- TOC entry 6303 (class 0 OID 71831)
-- Dependencies: 301
-- Data for Name: inventory_movements; Type: TABLE DATA; Schema: mabuntle; Owner: postgres
--

COPY mabuntle.inventory_movements ("Id", "SellerId", "ProductId", "ProductVariantId", "MovementType", "StockQuantityBefore", "StockQuantityAfter", "ReservedQuantityBefore", "ReservedQuantityAfter", "QuantityDelta", "StatusBefore", "StatusAfter", "Source", "Reason", "ActorUserId", "BatchReference", "OccurredAtUtc", "CartId", "OrderId", "PaymentId", "RefundId", "ReservationId", "ReturnRequestId") FROM stdin;
e69e0e09-2912-4ad2-bef9-89d53d9b69fe	912b8c72-398a-49d1-b92c-b68b2be12685	2e83d197-d982-4ab2-8a64-a902d42a0ba3	42264171-8895-48f5-9aa8-75b7f228952a	ReservationCreated	10	10	0	2	0	Active	Active	CheckoutReservation	Cart checkout reserved stock while payment is pending.	\N	\N	2026-05-27 15:20:06.734808+02	0f911926-9975-4f7b-9970-d5e399bd5c56	\N	\N	\N	651bd111-fe9e-4510-ae40-4445cd5c24e7	\N
820ff18d-3b06-4123-ba5a-17f85cacaa0d	912b8c72-398a-49d1-b92c-b68b2be12685	2e83d197-d982-4ab2-8a64-a902d42a0ba3	42264171-8895-48f5-9aa8-75b7f228952a	ReservationConfirmed	10	10	2	2	0	Active	Active	PaymentWebhookPaid	Signed payment webhook confirmed the checkout reservation; stock quantity was not deducted automatically.	\N	\N	2026-05-27 15:43:29.281862+02	0f911926-9975-4f7b-9970-d5e399bd5c56	a36130b8-93e1-4c1b-a253-cd4726b1d473	bc6c01c2-f46c-4374-8a8b-f5f945a28ab4	\N	651bd111-fe9e-4510-ae40-4445cd5c24e7	\N
9698778e-7378-4c6a-9a62-bd978982cbea	912b8c72-398a-49d1-b92c-b68b2be12685	2e83d197-d982-4ab2-8a64-a902d42a0ba3	42264171-8895-48f5-9aa8-75b7f228952a	ReturnRequested	10	10	2	2	0	Active	Active	ReturnWorkflow	Buyer requested a return; stock and reserved quantities were not changed automatically.	019e4c3e-0cd3-7a1a-be2a-fa0c347640cf	\N	2026-05-27 15:44:15.520084+02	\N	a36130b8-93e1-4c1b-a253-cd4726b1d473	\N	\N	\N	87b38588-55d6-4836-bf90-d3e1593fbddc
6f7021a1-b00f-4f04-8dde-5c638ef642ff	912b8c72-398a-49d1-b92c-b68b2be12685	2e83d197-d982-4ab2-8a64-a902d42a0ba3	42264171-8895-48f5-9aa8-75b7f228952a	ReservationCreated	10	10	2	3	0	Active	Active	CheckoutReservation	Cart checkout reserved stock while payment is pending.	\N	\N	2026-05-27 22:34:22.786389+02	826676c5-4578-4e3c-b739-5653de479fcb	\N	\N	\N	490d4f11-ff1b-43b5-aef1-0f7e343ef11c	\N
2d1b7986-97ca-4658-902a-9191a4465dfa	912b8c72-398a-49d1-b92c-b68b2be12685	1b587e5b-352a-479a-801b-2f3b54c2938b	dffa92db-3ad9-409d-912c-eceb71a1caf9	ReservationCreated	6	6	0	1	0	Active	Active	CheckoutReservation	Cart checkout reserved stock while payment is pending.	\N	\N	2026-05-29 11:02:43.995093+02	36e5089c-d4e9-458c-ab25-68ab3eac81b4	\N	\N	\N	77af0c0e-04eb-49be-871b-22f620929f01	\N
fa9197cf-5e87-433c-a1ba-a625f479d405	912b8c72-398a-49d1-b92c-b68b2be12685	2e83d197-d982-4ab2-8a64-a902d42a0ba3	42264171-8895-48f5-9aa8-75b7f228952a	ReservationCreated	10	10	3	4	0	Active	Active	CheckoutReservation	Cart checkout reserved stock while payment is pending.	\N	\N	2026-05-29 11:02:43.995093+02	36e5089c-d4e9-458c-ab25-68ab3eac81b4	\N	\N	\N	9d03f4bf-0e97-47cb-8ee8-d8228c6c69ff	\N
4c22f2ef-d107-45de-8141-73048137dab7	912b8c72-398a-49d1-b92c-b68b2be12685	1b587e5b-352a-479a-801b-2f3b54c2938b	dffa92db-3ad9-409d-912c-eceb71a1caf9	ReservationConfirmed	6	6	1	1	0	Active	Active	PaymentWebhookPaid	Signed payment webhook confirmed the checkout reservation; stock quantity was not deducted automatically.	\N	\N	2026-05-29 11:02:44.786818+02	36e5089c-d4e9-458c-ab25-68ab3eac81b4	a4fae5d2-8148-46ec-acd9-96c9f86f8d8b	11c6b4c5-d9f7-4485-8bd7-648f640b1d5a	\N	77af0c0e-04eb-49be-871b-22f620929f01	\N
e5657b83-1c66-45b6-a427-3b63917788be	912b8c72-398a-49d1-b92c-b68b2be12685	2e83d197-d982-4ab2-8a64-a902d42a0ba3	42264171-8895-48f5-9aa8-75b7f228952a	ReservationConfirmed	10	10	4	4	0	Active	Active	PaymentWebhookPaid	Signed payment webhook confirmed the checkout reservation; stock quantity was not deducted automatically.	\N	\N	2026-05-29 11:02:44.786818+02	36e5089c-d4e9-458c-ab25-68ab3eac81b4	a4fae5d2-8148-46ec-acd9-96c9f86f8d8b	11c6b4c5-d9f7-4485-8bd7-648f640b1d5a	\N	9d03f4bf-0e97-47cb-8ee8-d8228c6c69ff	\N
9bd2e2fe-caed-4b05-8ce0-24ac00e13322	912b8c72-398a-49d1-b92c-b68b2be12685	2e83d197-d982-4ab2-8a64-a902d42a0ba3	42264171-8895-48f5-9aa8-75b7f228952a	ReservationCreated	10	10	4	5	0	Active	Active	CheckoutReservation	Cart checkout reserved stock while payment is pending.	\N	\N	2026-05-29 11:28:11.659377+02	b57dea8f-13d5-485f-be57-a6c3a96406c0	\N	\N	\N	ee8bed98-5d09-4140-a3f8-5a344b5bc988	\N
41e3b8cc-f800-44d4-b7ae-f90d6804a784	912b8c72-398a-49d1-b92c-b68b2be12685	2e83d197-d982-4ab2-8a64-a902d42a0ba3	42264171-8895-48f5-9aa8-75b7f228952a	ReservationConfirmed	10	10	5	5	0	Active	Active	PaymentWebhookPaid	Signed payment webhook confirmed the checkout reservation; stock quantity was not deducted automatically.	\N	\N	2026-05-29 11:28:12.349137+02	b57dea8f-13d5-485f-be57-a6c3a96406c0	339fe53e-5a26-450a-9ecb-df4373db2e3f	d804fc62-a6c8-40af-b2df-693674aefccd	\N	ee8bed98-5d09-4140-a3f8-5a344b5bc988	\N
539b608d-1ac7-4398-bf74-0748afc9c6e2	912b8c72-398a-49d1-b92c-b68b2be12685	2e83d197-d982-4ab2-8a64-a902d42a0ba3	42264171-8895-48f5-9aa8-75b7f228952a	ReservationCreated	10	10	5	6	0	Active	Active	CheckoutReservation	Cart checkout reserved stock while payment is pending.	\N	\N	2026-05-29 11:36:28.218768+02	c7431d72-0b14-497a-8a35-497138d9f88e	\N	\N	\N	bf76a32f-c5c2-461a-827f-17e929f1ba16	\N
9f4bef10-e353-4668-ade5-9cda5fd827d5	912b8c72-398a-49d1-b92c-b68b2be12685	2e83d197-d982-4ab2-8a64-a902d42a0ba3	42264171-8895-48f5-9aa8-75b7f228952a	ReservationConfirmed	10	10	6	6	0	Active	Active	PaymentWebhookPaid	Signed payment webhook confirmed the checkout reservation; stock quantity was not deducted automatically.	\N	\N	2026-05-29 11:36:28.906639+02	c7431d72-0b14-497a-8a35-497138d9f88e	b6cc1186-4812-4232-82af-6b5a340d126e	1f0e7b4f-b346-4a63-b949-7bc5fc2d84b1	\N	bf76a32f-c5c2-461a-827f-17e929f1ba16	\N
55df346f-dacf-48ae-85c3-741000f398f4	912b8c72-398a-49d1-b92c-b68b2be12685	2e83d197-d982-4ab2-8a64-a902d42a0ba3	42264171-8895-48f5-9aa8-75b7f228952a	ReservationCreated	10	10	6	7	0	Active	Active	CheckoutReservation	Cart checkout reserved stock while payment is pending.	\N	\N	2026-05-29 12:12:40.542422+02	c7afab99-e563-4584-a077-4da5d5740fea	\N	\N	\N	d301bff3-5709-4868-ae69-a36fae460d1f	\N
7a456f62-6059-4c57-9e40-1e9ef0bf7ebc	912b8c72-398a-49d1-b92c-b68b2be12685	2e83d197-d982-4ab2-8a64-a902d42a0ba3	42264171-8895-48f5-9aa8-75b7f228952a	ReservationConfirmed	10	10	7	7	0	Active	Active	PaymentWebhookPaid	Signed payment webhook confirmed the checkout reservation; stock quantity was not deducted automatically.	\N	\N	2026-05-29 12:12:41.278618+02	c7afab99-e563-4584-a077-4da5d5740fea	491490cb-39d3-4511-b383-fcfc34eb734b	8e6b7747-b4f9-4272-bd1f-1035ded3b0ae	\N	d301bff3-5709-4868-ae69-a36fae460d1f	\N
13fa10bf-3b8c-4a50-bae5-af7af8338335	912b8c72-398a-49d1-b92c-b68b2be12685	2e83d197-d982-4ab2-8a64-a902d42a0ba3	42264171-8895-48f5-9aa8-75b7f228952a	ReturnRequested	10	10	7	7	0	Active	Active	ReturnWorkflow	Buyer requested a return; stock and reserved quantities were not changed automatically.	019e4c3e-0cd3-7a1a-be2a-fa0c347640cf	\N	2026-05-29 12:15:59.978288+02	\N	491490cb-39d3-4511-b383-fcfc34eb734b	\N	\N	\N	e6ea57b0-dd8c-431c-aa9c-f7c9c682acd5
4503ee25-5476-44b7-91b6-eaa1839fa51a	912b8c72-398a-49d1-b92c-b68b2be12685	2e83d197-d982-4ab2-8a64-a902d42a0ba3	42264171-8895-48f5-9aa8-75b7f228952a	ReservationCreated	10	10	7	8	0	Active	Active	CheckoutReservation	Cart checkout reserved stock while payment is pending.	\N	\N	2026-05-29 13:30:36.799879+02	0a1f7386-cce2-4e87-890d-e3bac4b83782	\N	\N	\N	9473b4fc-ee9f-4d41-a836-f5f9ee867aca	\N
2b988ee3-d42c-4707-8919-73dd734c9cef	912b8c72-398a-49d1-b92c-b68b2be12685	2e83d197-d982-4ab2-8a64-a902d42a0ba3	42264171-8895-48f5-9aa8-75b7f228952a	ReservationConfirmed	10	10	8	8	0	Active	Active	PaymentWebhookPaid	Signed payment webhook confirmed the checkout reservation; stock quantity was not deducted automatically.	\N	\N	2026-05-29 13:30:37.606807+02	0a1f7386-cce2-4e87-890d-e3bac4b83782	71583d35-cdfc-43f3-88d6-14b3b5c78f5b	1fcb5477-f8ba-4fa9-b2f1-a797f83482e2	\N	9473b4fc-ee9f-4d41-a836-f5f9ee867aca	\N
ce296f0f-cd8c-4141-b164-d79f8472dd1c	912b8c72-398a-49d1-b92c-b68b2be12685	2e83d197-d982-4ab2-8a64-a902d42a0ba3	42264171-8895-48f5-9aa8-75b7f228952a	ReturnRequested	10	10	8	8	0	Active	Active	ReturnWorkflow	Buyer requested a return; stock and reserved quantities were not changed automatically.	019e4c3e-0cd3-7a1a-be2a-fa0c347640cf	\N	2026-05-29 13:31:20.490804+02	\N	71583d35-cdfc-43f3-88d6-14b3b5c78f5b	\N	\N	\N	5774b963-0aad-4477-8fb7-ec1a723ff3cd
86530c06-cdfb-4695-abec-493fc6673914	912b8c72-398a-49d1-b92c-b68b2be12685	2e83d197-d982-4ab2-8a64-a902d42a0ba3	42264171-8895-48f5-9aa8-75b7f228952a	RefundCompleted	10	10	8	8	0	Active	Active	RefundWorkflow	Refund completed; stock and reserved quantities were not changed automatically.	019e4c3e-0c41-7b54-9fb3-75a54b0810d8	\N	2026-05-29 13:31:20.996192+02	\N	71583d35-cdfc-43f3-88d6-14b3b5c78f5b	1fcb5477-f8ba-4fa9-b2f1-a797f83482e2	6f00614d-fe12-4fdf-a4c7-52da46f33393	\N	5774b963-0aad-4477-8fb7-ec1a723ff3cd
\.


--
-- TOC entry 6255 (class 0 OID 64193)
-- Dependencies: 253
-- Data for Name: inventory_reservations; Type: TABLE DATA; Schema: mabuntle; Owner: postgres
--

COPY mabuntle.inventory_reservations ("Id", "ProductVariantId", "BuyerId", "CartId", "Quantity", "ExpiresAtUtc", "Status", "CreatedAtUtc", "ConfirmedAtUtc", "ExpiredAtUtc", "CancelledAtUtc") FROM stdin;
0cb88841-842e-4b94-9f25-25b24501eb40	438c3eff-fc1e-4ebe-8df2-5bd0ef7ae122	810cfdf3-4540-43e4-9807-34ba4c670d36	ec7f2b57-ae62-4b2f-9aef-d390a73e61bf	1	2026-05-19 13:48:33.178803+02	Active	2026-05-19 13:33:33.178803+02	\N	\N	\N
26169fa8-27ea-4aa1-b401-eaa8b0fa875d	0c4e976a-daa1-40e2-9101-a8294201e6ab	ecd3d825-41b7-4187-91a7-016b43117d9e	1cf0cf39-45ba-4836-9fca-9b082b616759	1	2026-05-19 14:20:11.131757+02	Active	2026-05-19 14:05:11.131757+02	\N	\N	\N
7a341fbf-fc73-4079-b587-8f34703b73c3	6da91b22-eda7-4e21-870a-7a4c2fa7bae8	9b16c0f7-dfe8-4130-a8ff-08cc669f0b7b	da67b6c4-6693-426e-8a7b-fd8afcf0da5f	1	2026-05-19 21:02:41.752129+02	Active	2026-05-19 20:47:41.752129+02	\N	\N	\N
27603d6e-e32d-4d2d-b639-26cd3b96854f	2ac372fd-eae9-4392-b085-5abeb2408fbd	afc31b2f-b1e0-4f16-944e-e61d7331e7b9	cad7712f-73ac-4d76-84a2-e57aa129f036	1	2026-05-21 16:05:46.893223+02	Active	2026-05-21 15:50:46.893223+02	\N	\N	\N
d29b31ca-e2f9-4278-9cc7-e7419a1e6750	8bc87d5b-549d-471c-81e4-0b85c2c758bd	d8b40c6f-9424-4847-b61b-877377725462	d98ff53e-6c59-4a32-a8f3-27dafead0cd8	1	2026-05-21 16:42:11.110717+02	Active	2026-05-21 16:27:11.110717+02	\N	\N	\N
651bd111-fe9e-4510-ae40-4445cd5c24e7	42264171-8895-48f5-9aa8-75b7f228952a	e16f52cc-9746-43f6-964f-dc6dec0f2a65	0f911926-9975-4f7b-9970-d5e399bd5c56	2	2026-05-27 15:35:06.734808+02	Confirmed	2026-05-27 15:20:06.734808+02	2026-05-27 15:43:29.281862+02	\N	\N
490d4f11-ff1b-43b5-aef1-0f7e343ef11c	42264171-8895-48f5-9aa8-75b7f228952a	e16f52cc-9746-43f6-964f-dc6dec0f2a65	826676c5-4578-4e3c-b739-5653de479fcb	1	2026-05-27 22:49:22.786389+02	Active	2026-05-27 22:34:22.786389+02	\N	\N	\N
77af0c0e-04eb-49be-871b-22f620929f01	dffa92db-3ad9-409d-912c-eceb71a1caf9	e16f52cc-9746-43f6-964f-dc6dec0f2a65	36e5089c-d4e9-458c-ab25-68ab3eac81b4	1	2026-05-29 11:17:43.995093+02	Confirmed	2026-05-29 11:02:43.995093+02	2026-05-29 11:02:44.786818+02	\N	\N
9d03f4bf-0e97-47cb-8ee8-d8228c6c69ff	42264171-8895-48f5-9aa8-75b7f228952a	e16f52cc-9746-43f6-964f-dc6dec0f2a65	36e5089c-d4e9-458c-ab25-68ab3eac81b4	1	2026-05-29 11:17:43.995093+02	Confirmed	2026-05-29 11:02:43.995093+02	2026-05-29 11:02:44.786818+02	\N	\N
ee8bed98-5d09-4140-a3f8-5a344b5bc988	42264171-8895-48f5-9aa8-75b7f228952a	e16f52cc-9746-43f6-964f-dc6dec0f2a65	b57dea8f-13d5-485f-be57-a6c3a96406c0	1	2026-05-29 11:43:11.659377+02	Confirmed	2026-05-29 11:28:11.659377+02	2026-05-29 11:28:12.349137+02	\N	\N
bf76a32f-c5c2-461a-827f-17e929f1ba16	42264171-8895-48f5-9aa8-75b7f228952a	e16f52cc-9746-43f6-964f-dc6dec0f2a65	c7431d72-0b14-497a-8a35-497138d9f88e	1	2026-05-29 11:51:28.218768+02	Confirmed	2026-05-29 11:36:28.218768+02	2026-05-29 11:36:28.906639+02	\N	\N
d301bff3-5709-4868-ae69-a36fae460d1f	42264171-8895-48f5-9aa8-75b7f228952a	e16f52cc-9746-43f6-964f-dc6dec0f2a65	c7afab99-e563-4584-a077-4da5d5740fea	1	2026-05-29 12:27:40.542422+02	Confirmed	2026-05-29 12:12:40.542422+02	2026-05-29 12:12:41.278618+02	\N	\N
9473b4fc-ee9f-4d41-a836-f5f9ee867aca	42264171-8895-48f5-9aa8-75b7f228952a	e16f52cc-9746-43f6-964f-dc6dec0f2a65	0a1f7386-cce2-4e87-890d-e3bac4b83782	1	2026-05-29 13:45:36.799879+02	Confirmed	2026-05-29 13:30:36.799879+02	2026-05-29 13:30:37.606807+02	\N	\N
\.


--
-- TOC entry 6262 (class 0 OID 64373)
-- Dependencies: 260
-- Data for Name: ledger_entries; Type: TABLE DATA; Schema: mabuntle; Owner: postgres
--

COPY mabuntle.ledger_entries ("Id", "OrderId", "OrderItemId", "SellerId", "BuyerId", "PaymentId", "Type", "Amount", "Currency", "Direction", "Description", "CreatedAtUtc") FROM stdin;
862d8909-1c2b-4021-be21-97947f86a602	a36130b8-93e1-4c1b-a253-cd4726b1d473	\N	912b8c72-398a-49d1-b92c-b68b2be12685	e16f52cc-9746-43f6-964f-dc6dec0f2a65	bc6c01c2-f46c-4374-8a8b-f5f945a28ab4	PlatformCommissionRecorded	259.80	ZAR	Credit	Platform commission recorded.	2026-05-27 15:43:29.281862+02
b6aa8de0-250a-4538-9bb0-ef9086eb99a5	a36130b8-93e1-4c1b-a253-cd4726b1d473	\N	912b8c72-398a-49d1-b92c-b68b2be12685	e16f52cc-9746-43f6-964f-dc6dec0f2a65	bc6c01c2-f46c-4374-8a8b-f5f945a28ab4	SellerPendingBalanceCredited	2273.25	ZAR	Credit	Seller pending balance credited.	2026-05-27 15:43:29.281862+02
d828249e-65e4-456e-9045-3169b7779d5b	a36130b8-93e1-4c1b-a253-cd4726b1d473	\N	912b8c72-398a-49d1-b92c-b68b2be12685	e16f52cc-9746-43f6-964f-dc6dec0f2a65	bc6c01c2-f46c-4374-8a8b-f5f945a28ab4	BuyerPaymentReceived	2598.00	ZAR	Credit	Buyer payment received.	2026-05-27 15:43:29.281862+02
e7ca0311-19ed-4584-8904-1058eface541	a36130b8-93e1-4c1b-a253-cd4726b1d473	\N	912b8c72-398a-49d1-b92c-b68b2be12685	e16f52cc-9746-43f6-964f-dc6dec0f2a65	bc6c01c2-f46c-4374-8a8b-f5f945a28ab4	PaymentProviderFeeRecorded	64.95	ZAR	Debit	Payment provider fee recorded.	2026-05-27 15:43:29.281862+02
26a3288f-a02a-4a5a-a69b-45d825dbb2ec	a4fae5d2-8148-46ec-acd9-96c9f86f8d8b	\N	912b8c72-398a-49d1-b92c-b68b2be12685	e16f52cc-9746-43f6-964f-dc6dec0f2a65	11c6b4c5-d9f7-4485-8bd7-648f640b1d5a	SellerPendingBalanceCredited	1923.25	ZAR	Credit	Seller pending balance credited.	2026-05-29 11:02:44.786818+02
700b57a5-3a67-4d9a-8d82-071801f0da10	a4fae5d2-8148-46ec-acd9-96c9f86f8d8b	\N	912b8c72-398a-49d1-b92c-b68b2be12685	e16f52cc-9746-43f6-964f-dc6dec0f2a65	11c6b4c5-d9f7-4485-8bd7-648f640b1d5a	BuyerPaymentReceived	2198.00	ZAR	Credit	Buyer payment received.	2026-05-29 11:02:44.786818+02
d1c2594d-72d1-421c-9c40-90bc1ec7cd1e	a4fae5d2-8148-46ec-acd9-96c9f86f8d8b	\N	912b8c72-398a-49d1-b92c-b68b2be12685	e16f52cc-9746-43f6-964f-dc6dec0f2a65	11c6b4c5-d9f7-4485-8bd7-648f640b1d5a	PlatformCommissionRecorded	219.80	ZAR	Credit	Platform commission recorded.	2026-05-29 11:02:44.786818+02
f2e57459-ddbf-45b6-b10a-706b0a85f352	a4fae5d2-8148-46ec-acd9-96c9f86f8d8b	\N	912b8c72-398a-49d1-b92c-b68b2be12685	e16f52cc-9746-43f6-964f-dc6dec0f2a65	11c6b4c5-d9f7-4485-8bd7-648f640b1d5a	PaymentProviderFeeRecorded	54.95	ZAR	Debit	Payment provider fee recorded.	2026-05-29 11:02:44.786818+02
18ca3092-1826-48cc-a69e-55e01861c613	339fe53e-5a26-450a-9ecb-df4373db2e3f	\N	912b8c72-398a-49d1-b92c-b68b2be12685	e16f52cc-9746-43f6-964f-dc6dec0f2a65	d804fc62-a6c8-40af-b2df-693674aefccd	PaymentProviderFeeRecorded	32.48	ZAR	Debit	Payment provider fee recorded.	2026-05-29 11:28:12.349137+02
1dd8aa9c-5ed5-4904-aead-35d39c585a04	339fe53e-5a26-450a-9ecb-df4373db2e3f	\N	912b8c72-398a-49d1-b92c-b68b2be12685	e16f52cc-9746-43f6-964f-dc6dec0f2a65	d804fc62-a6c8-40af-b2df-693674aefccd	BuyerPaymentReceived	1299.00	ZAR	Credit	Buyer payment received.	2026-05-29 11:28:12.349137+02
8b361607-461f-445e-88d2-5c432a33d1c1	339fe53e-5a26-450a-9ecb-df4373db2e3f	\N	912b8c72-398a-49d1-b92c-b68b2be12685	e16f52cc-9746-43f6-964f-dc6dec0f2a65	d804fc62-a6c8-40af-b2df-693674aefccd	SellerPendingBalanceCredited	1136.62	ZAR	Credit	Seller pending balance credited.	2026-05-29 11:28:12.349137+02
f0098677-421b-45ef-a7db-1281d7d30915	339fe53e-5a26-450a-9ecb-df4373db2e3f	\N	912b8c72-398a-49d1-b92c-b68b2be12685	e16f52cc-9746-43f6-964f-dc6dec0f2a65	d804fc62-a6c8-40af-b2df-693674aefccd	PlatformCommissionRecorded	129.90	ZAR	Credit	Platform commission recorded.	2026-05-29 11:28:12.349137+02
24f92f07-b9be-4334-a4e1-5ae599273c62	b6cc1186-4812-4232-82af-6b5a340d126e	\N	912b8c72-398a-49d1-b92c-b68b2be12685	e16f52cc-9746-43f6-964f-dc6dec0f2a65	1f0e7b4f-b346-4a63-b949-7bc5fc2d84b1	PlatformCommissionRecorded	129.90	ZAR	Credit	Platform commission recorded.	2026-05-29 11:36:28.906639+02
9dec4c6c-471b-4ce5-a0f9-51bcac4c58aa	b6cc1186-4812-4232-82af-6b5a340d126e	\N	912b8c72-398a-49d1-b92c-b68b2be12685	e16f52cc-9746-43f6-964f-dc6dec0f2a65	1f0e7b4f-b346-4a63-b949-7bc5fc2d84b1	BuyerPaymentReceived	1299.00	ZAR	Credit	Buyer payment received.	2026-05-29 11:36:28.906639+02
b6334b80-718a-4008-9e8e-f689a94f84d8	b6cc1186-4812-4232-82af-6b5a340d126e	\N	912b8c72-398a-49d1-b92c-b68b2be12685	e16f52cc-9746-43f6-964f-dc6dec0f2a65	1f0e7b4f-b346-4a63-b949-7bc5fc2d84b1	SellerPendingBalanceCredited	1136.62	ZAR	Credit	Seller pending balance credited.	2026-05-29 11:36:28.906639+02
cdded110-c523-4313-bac7-57d4909f36c6	b6cc1186-4812-4232-82af-6b5a340d126e	\N	912b8c72-398a-49d1-b92c-b68b2be12685	e16f52cc-9746-43f6-964f-dc6dec0f2a65	1f0e7b4f-b346-4a63-b949-7bc5fc2d84b1	PaymentProviderFeeRecorded	32.48	ZAR	Debit	Payment provider fee recorded.	2026-05-29 11:36:28.906639+02
26e4ca2f-826a-4d95-b49e-d7c7f712affd	491490cb-39d3-4511-b383-fcfc34eb734b	\N	912b8c72-398a-49d1-b92c-b68b2be12685	e16f52cc-9746-43f6-964f-dc6dec0f2a65	8e6b7747-b4f9-4272-bd1f-1035ded3b0ae	SellerPendingBalanceCredited	1136.62	ZAR	Credit	Seller pending balance credited.	2026-05-29 12:12:41.278618+02
350be968-aa41-4eb9-b284-0522dc859f86	491490cb-39d3-4511-b383-fcfc34eb734b	\N	912b8c72-398a-49d1-b92c-b68b2be12685	e16f52cc-9746-43f6-964f-dc6dec0f2a65	8e6b7747-b4f9-4272-bd1f-1035ded3b0ae	PaymentProviderFeeRecorded	32.48	ZAR	Debit	Payment provider fee recorded.	2026-05-29 12:12:41.278618+02
4e8b0958-a01e-46b1-9d8b-05330be263f9	491490cb-39d3-4511-b383-fcfc34eb734b	\N	912b8c72-398a-49d1-b92c-b68b2be12685	e16f52cc-9746-43f6-964f-dc6dec0f2a65	8e6b7747-b4f9-4272-bd1f-1035ded3b0ae	PlatformCommissionRecorded	129.90	ZAR	Credit	Platform commission recorded.	2026-05-29 12:12:41.278618+02
818c3b1d-bb02-4f43-bca8-dd28b48ab54d	491490cb-39d3-4511-b383-fcfc34eb734b	\N	912b8c72-398a-49d1-b92c-b68b2be12685	e16f52cc-9746-43f6-964f-dc6dec0f2a65	8e6b7747-b4f9-4272-bd1f-1035ded3b0ae	BuyerPaymentReceived	1299.00	ZAR	Credit	Buyer payment received.	2026-05-29 12:12:41.278618+02
8fcfae9f-770c-415d-a5fc-4f635a32241b	71583d35-cdfc-43f3-88d6-14b3b5c78f5b	\N	912b8c72-398a-49d1-b92c-b68b2be12685	e16f52cc-9746-43f6-964f-dc6dec0f2a65	1fcb5477-f8ba-4fa9-b2f1-a797f83482e2	SellerPendingBalanceCredited	1136.62	ZAR	Credit	Seller pending balance credited.	2026-05-29 13:30:37.606807+02
9d8bdd34-dd88-463f-b34b-e496044e6e87	71583d35-cdfc-43f3-88d6-14b3b5c78f5b	\N	912b8c72-398a-49d1-b92c-b68b2be12685	e16f52cc-9746-43f6-964f-dc6dec0f2a65	1fcb5477-f8ba-4fa9-b2f1-a797f83482e2	PaymentProviderFeeRecorded	32.48	ZAR	Debit	Payment provider fee recorded.	2026-05-29 13:30:37.606807+02
a526c0f1-26e2-481f-a370-4d6953d38516	71583d35-cdfc-43f3-88d6-14b3b5c78f5b	\N	912b8c72-398a-49d1-b92c-b68b2be12685	e16f52cc-9746-43f6-964f-dc6dec0f2a65	1fcb5477-f8ba-4fa9-b2f1-a797f83482e2	PlatformCommissionRecorded	129.90	ZAR	Credit	Platform commission recorded.	2026-05-29 13:30:37.606807+02
bf4eda3d-604e-4b9c-8966-c9b93ba8127c	71583d35-cdfc-43f3-88d6-14b3b5c78f5b	\N	912b8c72-398a-49d1-b92c-b68b2be12685	e16f52cc-9746-43f6-964f-dc6dec0f2a65	1fcb5477-f8ba-4fa9-b2f1-a797f83482e2	BuyerPaymentReceived	1299.00	ZAR	Credit	Buyer payment received.	2026-05-29 13:30:37.606807+02
1a35b10d-195e-44ec-8431-d71e1192f4d0	71583d35-cdfc-43f3-88d6-14b3b5c78f5b	\N	912b8c72-398a-49d1-b92c-b68b2be12685	e16f52cc-9746-43f6-964f-dc6dec0f2a65	1fcb5477-f8ba-4fa9-b2f1-a797f83482e2	RefundIssued	100.00	ZAR	Debit	Refund issued for refund 6f00614d-fe12-4fdf-a4c7-52da46f33393.	2026-05-29 13:31:20.996192+02
640e7968-2da6-4e00-abbf-fe4badacc73d	71583d35-cdfc-43f3-88d6-14b3b5c78f5b	\N	912b8c72-398a-49d1-b92c-b68b2be12685	e16f52cc-9746-43f6-964f-dc6dec0f2a65	1fcb5477-f8ba-4fa9-b2f1-a797f83482e2	RefundReversal	87.50	ZAR	Debit	Seller balance refund reversal.	2026-05-29 13:31:20.996192+02
92a9dd38-270c-4704-8a7c-52b8f068e163	71583d35-cdfc-43f3-88d6-14b3b5c78f5b	\N	912b8c72-398a-49d1-b92c-b68b2be12685	e16f52cc-9746-43f6-964f-dc6dec0f2a65	1fcb5477-f8ba-4fa9-b2f1-a797f83482e2	RefundReversal	10.00	ZAR	Debit	Platform commission refund reversal.	2026-05-29 13:31:20.996192+02
9d88f6a6-5c7c-444c-be7c-4ff18b9f4702	71583d35-cdfc-43f3-88d6-14b3b5c78f5b	\N	912b8c72-398a-49d1-b92c-b68b2be12685	e16f52cc-9746-43f6-964f-dc6dec0f2a65	1fcb5477-f8ba-4fa9-b2f1-a797f83482e2	RefundReversal	2.50	ZAR	Credit	Payment provider fee refund reversal.	2026-05-29 13:31:20.996192+02
\.


--
-- TOC entry 6296 (class 0 OID 71626)
-- Dependencies: 294
-- Data for Name: media_asset_variants; Type: TABLE DATA; Schema: mabuntle; Owner: postgres
--

COPY mabuntle.media_asset_variants ("Id", "MediaAssetId", "Kind", "StorageKey", "PublicUrl", "ContentType", "ByteSize", "Width", "Height", "CreatedAtUtc") FROM stdin;
\.


--
-- TOC entry 6295 (class 0 OID 71588)
-- Dependencies: 293
-- Data for Name: media_assets; Type: TABLE DATA; Schema: mabuntle; Owner: postgres
--

COPY mabuntle.media_assets ("Id", "SellerId", "ProductId", "ProductListingRevisionId", "Provider", "Bucket", "StorageKey", "PublicUrl", "OriginalFileName", "ContentType", "ByteSize", "Sha256Hash", "Width", "Height", "ScanStatus", "LifecycleStatus", "CreatedAtUtc", "ScannedAtUtc", "DeleteRequestedAtUtc", "DeletedAtUtc", "LastError") FROM stdin;
\.


--
-- TOC entry 6298 (class 0 OID 71699)
-- Dependencies: 296
-- Data for Name: notification_email_deliveries; Type: TABLE DATA; Schema: mabuntle; Owner: postgres
--

COPY mabuntle.notification_email_deliveries ("Id", "NotificationId", "RecipientEmail", "Subject", "Body", "Status", "AttemptCount", "NextAttemptAtUtc", "SentAtUtc", "FailureReason", "CreatedAtUtc", "UpdatedAtUtc") FROM stdin;
008b773c-49e1-4341-8b3a-189b4db4ffba	cbe692d9-e726-449c-8ad5-a427ecc16880	buyer@mabuntle.local	Your order is ready to ship	The seller prepared your order for courier collection.\r\n\r\nOpen in mabuntle: http://localhost:4200/account/orders/a36130b8-93e1-4c1b-a253-cd4726b1d473\r\n\r\nThis is a transactional mabuntle account notification.	Pending	0	2026-05-27 15:43:49.233904+02	\N	\N	2026-05-27 15:43:49.313559+02	2026-05-27 15:43:49.313559+02
b065e388-d74e-45ff-bb55-c12a0d9f3fa3	492f9b36-7f55-4a30-b494-7c0d9b5f1c74	buyer@mabuntle.local	Tracking added to your order	The seller added tracking details to your order.\r\n\r\nOpen in mabuntle: http://localhost:4200/account/orders/a36130b8-93e1-4c1b-a253-cd4726b1d473\r\n\r\nThis is a transactional mabuntle account notification.	Pending	0	2026-05-27 15:43:49.361488+02	\N	\N	2026-05-27 15:43:49.365832+02	2026-05-27 15:43:49.365832+02
234c8375-7f50-46c4-bcb7-0a6040ed8e30	d7fdad24-572d-4f98-82bc-8f48eeade689	buyer@mabuntle.local	Your order has shipped	The seller marked your order as shipped.\r\n\r\nOpen in mabuntle: http://localhost:4200/account/orders/a36130b8-93e1-4c1b-a253-cd4726b1d473\r\n\r\nThis is a transactional mabuntle account notification.	Pending	0	2026-05-27 15:43:49.381625+02	\N	\N	2026-05-27 15:43:49.384121+02	2026-05-27 15:43:49.384121+02
30e2953c-1454-4b90-a814-989b6989610f	702fff3d-169f-495a-817e-77e452e9e07f	buyer@mabuntle.local	Your order was marked delivered	The seller marked your order as delivered. You can now request a return or leave a verified review if needed.\r\n\r\nOpen in mabuntle: http://localhost:4200/account/orders/a36130b8-93e1-4c1b-a253-cd4726b1d473\r\n\r\nThis is a transactional mabuntle account notification.	Pending	0	2026-05-27 15:43:49.40608+02	\N	\N	2026-05-27 15:43:49.408408+02	2026-05-27 15:43:49.408408+02
a76414a5-e9db-44cc-9b64-c22c4d8715c7	6d1c8c03-1b78-45c1-bab9-57cef5c7ad3b	buyer@mabuntle.local	Your order is ready to ship	The seller prepared your order for courier collection.\r\n\r\nOpen in mabuntle: http://localhost:4200/account/orders/a4fae5d2-8148-46ec-acd9-96c9f86f8d8b\r\n\r\nThis is a transactional mabuntle account notification.	Pending	0	2026-05-29 11:02:45.578713+02	\N	\N	2026-05-29 11:02:45.642564+02	2026-05-29 11:02:45.642564+02
0605da56-a318-47ac-92df-8df55b403e13	f0333d7c-1e8c-47b8-ae75-b48c61f95d87	buyer@mabuntle.local	Tracking added to your order	The seller added tracking details to your order.\r\n\r\nOpen in mabuntle: http://localhost:4200/account/orders/a4fae5d2-8148-46ec-acd9-96c9f86f8d8b\r\n\r\nThis is a transactional mabuntle account notification.	Pending	0	2026-05-29 11:02:45.704464+02	\N	\N	2026-05-29 11:02:45.712742+02	2026-05-29 11:02:45.712742+02
999e09e9-4ad0-4e7b-8b70-78462aa41968	cb057aec-2a22-4183-8bbc-e4fe6fe108f6	buyer@mabuntle.local	Your order has shipped	The seller marked your order as shipped.\r\n\r\nOpen in mabuntle: http://localhost:4200/account/orders/a4fae5d2-8148-46ec-acd9-96c9f86f8d8b\r\n\r\nThis is a transactional mabuntle account notification.	Pending	0	2026-05-29 11:02:45.743495+02	\N	\N	2026-05-29 11:02:45.746893+02	2026-05-29 11:02:45.746893+02
2eeeb45f-51a5-4ced-a0ab-5ff81e6ce397	4c1469df-5df4-43a3-ba77-2e763b20b9c5	buyer@mabuntle.local	Your order was marked delivered	The seller marked your order as delivered. You can now request a return or leave a verified review if needed.\r\n\r\nOpen in mabuntle: http://localhost:4200/account/orders/a4fae5d2-8148-46ec-acd9-96c9f86f8d8b\r\n\r\nThis is a transactional mabuntle account notification.	Pending	0	2026-05-29 11:02:45.7721+02	\N	\N	2026-05-29 11:02:45.776187+02	2026-05-29 11:02:45.776187+02
99a11ee7-1d5a-4db3-9cfb-935dc55c226b	9c2d6e9b-b6f1-45a2-bb5f-95c9ba51b6a7	buyer@mabuntle.local	Your order is ready to ship	The seller prepared your order for courier collection.\r\n\r\nOpen in mabuntle: http://localhost:4200/account/orders/339fe53e-5a26-450a-9ecb-df4373db2e3f\r\n\r\nThis is a transactional mabuntle account notification.	Pending	0	2026-05-29 11:28:13.053608+02	\N	\N	2026-05-29 11:28:13.116317+02	2026-05-29 11:28:13.116317+02
6e62332c-952e-48ad-ab60-84e3c87051d7	455c488d-4675-4d2a-a164-a7cd898e15f2	buyer@mabuntle.local	Tracking added to your order	The seller added tracking details to your order.\r\n\r\nOpen in mabuntle: http://localhost:4200/account/orders/339fe53e-5a26-450a-9ecb-df4373db2e3f\r\n\r\nThis is a transactional mabuntle account notification.	Pending	0	2026-05-29 11:28:13.163381+02	\N	\N	2026-05-29 11:28:13.167317+02	2026-05-29 11:28:13.167317+02
0468b152-f9e6-47b4-aa05-4bf304b990ac	87d8b8b5-a4eb-407c-b2a8-70cb7906eabf	buyer@mabuntle.local	Your order has shipped	The seller marked your order as shipped.\r\n\r\nOpen in mabuntle: http://localhost:4200/account/orders/339fe53e-5a26-450a-9ecb-df4373db2e3f\r\n\r\nThis is a transactional mabuntle account notification.	Pending	0	2026-05-29 11:28:13.188821+02	\N	\N	2026-05-29 11:28:13.193907+02	2026-05-29 11:28:13.193907+02
1aa2d9a3-1b76-434f-b4d9-03b7ee51aa93	e7fb86d1-4c72-4506-b9aa-2f2f94b82426	buyer@mabuntle.local	Your order was marked delivered	The seller marked your order as delivered. You can now request a return or leave a verified review if needed.\r\n\r\nOpen in mabuntle: http://localhost:4200/account/orders/339fe53e-5a26-450a-9ecb-df4373db2e3f\r\n\r\nThis is a transactional mabuntle account notification.	Pending	0	2026-05-29 11:28:13.215518+02	\N	\N	2026-05-29 11:28:13.219843+02	2026-05-29 11:28:13.219843+02
bd1306ea-501d-4130-bc46-1547a4d4789b	3cc4d142-17cd-4356-838c-315044047f24	buyer@mabuntle.local	Your order is ready to ship	The seller prepared your order for courier collection.\r\n\r\nOpen in mabuntle: http://localhost:4200/account/orders/b6cc1186-4812-4232-82af-6b5a340d126e\r\n\r\nThis is a transactional mabuntle account notification.	Pending	0	2026-05-29 11:36:29.646862+02	\N	\N	2026-05-29 11:36:29.708361+02	2026-05-29 11:36:29.708361+02
dd070bd8-0842-426e-878e-f5ead63eb307	088f6e2f-da91-4d15-b341-4766d897e1c9	buyer@mabuntle.local	Tracking added to your order	The seller added tracking details to your order.\r\n\r\nOpen in mabuntle: http://localhost:4200/account/orders/b6cc1186-4812-4232-82af-6b5a340d126e\r\n\r\nThis is a transactional mabuntle account notification.	Pending	0	2026-05-29 11:36:29.754077+02	\N	\N	2026-05-29 11:36:29.759704+02	2026-05-29 11:36:29.759704+02
ecafe57b-05b1-46a6-a8b5-9ff270e5fb62	e38a1f50-b1c6-4728-9778-a0fd062f136b	buyer@mabuntle.local	Your order has shipped	The seller marked your order as shipped.\r\n\r\nOpen in mabuntle: http://localhost:4200/account/orders/b6cc1186-4812-4232-82af-6b5a340d126e\r\n\r\nThis is a transactional mabuntle account notification.	Pending	0	2026-05-29 11:36:29.780945+02	\N	\N	2026-05-29 11:36:29.785217+02	2026-05-29 11:36:29.785217+02
df04ffd9-6814-48d9-bc25-63748803adb7	29a43170-be46-41d1-8461-36e13f495db3	buyer@mabuntle.local	Your order was marked delivered	The seller marked your order as delivered. You can now request a return or leave a verified review if needed.\r\n\r\nOpen in mabuntle: http://localhost:4200/account/orders/b6cc1186-4812-4232-82af-6b5a340d126e\r\n\r\nThis is a transactional mabuntle account notification.	Pending	0	2026-05-29 11:36:29.808279+02	\N	\N	2026-05-29 11:36:29.812612+02	2026-05-29 11:36:29.812612+02
1b9d51a3-c027-4fe2-b20b-dca958cc18e4	c933660e-61d6-431b-94ff-503f6a14785d	buyer@mabuntle.local	Your order is ready to ship	The seller prepared your order for courier collection.\r\n\r\nOpen in mabuntle: http://localhost:4200/account/orders/491490cb-39d3-4511-b383-fcfc34eb734b\r\n\r\nThis is a transactional mabuntle account notification.	Pending	0	2026-05-29 12:12:42.524407+02	\N	\N	2026-05-29 12:12:42.596593+02	2026-05-29 12:12:42.596593+02
1f8f3331-5845-4aed-877b-6835dabf301a	59b869b8-b7fb-4d99-97d7-b4a2874130dc	buyer@mabuntle.local	Tracking added to your order	The seller added tracking details to your order.\r\n\r\nOpen in mabuntle: http://localhost:4200/account/orders/491490cb-39d3-4511-b383-fcfc34eb734b\r\n\r\nThis is a transactional mabuntle account notification.	Pending	0	2026-05-29 12:12:42.651253+02	\N	\N	2026-05-29 12:12:42.656331+02	2026-05-29 12:12:42.656331+02
4fc3f851-0b6d-483f-9eab-2fc62b7321c1	2e05f276-ee0f-4cf8-8faa-94d30729f412	buyer@mabuntle.local	Your order has shipped	The seller marked your order as shipped.\r\n\r\nOpen in mabuntle: http://localhost:4200/account/orders/491490cb-39d3-4511-b383-fcfc34eb734b\r\n\r\nThis is a transactional mabuntle account notification.	Pending	0	2026-05-29 12:12:42.681114+02	\N	\N	2026-05-29 12:12:42.684431+02	2026-05-29 12:12:42.684431+02
e7a24704-4b6b-45a9-84a3-432106681e2b	5720b82d-f7ae-4703-8ef6-dd8194af1132	buyer@mabuntle.local	Your order was marked delivered	The seller marked your order as delivered. You can now request a return or leave a verified review if needed.\r\n\r\nOpen in mabuntle: http://localhost:4200/account/orders/491490cb-39d3-4511-b383-fcfc34eb734b\r\n\r\nThis is a transactional mabuntle account notification.	Pending	0	2026-05-29 12:12:42.711119+02	\N	\N	2026-05-29 12:12:42.71582+02	2026-05-29 12:12:42.71582+02
01d80c66-d181-4e11-a389-0f706940f3f1	0daec8db-c222-47bf-b909-f21d4eadfc96	buyer@mabuntle.local	Your order is ready to ship	The seller prepared your order for courier collection.\r\n\r\nOpen in mabuntle: http://localhost:4200/account/orders/71583d35-cdfc-43f3-88d6-14b3b5c78f5b\r\n\r\nThis is a transactional mabuntle account notification.	Pending	0	2026-05-29 13:30:38.475162+02	\N	\N	2026-05-29 13:30:38.536478+02	2026-05-29 13:30:38.536478+02
92d52447-f3f5-4010-b48d-2e651cb77ec0	e5e450eb-c7cb-4498-98f3-c16382fc7da8	buyer@mabuntle.local	Tracking added to your order	The seller added tracking details to your order.\r\n\r\nOpen in mabuntle: http://localhost:4200/account/orders/71583d35-cdfc-43f3-88d6-14b3b5c78f5b\r\n\r\nThis is a transactional mabuntle account notification.	Pending	0	2026-05-29 13:30:38.586641+02	\N	\N	2026-05-29 13:30:38.591278+02	2026-05-29 13:30:38.591278+02
7aaf8ee3-d0a8-477f-b978-99ae5e18b75a	2db01ce1-420c-4e4d-a3c3-698ef44190ca	buyer@mabuntle.local	Your order has shipped	The seller marked your order as shipped.\r\n\r\nOpen in mabuntle: http://localhost:4200/account/orders/71583d35-cdfc-43f3-88d6-14b3b5c78f5b\r\n\r\nThis is a transactional mabuntle account notification.	Pending	0	2026-05-29 13:30:38.617828+02	\N	\N	2026-05-29 13:30:38.621347+02	2026-05-29 13:30:38.621347+02
8e5e0c3b-9c2b-47d1-8f1f-e88ae91e8be7	3870b46c-d594-489a-8c52-a53e19b01998	buyer@mabuntle.local	Your order was marked delivered	The seller marked your order as delivered. You can now request a return or leave a verified review if needed.\r\n\r\nOpen in mabuntle: http://localhost:4200/account/orders/71583d35-cdfc-43f3-88d6-14b3b5c78f5b\r\n\r\nThis is a transactional mabuntle account notification.	Pending	0	2026-05-29 13:30:38.643987+02	\N	\N	2026-05-29 13:30:38.648423+02	2026-05-29 13:30:38.648423+02
eafb7fb2-8bdf-4a99-a31b-43858edf4fc9	bdd6696c-2305-4148-8ca1-b169d4cf17f6	buyer@mabuntle.local	Your return was approved	The seller approved your return request.\r\n\r\nOpen in mabuntle: http://localhost:4200/account/returns/5774b963-0aad-4477-8fb7-ec1a723ff3cd\r\n\r\nThis is a transactional mabuntle account notification.	Pending	0	2026-05-29 13:31:20.764827+02	\N	\N	2026-05-29 13:31:20.768099+02	2026-05-29 13:31:20.768099+02
\.


--
-- TOC entry 6288 (class 0 OID 65163)
-- Dependencies: 286
-- Data for Name: notifications; Type: TABLE DATA; Schema: mabuntle; Owner: postgres
--

COPY mabuntle.notifications ("Id", "RecipientUserId", "Type", "Title", "Message", "RelatedEntityType", "RelatedEntityId", "ReadAtUtc", "CreatedAtUtc", "IsInAppVisible") FROM stdin;
cbe692d9-e726-449c-8ad5-a427ecc16880	019e4c3e-0cd3-7a1a-be2a-fa0c347640cf	OrderReadyToShip	Your order is ready to ship	The seller prepared your order for courier collection.	Order	a36130b8-93e1-4c1b-a253-cd4726b1d473	\N	2026-05-27 15:43:49.233904+02	t
492f9b36-7f55-4a30-b494-7c0d9b5f1c74	019e4c3e-0cd3-7a1a-be2a-fa0c347640cf	OrderTrackingAdded	Tracking added to your order	The seller added tracking details to your order.	Order	a36130b8-93e1-4c1b-a253-cd4726b1d473	\N	2026-05-27 15:43:49.361488+02	t
d7fdad24-572d-4f98-82bc-8f48eeade689	019e4c3e-0cd3-7a1a-be2a-fa0c347640cf	OrderShipped	Your order has shipped	The seller marked your order as shipped.	Order	a36130b8-93e1-4c1b-a253-cd4726b1d473	\N	2026-05-27 15:43:49.381625+02	t
702fff3d-169f-495a-817e-77e452e9e07f	019e4c3e-0cd3-7a1a-be2a-fa0c347640cf	OrderDelivered	Your order was marked delivered	The seller marked your order as delivered. You can now request a return or leave a verified review if needed.	Order	a36130b8-93e1-4c1b-a253-cd4726b1d473	\N	2026-05-27 15:43:49.40608+02	t
6d1c8c03-1b78-45c1-bab9-57cef5c7ad3b	019e4c3e-0cd3-7a1a-be2a-fa0c347640cf	OrderReadyToShip	Your order is ready to ship	The seller prepared your order for courier collection.	Order	a4fae5d2-8148-46ec-acd9-96c9f86f8d8b	\N	2026-05-29 11:02:45.578713+02	t
f0333d7c-1e8c-47b8-ae75-b48c61f95d87	019e4c3e-0cd3-7a1a-be2a-fa0c347640cf	OrderTrackingAdded	Tracking added to your order	The seller added tracking details to your order.	Order	a4fae5d2-8148-46ec-acd9-96c9f86f8d8b	\N	2026-05-29 11:02:45.704464+02	t
cb057aec-2a22-4183-8bbc-e4fe6fe108f6	019e4c3e-0cd3-7a1a-be2a-fa0c347640cf	OrderShipped	Your order has shipped	The seller marked your order as shipped.	Order	a4fae5d2-8148-46ec-acd9-96c9f86f8d8b	\N	2026-05-29 11:02:45.743495+02	t
4c1469df-5df4-43a3-ba77-2e763b20b9c5	019e4c3e-0cd3-7a1a-be2a-fa0c347640cf	OrderDelivered	Your order was marked delivered	The seller marked your order as delivered. You can now request a return or leave a verified review if needed.	Order	a4fae5d2-8148-46ec-acd9-96c9f86f8d8b	\N	2026-05-29 11:02:45.7721+02	t
9c2d6e9b-b6f1-45a2-bb5f-95c9ba51b6a7	019e4c3e-0cd3-7a1a-be2a-fa0c347640cf	OrderReadyToShip	Your order is ready to ship	The seller prepared your order for courier collection.	Order	339fe53e-5a26-450a-9ecb-df4373db2e3f	\N	2026-05-29 11:28:13.053608+02	t
455c488d-4675-4d2a-a164-a7cd898e15f2	019e4c3e-0cd3-7a1a-be2a-fa0c347640cf	OrderTrackingAdded	Tracking added to your order	The seller added tracking details to your order.	Order	339fe53e-5a26-450a-9ecb-df4373db2e3f	\N	2026-05-29 11:28:13.163381+02	t
87d8b8b5-a4eb-407c-b2a8-70cb7906eabf	019e4c3e-0cd3-7a1a-be2a-fa0c347640cf	OrderShipped	Your order has shipped	The seller marked your order as shipped.	Order	339fe53e-5a26-450a-9ecb-df4373db2e3f	\N	2026-05-29 11:28:13.188821+02	t
e7fb86d1-4c72-4506-b9aa-2f2f94b82426	019e4c3e-0cd3-7a1a-be2a-fa0c347640cf	OrderDelivered	Your order was marked delivered	The seller marked your order as delivered. You can now request a return or leave a verified review if needed.	Order	339fe53e-5a26-450a-9ecb-df4373db2e3f	\N	2026-05-29 11:28:13.215518+02	t
3cc4d142-17cd-4356-838c-315044047f24	019e4c3e-0cd3-7a1a-be2a-fa0c347640cf	OrderReadyToShip	Your order is ready to ship	The seller prepared your order for courier collection.	Order	b6cc1186-4812-4232-82af-6b5a340d126e	\N	2026-05-29 11:36:29.646862+02	t
088f6e2f-da91-4d15-b341-4766d897e1c9	019e4c3e-0cd3-7a1a-be2a-fa0c347640cf	OrderTrackingAdded	Tracking added to your order	The seller added tracking details to your order.	Order	b6cc1186-4812-4232-82af-6b5a340d126e	\N	2026-05-29 11:36:29.754077+02	t
e38a1f50-b1c6-4728-9778-a0fd062f136b	019e4c3e-0cd3-7a1a-be2a-fa0c347640cf	OrderShipped	Your order has shipped	The seller marked your order as shipped.	Order	b6cc1186-4812-4232-82af-6b5a340d126e	\N	2026-05-29 11:36:29.780945+02	t
29a43170-be46-41d1-8461-36e13f495db3	019e4c3e-0cd3-7a1a-be2a-fa0c347640cf	OrderDelivered	Your order was marked delivered	The seller marked your order as delivered. You can now request a return or leave a verified review if needed.	Order	b6cc1186-4812-4232-82af-6b5a340d126e	\N	2026-05-29 11:36:29.808279+02	t
c933660e-61d6-431b-94ff-503f6a14785d	019e4c3e-0cd3-7a1a-be2a-fa0c347640cf	OrderReadyToShip	Your order is ready to ship	The seller prepared your order for courier collection.	Order	491490cb-39d3-4511-b383-fcfc34eb734b	\N	2026-05-29 12:12:42.524407+02	t
59b869b8-b7fb-4d99-97d7-b4a2874130dc	019e4c3e-0cd3-7a1a-be2a-fa0c347640cf	OrderTrackingAdded	Tracking added to your order	The seller added tracking details to your order.	Order	491490cb-39d3-4511-b383-fcfc34eb734b	\N	2026-05-29 12:12:42.651253+02	t
2e05f276-ee0f-4cf8-8faa-94d30729f412	019e4c3e-0cd3-7a1a-be2a-fa0c347640cf	OrderShipped	Your order has shipped	The seller marked your order as shipped.	Order	491490cb-39d3-4511-b383-fcfc34eb734b	\N	2026-05-29 12:12:42.681114+02	t
5720b82d-f7ae-4703-8ef6-dd8194af1132	019e4c3e-0cd3-7a1a-be2a-fa0c347640cf	OrderDelivered	Your order was marked delivered	The seller marked your order as delivered. You can now request a return or leave a verified review if needed.	Order	491490cb-39d3-4511-b383-fcfc34eb734b	\N	2026-05-29 12:12:42.711119+02	t
0daec8db-c222-47bf-b909-f21d4eadfc96	019e4c3e-0cd3-7a1a-be2a-fa0c347640cf	OrderReadyToShip	Your order is ready to ship	The seller prepared your order for courier collection.	Order	71583d35-cdfc-43f3-88d6-14b3b5c78f5b	\N	2026-05-29 13:30:38.475162+02	t
e5e450eb-c7cb-4498-98f3-c16382fc7da8	019e4c3e-0cd3-7a1a-be2a-fa0c347640cf	OrderTrackingAdded	Tracking added to your order	The seller added tracking details to your order.	Order	71583d35-cdfc-43f3-88d6-14b3b5c78f5b	\N	2026-05-29 13:30:38.586641+02	t
2db01ce1-420c-4e4d-a3c3-698ef44190ca	019e4c3e-0cd3-7a1a-be2a-fa0c347640cf	OrderShipped	Your order has shipped	The seller marked your order as shipped.	Order	71583d35-cdfc-43f3-88d6-14b3b5c78f5b	\N	2026-05-29 13:30:38.617828+02	t
3870b46c-d594-489a-8c52-a53e19b01998	019e4c3e-0cd3-7a1a-be2a-fa0c347640cf	OrderDelivered	Your order was marked delivered	The seller marked your order as delivered. You can now request a return or leave a verified review if needed.	Order	71583d35-cdfc-43f3-88d6-14b3b5c78f5b	\N	2026-05-29 13:30:38.643987+02	t
bdd6696c-2305-4148-8ca1-b169d4cf17f6	019e4c3e-0cd3-7a1a-be2a-fa0c347640cf	ReturnApproved	Your return was approved	The seller approved your return request.	ReturnRequest	5774b963-0aad-4477-8fb7-ec1a723ff3cd	\N	2026-05-29 13:31:20.764827+02	t
\.


--
-- TOC entry 6257 (class 0 OID 64257)
-- Dependencies: 255
-- Data for Name: order_items; Type: TABLE DATA; Schema: mabuntle; Owner: postgres
--

COPY mabuntle.order_items ("Id", "OrderId", "ProductId", "ProductVariantId", "ProductTitle", "Sku", "Size", "Colour", "UnitPrice", "Quantity") FROM stdin;
15433bad-da82-4837-90c4-8c9fdc9d107b	a36130b8-93e1-4c1b-a253-cd4726b1d473	2e83d197-d982-4ab2-8a64-a902d42a0ba3	42264171-8895-48f5-9aa8-75b7f228952a	Rose Linen Midi Dress	DEV-DRESS-ROSE-L	L	Rose	1299.00	2
029ec4be-9aff-4ea0-873a-184933b569a6	be0ad84c-ec84-4311-933b-2b9fff5b24f5	2e83d197-d982-4ab2-8a64-a902d42a0ba3	42264171-8895-48f5-9aa8-75b7f228952a	Rose Linen Midi Dress	DEV-DRESS-ROSE-L	L	Rose	1299.00	1
972dc0cc-4fc5-458d-8582-5d54623e7d62	a4fae5d2-8148-46ec-acd9-96c9f86f8d8b	1b587e5b-352a-479a-801b-2f3b54c2938b	dffa92db-3ad9-409d-912c-eceb71a1caf9	Ivory Silk Wrap Blouse	DEV-BLOUSE-IVORY-L	L	Ivory	899.00	1
c979acee-221e-421d-ab43-fe7c6f64e844	a4fae5d2-8148-46ec-acd9-96c9f86f8d8b	2e83d197-d982-4ab2-8a64-a902d42a0ba3	42264171-8895-48f5-9aa8-75b7f228952a	Rose Linen Midi Dress	DEV-DRESS-ROSE-L	L	Rose	1299.00	1
712a5d17-6e82-4da0-818d-d3196a9d55f2	339fe53e-5a26-450a-9ecb-df4373db2e3f	2e83d197-d982-4ab2-8a64-a902d42a0ba3	42264171-8895-48f5-9aa8-75b7f228952a	Rose Linen Midi Dress	DEV-DRESS-ROSE-L	L	Rose	1299.00	1
7c952e37-f7a4-4a4a-ba31-b599864b89c0	b6cc1186-4812-4232-82af-6b5a340d126e	2e83d197-d982-4ab2-8a64-a902d42a0ba3	42264171-8895-48f5-9aa8-75b7f228952a	Rose Linen Midi Dress	DEV-DRESS-ROSE-L	L	Rose	1299.00	1
2a1079d3-3aec-4167-9fc6-d13e1c87bdc5	491490cb-39d3-4511-b383-fcfc34eb734b	2e83d197-d982-4ab2-8a64-a902d42a0ba3	42264171-8895-48f5-9aa8-75b7f228952a	Rose Linen Midi Dress	DEV-DRESS-ROSE-L	L	Rose	1299.00	1
2f9e2059-a70d-4e75-aaff-876402fb1a0d	71583d35-cdfc-43f3-88d6-14b3b5c78f5b	2e83d197-d982-4ab2-8a64-a902d42a0ba3	42264171-8895-48f5-9aa8-75b7f228952a	Rose Linen Midi Dress	DEV-DRESS-ROSE-L	L	Rose	1299.00	1
\.


--
-- TOC entry 6258 (class 0 OID 64286)
-- Dependencies: 256
-- Data for Name: order_status_history; Type: TABLE DATA; Schema: mabuntle; Owner: postgres
--

COPY mabuntle.order_status_history ("Id", "OrderId", "PreviousStatus", "NewStatus", "ChangedAtUtc", "Reason") FROM stdin;
1fea6271-0b66-4469-88c1-bb3cc637faae	a36130b8-93e1-4c1b-a253-cd4726b1d473	\N	PendingPayment	2026-05-27 15:20:06.734808+02	OrderCreated
e49edfdb-7720-4c06-adbb-94076d5580bc	a36130b8-93e1-4c1b-a253-cd4726b1d473	PendingPayment	Paid	2026-05-27 15:43:29.281862+02	PaymentConfirmed
34e1161e-3c9f-4f11-83eb-63ff8b2cd9fe	a36130b8-93e1-4c1b-a253-cd4726b1d473	Paid	Processing	2026-05-27 15:43:49.0946+02	SellerMarkedProcessing
856ad481-854f-447c-b460-d3c0b5a94412	a36130b8-93e1-4c1b-a253-cd4726b1d473	Processing	ReadyToShip	2026-05-27 15:43:49.220752+02	SellerMarkedReadyToShip
c932d12c-76ce-426a-870f-f11a9600580a	a36130b8-93e1-4c1b-a253-cd4726b1d473	ReadyToShip	Shipped	2026-05-27 15:43:49.373015+02	SellerMarkedShipped
6570057c-7d34-403a-994c-bf6e69cc370d	a36130b8-93e1-4c1b-a253-cd4726b1d473	Shipped	Delivered	2026-05-27 15:43:49.39642+02	SellerMarkedDelivered
724ec9cd-1afc-4af4-ac4e-4828c2498827	a36130b8-93e1-4c1b-a253-cd4726b1d473	Delivered	ReturnRequested	2026-05-27 15:44:15.520084+02	ReturnRequested
61201518-e586-4ff6-b6b1-361c0848c1d6	be0ad84c-ec84-4311-933b-2b9fff5b24f5	\N	PendingPayment	2026-05-27 22:34:22.786389+02	OrderCreated
4f1d6395-6e94-447b-ba48-e7ada4f71121	a4fae5d2-8148-46ec-acd9-96c9f86f8d8b	\N	PendingPayment	2026-05-29 11:02:43.995093+02	OrderCreated
b927bc84-5af0-48a8-96ec-8f00867d8342	a4fae5d2-8148-46ec-acd9-96c9f86f8d8b	PendingPayment	Paid	2026-05-29 11:02:44.786818+02	PaymentConfirmed
a9ad6c39-77a3-4731-a92b-cff4516dcaf9	a4fae5d2-8148-46ec-acd9-96c9f86f8d8b	Paid	Processing	2026-05-29 11:02:45.431974+02	SellerMarkedProcessing
3fe97a15-f830-4596-a185-8823a71b0d59	a4fae5d2-8148-46ec-acd9-96c9f86f8d8b	Processing	ReadyToShip	2026-05-29 11:02:45.564456+02	SellerMarkedReadyToShip
8965217b-abb4-4ae7-9019-e3a62ffd53d7	a4fae5d2-8148-46ec-acd9-96c9f86f8d8b	ReadyToShip	Shipped	2026-05-29 11:02:45.728629+02	SellerMarkedShipped
53b38a9c-3d16-4add-a8d7-4d1a840e7cdc	a4fae5d2-8148-46ec-acd9-96c9f86f8d8b	Shipped	Delivered	2026-05-29 11:02:45.759427+02	SellerMarkedDelivered
d7329428-8f33-4244-ace9-9f327d7307fe	339fe53e-5a26-450a-9ecb-df4373db2e3f	\N	PendingPayment	2026-05-29 11:28:11.659377+02	OrderCreated
8e1e5e33-25f6-40a2-a8ad-9b0d66e5ff9d	339fe53e-5a26-450a-9ecb-df4373db2e3f	PendingPayment	Paid	2026-05-29 11:28:12.349137+02	PaymentConfirmed
37b6a0fc-1fa3-46e3-a065-fa4aa205b8ef	339fe53e-5a26-450a-9ecb-df4373db2e3f	Paid	Processing	2026-05-29 11:28:12.920331+02	SellerMarkedProcessing
a6ea6cbe-168a-41f4-bb38-9143bc8b96ed	339fe53e-5a26-450a-9ecb-df4373db2e3f	Processing	ReadyToShip	2026-05-29 11:28:13.038461+02	SellerMarkedReadyToShip
67acb3ba-28ae-4b63-96ba-d069b606b24c	339fe53e-5a26-450a-9ecb-df4373db2e3f	ReadyToShip	Shipped	2026-05-29 11:28:13.179294+02	SellerMarkedShipped
793eca37-f67b-4ac4-b0cb-8b6bc33feaa6	339fe53e-5a26-450a-9ecb-df4373db2e3f	Shipped	Delivered	2026-05-29 11:28:13.205178+02	SellerMarkedDelivered
2c52b7f4-75e1-460c-90fb-27ece36fe7e5	b6cc1186-4812-4232-82af-6b5a340d126e	\N	PendingPayment	2026-05-29 11:36:28.218768+02	OrderCreated
cda6583b-90f6-4f70-9a1a-7791acbd385b	b6cc1186-4812-4232-82af-6b5a340d126e	PendingPayment	Paid	2026-05-29 11:36:28.906639+02	PaymentConfirmed
de720749-087a-4fef-add7-e2f7bb3acf93	b6cc1186-4812-4232-82af-6b5a340d126e	Paid	Processing	2026-05-29 11:36:29.502195+02	SellerMarkedProcessing
4151414f-b8ec-473f-a119-d4b22f9406c8	b6cc1186-4812-4232-82af-6b5a340d126e	Processing	ReadyToShip	2026-05-29 11:36:29.631951+02	SellerMarkedReadyToShip
502e147c-3516-4199-b68c-8b4faf7efd89	b6cc1186-4812-4232-82af-6b5a340d126e	ReadyToShip	Shipped	2026-05-29 11:36:29.770815+02	SellerMarkedShipped
5d3fde31-f7ed-40bc-8f77-b30dd8a73e9c	b6cc1186-4812-4232-82af-6b5a340d126e	Shipped	Delivered	2026-05-29 11:36:29.797081+02	SellerMarkedDelivered
7f6a5651-c3c8-4aad-917f-586273c42105	491490cb-39d3-4511-b383-fcfc34eb734b	\N	PendingPayment	2026-05-29 12:12:40.542422+02	OrderCreated
413d3277-1a0e-496c-9466-50a0d9a2656b	491490cb-39d3-4511-b383-fcfc34eb734b	PendingPayment	Paid	2026-05-29 12:12:41.278618+02	PaymentConfirmed
30d49e3f-7cb6-4c86-a197-0e3aa5c8dc78	491490cb-39d3-4511-b383-fcfc34eb734b	Paid	Processing	2026-05-29 12:12:42.343881+02	SellerMarkedProcessing
1fa4b747-db43-460e-b14e-c127bd975ba8	491490cb-39d3-4511-b383-fcfc34eb734b	Processing	ReadyToShip	2026-05-29 12:12:42.508239+02	SellerMarkedReadyToShip
71a71e72-3625-4b61-8266-048a16bdbd25	491490cb-39d3-4511-b383-fcfc34eb734b	ReadyToShip	Shipped	2026-05-29 12:12:42.669292+02	SellerMarkedShipped
d3fe8068-be0d-4ef4-9ee2-84c576d572c6	491490cb-39d3-4511-b383-fcfc34eb734b	Shipped	Delivered	2026-05-29 12:12:42.698538+02	SellerMarkedDelivered
83bd48e8-433b-426d-a3db-2cc757c65c31	491490cb-39d3-4511-b383-fcfc34eb734b	Delivered	ReturnRequested	2026-05-29 12:15:59.978288+02	ReturnRequested
f38c5305-fbc4-49e9-afda-64ed89b8703b	71583d35-cdfc-43f3-88d6-14b3b5c78f5b	\N	PendingPayment	2026-05-29 13:30:36.799879+02	OrderCreated
829ebb23-75bb-4e47-a8cb-8a51d93651f0	71583d35-cdfc-43f3-88d6-14b3b5c78f5b	PendingPayment	Paid	2026-05-29 13:30:37.606807+02	PaymentConfirmed
82333e97-55b1-419b-83a4-b978aaa0943b	71583d35-cdfc-43f3-88d6-14b3b5c78f5b	Paid	Processing	2026-05-29 13:30:38.312688+02	SellerMarkedProcessing
eb8768db-8cdc-4d9d-98d7-f7da66d43059	71583d35-cdfc-43f3-88d6-14b3b5c78f5b	Processing	ReadyToShip	2026-05-29 13:30:38.460839+02	SellerMarkedReadyToShip
0d9cb0bd-a55d-4898-8f5f-e6d807351ed3	71583d35-cdfc-43f3-88d6-14b3b5c78f5b	ReadyToShip	Shipped	2026-05-29 13:30:38.606088+02	SellerMarkedShipped
b9d7fc7a-6151-47a3-8da7-cb8f91d2f2e7	71583d35-cdfc-43f3-88d6-14b3b5c78f5b	Shipped	Delivered	2026-05-29 13:30:38.633095+02	SellerMarkedDelivered
4c61da24-93f5-4724-8539-8f4960ced0e3	71583d35-cdfc-43f3-88d6-14b3b5c78f5b	Delivered	ReturnRequested	2026-05-29 13:31:20.490804+02	ReturnRequested
\.


--
-- TOC entry 6256 (class 0 OID 64227)
-- Dependencies: 254
-- Data for Name: orders; Type: TABLE DATA; Schema: mabuntle; Owner: postgres
--

COPY mabuntle.orders ("Id", "BuyerId", "SellerId", "CartId", "Status", "ShippingAmount", "PlatformFeeAmount", "DiscountAmount", "CreatedAtUtc", "UpdatedAtUtc", "DeliveryAddressLine1", "DeliveryAddressLine2", "DeliveryCity", "DeliveryCountryCode", "DeliveryPhoneNumber", "DeliveryPostalCode", "DeliveryProvince", "DeliveryRecipientName", "DeliverySuburb", "DeliveryInstructions", "DeliveryEstimatedMaxDays", "DeliveryEstimatedMinDays", "DeliveryMethodId", "DeliveryMethodName", "DeliveryMethodType", "DeliveryVerificationProvider", "DeliveryVerificationStatus", "DeliveryVerificationWarningsJson", "DeliveryVerifiedAtUtc", "PickupPointAddressLine1", "PickupPointAddressLine2", "PickupPointCity", "PickupPointCode", "PickupPointCountryCode", "PickupPointId", "PickupPointLatitude", "PickupPointLongitude", "PickupPointName", "PickupPointOpeningHours", "PickupPointPostalCode", "PickupPointProviderName", "PickupPointProvince", "PickupPointSuburb", "SellerPolicyCareInstructions", "SellerPolicyExchangePolicy", "SellerPolicyFulfilmentPolicy", "SellerPolicyProductDisclaimer", "SellerPolicyReturnPolicy", "SellerPolicyReturnWindowDays", "SellerPolicySnapshotAtUtc", "SellerPolicySupportPolicy") FROM stdin;
a36130b8-93e1-4c1b-a253-cd4726b1d473	e16f52cc-9746-43f6-964f-dc6dec0f2a65	912b8c72-398a-49d1-b92c-b68b2be12685	0f911926-9975-4f7b-9970-d5e399bd5c56	ReturnRequested	0.00	0.00	0.00	2026-05-27 15:20:07.176618+02	2026-05-27 15:44:15.691671+02	10 Market Street	Apartment 4	Johannesburg	ZA	+27110000001	2196	Gauteng	Dev Buyer	Rosebank	Call on arrival and leave with reception if unavailable.	5	2	dc64bcb3-a317-4b56-b97e-fd6d4d42f42e	Standard courier	Standard	LocalRules	Verified	[]	2026-05-27 15:20:06.766337+02	\N	\N	\N	\N	\N	\N	\N	\N	\N	\N	\N	\N	\N	\N	\N	\N	\N	\N	\N	\N	\N	\N
be0ad84c-ec84-4311-933b-2b9fff5b24f5	e16f52cc-9746-43f6-964f-dc6dec0f2a65	912b8c72-398a-49d1-b92c-b68b2be12685	826676c5-4578-4e3c-b739-5653de479fcb	PendingPayment	0.00	0.00	0.00	2026-05-27 22:34:23.179276+02	2026-05-27 22:34:23.179276+02	10 Market Street	Apartment 4	Johannesburg	ZA	+27110000001	2196	Gauteng	Dev Buyer	Rosebank	Call on arrival and leave with reception if unavailable.	5	2	dc64bcb3-a317-4b56-b97e-fd6d4d42f42e	Standard courier	Standard	LocalRules	Verified	[]	2026-05-27 22:34:22.874663+02	\N	\N	\N	\N	\N	\N	\N	\N	\N	\N	\N	\N	\N	\N	\N	\N	\N	\N	\N	\N	\N	\N
a4fae5d2-8148-46ec-acd9-96c9f86f8d8b	e16f52cc-9746-43f6-964f-dc6dec0f2a65	912b8c72-398a-49d1-b92c-b68b2be12685	36e5089c-d4e9-458c-ab25-68ab3eac81b4	Delivered	0.00	0.00	0.00	2026-05-29 11:02:44.416092+02	2026-05-29 11:02:45.767176+02	10 Market Street	\N	Johannesburg	ZA	+27110000000	2196	Gauteng	Demo Buyer	Rosebank	Buyer post-purchase demo order.	5	2	dc64bcb3-a317-4b56-b97e-fd6d4d42f42e	Standard courier	Standard	LocalRules	Verified	[]	2026-05-29 11:02:44.084787+02	\N	\N	\N	\N	\N	\N	\N	\N	\N	\N	\N	\N	\N	\N	\N	\N	\N	\N	\N	\N	\N	\N
339fe53e-5a26-450a-9ecb-df4373db2e3f	e16f52cc-9746-43f6-964f-dc6dec0f2a65	912b8c72-398a-49d1-b92c-b68b2be12685	b57dea8f-13d5-485f-be57-a6c3a96406c0	Delivered	0.00	0.00	0.00	2026-05-29 11:28:12.022187+02	2026-05-29 11:28:13.211835+02	10 Market Street	\N	Johannesburg	ZA	+27110000000	2196	Gauteng	Demo Buyer	Rosebank	Buyer post-purchase demo order.	5	2	dc64bcb3-a317-4b56-b97e-fd6d4d42f42e	Standard courier	Standard	LocalRules	Verified	[]	2026-05-29 11:28:11.737305+02	\N	\N	\N	\N	\N	\N	\N	\N	\N	\N	\N	\N	\N	\N	\N	\N	\N	\N	\N	\N	\N	\N
b6cc1186-4812-4232-82af-6b5a340d126e	e16f52cc-9746-43f6-964f-dc6dec0f2a65	912b8c72-398a-49d1-b92c-b68b2be12685	c7431d72-0b14-497a-8a35-497138d9f88e	Delivered	0.00	0.00	0.00	2026-05-29 11:36:28.585587+02	2026-05-29 11:36:29.804032+02	10 Market Street	\N	Johannesburg	ZA	+27110000000	2196	Gauteng	Demo Buyer	Rosebank	Buyer post-purchase demo order.	5	2	dc64bcb3-a317-4b56-b97e-fd6d4d42f42e	Standard courier	Standard	LocalRules	Verified	[]	2026-05-29 11:36:28.293171+02	\N	\N	\N	\N	\N	\N	\N	\N	\N	\N	\N	\N	\N	\N	\N	\N	\N	\N	\N	\N	\N	\N
491490cb-39d3-4511-b383-fcfc34eb734b	e16f52cc-9746-43f6-964f-dc6dec0f2a65	912b8c72-398a-49d1-b92c-b68b2be12685	c7afab99-e563-4584-a077-4da5d5740fea	ReturnRequested	0.00	0.00	0.00	2026-05-29 12:12:40.948128+02	2026-05-29 12:16:00.274379+02	10 Market Street	\N	Johannesburg	ZA	+27110000000	2196	Gauteng	Demo Buyer	Rosebank	Buyer post-purchase demo order.	5	2	dc64bcb3-a317-4b56-b97e-fd6d4d42f42e	Standard courier	Standard	LocalRules	Verified	[]	2026-05-29 12:12:40.643096+02	\N	\N	\N	\N	\N	\N	\N	\N	\N	\N	\N	\N	\N	\N	\N	\N	\N	\N	\N	\N	\N	\N
71583d35-cdfc-43f3-88d6-14b3b5c78f5b	e16f52cc-9746-43f6-964f-dc6dec0f2a65	912b8c72-398a-49d1-b92c-b68b2be12685	0a1f7386-cce2-4e87-890d-e3bac4b83782	ReturnRequested	0.00	0.00	0.00	2026-05-29 13:30:37.219564+02	2026-05-29 13:31:20.657336+02	10 Market Street	\N	Johannesburg	ZA	+27110000000	2196	Gauteng	Demo Buyer	Rosebank	Buyer post-purchase demo order.	5	2	dc64bcb3-a317-4b56-b97e-fd6d4d42f42e	Standard courier	Standard	LocalRules	Verified	[]	2026-05-29 13:30:36.900173+02	\N	\N	\N	\N	\N	\N	\N	\N	\N	\N	\N	\N	\N	\N	\N	\N	\N	\N	\N	\N	\N	\N
\.


--
-- TOC entry 6263 (class 0 OID 64412)
-- Dependencies: 261
-- Data for Name: payment_events; Type: TABLE DATA; Schema: mabuntle; Owner: postgres
--

COPY mabuntle.payment_events ("Id", "PaymentId", "Provider", "ProviderEventId", "EventType", raw_payload_json, "ReceivedAtUtc", "ProcessedAtUtc", "ProcessingStatus", "ErrorMessage", raw_payload_redacted_at_utc) FROM stdin;
53ee2296-cd70-4b03-b9a2-17237d65a8b7	bc6c01c2-f46c-4374-8a8b-f5f945a28ab4	Fake	qa_paid_bc6c01c2-f46c-4374-8a8b-f5f945a28ab4	payment.paid	{"body": {"amount": 2598.00, "status": "Paid", "eventId": "qa_paid_bc6c01c2-f46c-4374-8a8b-f5f945a28ab4", "currency": "ZAR", "eventType": "payment.paid", "occurredAtUtc": "2026-05-27T13:43:29.1647216Z", "providerReference": "fake_a36130b893e14c1ba253cd4726b1d473_1779889388728"}, "provider": "Fake", "payloadType": "json"}	2026-05-27 15:43:29.281862+02	2026-05-27 15:43:29.281862+02	Processed	\N	\N
09b29863-3a89-4f8b-a08b-c717bea898c6	11c6b4c5-d9f7-4485-8bd7-648f640b1d5a	Fake	fake_demo_118680d4725545d68f8651b812f5cd42	payment.paid	{"body": {"amount": 2198.00, "status": "Paid", "eventId": "fake_demo_118680d4725545d68f8651b812f5cd42", "currency": "ZAR", "eventType": "payment.paid", "occurredAtUtc": "2026-05-29T09:02:44.7073971+00:00", "providerReference": "fake_a4fae5d2814846ecacd996c9f86f8d8b_1780045364681"}, "provider": "Fake", "payloadType": "json"}	2026-05-29 11:02:44.786818+02	2026-05-29 11:02:44.786818+02	Processed	\N	\N
558bbd38-e1bd-4b0a-bc4a-1149d9c3f471	d804fc62-a6c8-40af-b2df-693674aefccd	Fake	fake_demo_e530ef752b7643afab1b382e46e3e663	payment.paid	{"body": {"amount": 1299.00, "status": "Paid", "eventId": "fake_demo_e530ef752b7643afab1b382e46e3e663", "currency": "ZAR", "eventType": "payment.paid", "occurredAtUtc": "2026-05-29T09:28:12.2718367+00:00", "providerReference": "fake_339fe53e5a26450a9ecbdf4373db2e3f_1780046892242"}, "provider": "Fake", "payloadType": "json"}	2026-05-29 11:28:12.349137+02	2026-05-29 11:28:12.349137+02	Processed	\N	\N
9c6218cd-84d6-4bc3-8e52-9a96e151d384	1f0e7b4f-b346-4a63-b949-7bc5fc2d84b1	Fake	fake_demo_89c5db29c5f4424589fe8f969e284656	payment.paid	{"body": {"amount": 1299.00, "status": "Paid", "eventId": "fake_demo_89c5db29c5f4424589fe8f969e284656", "currency": "ZAR", "eventType": "payment.paid", "occurredAtUtc": "2026-05-29T09:36:28.8315045+00:00", "providerReference": "fake_b6cc11864812423282af6b5a340d126e_1780047388806"}, "provider": "Fake", "payloadType": "json"}	2026-05-29 11:36:28.906639+02	2026-05-29 11:36:28.906639+02	Processed	\N	\N
f9d09733-e3de-4c57-b02f-bb2c938cbd1d	8e6b7747-b4f9-4272-bd1f-1035ded3b0ae	Fake	fake_demo_997989ed35af40b082505bd38e59d47a	payment.paid	{"body": {"amount": 1299.00, "status": "Paid", "eventId": "fake_demo_997989ed35af40b082505bd38e59d47a", "currency": "ZAR", "eventType": "payment.paid", "occurredAtUtc": "2026-05-29T10:12:41.2158719+00:00", "providerReference": "fake_491490cb39d34511b383fcfc34eb734b_1780049561193"}, "provider": "Fake", "payloadType": "json"}	2026-05-29 12:12:41.278618+02	2026-05-29 12:12:41.278618+02	Processed	\N	\N
d600206a-3ee5-4ed9-910a-d503f7dae4a5	1fcb5477-f8ba-4fa9-b2f1-a797f83482e2	Fake	fake_demo_9a4109d1e8fe4fdda567157e356d1762	payment.paid	{"body": {"amount": 1299.00, "status": "Paid", "eventId": "fake_demo_9a4109d1e8fe4fdda567157e356d1762", "currency": "ZAR", "eventType": "payment.paid", "occurredAtUtc": "2026-05-29T11:30:37.5288204+00:00", "providerReference": "fake_71583d35cdfc43f388d614b3b5c78f5b_1780054237501"}, "provider": "Fake", "payloadType": "json"}	2026-05-29 13:30:37.606807+02	2026-05-29 13:30:37.606807+02	Processed	\N	\N
\.


--
-- TOC entry 6290 (class 0 OID 71468)
-- Dependencies: 288
-- Data for Name: payment_reconciliation_reviews; Type: TABLE DATA; Schema: mabuntle; Owner: postgres
--

COPY mabuntle.payment_reconciliation_reviews ("Id", "PaymentId", "Provider", "ProviderReference", "ObservedProviderStatus", "ObservedAmount", "ObservedCurrency", "Outcome", "Reason", "ReviewedByUserId", "ReviewedAtUtc", "NextReviewAfterUtc") FROM stdin;
\.


--
-- TOC entry 6260 (class 0 OID 64331)
-- Dependencies: 258
-- Data for Name: payments; Type: TABLE DATA; Schema: mabuntle; Owner: postgres
--

COPY mabuntle.payments ("Id", "OrderId", "BuyerId", "Provider", "ProviderReference", "Amount", "Currency", "Status", "PaidAtUtc", "FailedAtUtc", "CreatedAtUtc", "UpdatedAtUtc", checkout_url) FROM stdin;
bc6c01c2-f46c-4374-8a8b-f5f945a28ab4	a36130b8-93e1-4c1b-a253-cd4726b1d473	e16f52cc-9746-43f6-964f-dc6dec0f2a65	Fake	fake_a36130b893e14c1ba253cd4726b1d473_1779889388728	2598.00	ZAR	Paid	2026-05-27 15:43:29.281862+02	\N	2026-05-27 15:43:08.681507+02	2026-05-27 15:43:29.591538+02	http://localhost:4200/checkout/success?orderId=a36130b8-93e1-4c1b-a253-cd4726b1d473&providerReference=fake_a36130b893e14c1ba253cd4726b1d473_1779889388728
11c6b4c5-d9f7-4485-8bd7-648f640b1d5a	a4fae5d2-8148-46ec-acd9-96c9f86f8d8b	e16f52cc-9746-43f6-964f-dc6dec0f2a65	Fake	fake_a4fae5d2814846ecacd996c9f86f8d8b_1780045364681	2198.00	ZAR	Paid	2026-05-29 11:02:44.786818+02	\N	2026-05-29 11:02:44.668382+02	2026-05-29 11:02:45.038482+02	http://localhost:4200/checkout/success?orderId=a4fae5d2-8148-46ec-acd9-96c9f86f8d8b&providerReference=fake_a4fae5d2814846ecacd996c9f86f8d8b_1780045364681
d804fc62-a6c8-40af-b2df-693674aefccd	339fe53e-5a26-450a-9ecb-df4373db2e3f	e16f52cc-9746-43f6-964f-dc6dec0f2a65	Fake	fake_339fe53e5a26450a9ecbdf4373db2e3f_1780046892242	1299.00	ZAR	Paid	2026-05-29 11:28:12.349137+02	\N	2026-05-29 11:28:12.229207+02	2026-05-29 11:28:12.579186+02	http://localhost:4200/checkout/success?orderId=339fe53e-5a26-450a-9ecb-df4373db2e3f&providerReference=fake_339fe53e5a26450a9ecbdf4373db2e3f_1780046892242
1f0e7b4f-b346-4a63-b949-7bc5fc2d84b1	b6cc1186-4812-4232-82af-6b5a340d126e	e16f52cc-9746-43f6-964f-dc6dec0f2a65	Fake	fake_b6cc11864812423282af6b5a340d126e_1780047388806	1299.00	ZAR	Paid	2026-05-29 11:36:28.906639+02	\N	2026-05-29 11:36:28.793423+02	2026-05-29 11:36:29.140678+02	http://localhost:4200/checkout/success?orderId=b6cc1186-4812-4232-82af-6b5a340d126e&providerReference=fake_b6cc11864812423282af6b5a340d126e_1780047388806
8e6b7747-b4f9-4272-bd1f-1035ded3b0ae	491490cb-39d3-4511-b383-fcfc34eb734b	e16f52cc-9746-43f6-964f-dc6dec0f2a65	Fake	fake_491490cb39d34511b383fcfc34eb734b_1780049561193	1299.00	ZAR	Paid	2026-05-29 12:12:41.278618+02	\N	2026-05-29 12:12:41.181121+02	2026-05-29 12:12:41.678805+02	http://localhost:4200/checkout/success?orderId=491490cb-39d3-4511-b383-fcfc34eb734b&providerReference=fake_491490cb39d34511b383fcfc34eb734b_1780049561193
1fcb5477-f8ba-4fa9-b2f1-a797f83482e2	71583d35-cdfc-43f3-88d6-14b3b5c78f5b	e16f52cc-9746-43f6-964f-dc6dec0f2a65	Fake	fake_71583d35cdfc43f388d614b3b5c78f5b_1780054237501	1299.00	ZAR	PartiallyRefunded	2026-05-29 13:30:37.606807+02	\N	2026-05-29 13:30:37.484344+02	2026-05-29 13:31:21.068901+02	http://localhost:4200/checkout/success?orderId=71583d35-cdfc-43f3-88d6-14b3b5c78f5b&providerReference=fake_71583d35cdfc43f388d614b3b5c78f5b_1780054237501
\.


--
-- TOC entry 6300 (class 0 OID 71752)
-- Dependencies: 298
-- Data for Name: pickup_points; Type: TABLE DATA; Schema: mabuntle; Owner: postgres
--

COPY mabuntle.pickup_points ("Id", "ProviderName", "Code", "Name", "AddressLine1", "AddressLine2", "Suburb", "City", "Province", "PostalCode", "CountryCode", "Latitude", "Longitude", "OpeningHours", "IsActive", "CreatedAtUtc", "UpdatedAtUtc") FROM stdin;
\.


--
-- TOC entry 6244 (class 0 OID 63600)
-- Dependencies: 242
-- Data for Name: product_attribute_values; Type: TABLE DATA; Schema: mabuntle; Owner: postgres
--

COPY mabuntle.product_attribute_values ("Id", "ProductId", "Key", value_json) FROM stdin;
07cc904a-5540-4c2e-b2c6-0d53e40a716e	3560349b-ab4b-4bb6-a720-bcc6b794a7eb	ring-size	"7"
1a22d174-1026-44be-8cea-8195ad6a161f	2e83d197-d982-4ab2-8a64-a902d42a0ba3	colour	"Rose"
1d0ddbd0-a007-433f-97ce-8d561bd990ca	673919d8-2895-4659-b2e9-01694f8049b3	material	"Vegan Leather"
2cf56b39-7163-4d67-9efd-a7eb5658afcc	1b587e5b-352a-479a-801b-2f3b54c2938b	size	"S"
34e3b02e-a777-483a-8280-6fb7e062510f	cdb82f8a-0706-4240-a8f4-03b2753584f0	colour	"Gold"
4f2b935d-b3ad-4a65-a9c0-4cbd37af1663	673919d8-2895-4659-b2e9-01694f8049b3	colour	"Champagne"
55483275-3eae-43a2-a692-a0a24fccc890	cb3df7dd-fe3e-4f0d-aebc-ba13b1d21503	colour	"Black"
94692c9c-e02f-4366-9a47-5c4217e7a4d7	3560349b-ab4b-4bb6-a720-bcc6b794a7eb	material	"Silver"
a594b282-b8d8-4282-9e5a-9911a90e3527	b1e49626-cc2e-427d-9ceb-097036c43bac	volume-ml	150
aba50b3b-8b46-43e0-973a-127bf6450c13	cb3df7dd-fe3e-4f0d-aebc-ba13b1d21503	material	"Leather"
bd2d1be2-09e4-4c08-b164-285a6c21b815	5e41ee48-68ea-4fd3-9462-39edf6050f85	shade	"Warm Beige"
bfe1e863-c1a1-4839-93bf-6ec22f151def	2e83d197-d982-4ab2-8a64-a902d42a0ba3	size	"M"
c0812bdf-af06-435c-9675-cb0b9b7af47b	5e41ee48-68ea-4fd3-9462-39edf6050f85	skin-type	"Combination"
d2b7f34e-2c57-4bb2-8063-8ee8c9ee3497	1b587e5b-352a-479a-801b-2f3b54c2938b	colour	"Ivory"
db5c7b09-1398-44fc-9ecb-9655a6cff8e3	b1e49626-cc2e-427d-9ceb-097036c43bac	skin-type	"Dry"
e0fa844f-1b02-481d-b25f-60d7cbbca509	2e83d197-d982-4ab2-8a64-a902d42a0ba3	material	"Linen blend"
e3193ef1-cef2-4f59-9513-defe3048034c	cdb82f8a-0706-4240-a8f4-03b2753584f0	material	"Gold"
ef6e5004-8c86-4c2e-9e63-d865d09e7512	5e41ee48-68ea-4fd3-9462-39edf6050f85	volume-ml	30
5d292beb-f78f-432c-9253-cea39c176fb8	9c512fc8-6357-432a-a5e1-2f908c8e68d2	material	"Satin"
8474fca6-cd2f-4db7-8e2f-4b7abfb01ed1	9c512fc8-6357-432a-a5e1-2f908c8e68d2	size	"M"
b8dfa1ee-d746-4c0e-81ad-df0dada9e0c1	9c512fc8-6357-432a-a5e1-2f908c8e68d2	colour	"Plum"
\.


--
-- TOC entry 6252 (class 0 OID 64114)
-- Dependencies: 250
-- Data for Name: product_embeddings; Type: TABLE DATA; Schema: mabuntle; Owner: postgres
--

COPY mabuntle.product_embeddings ("Id", "ProductId", "SourceText", "Embedding", "ModelUsed", "CreatedAtUtc") FROM stdin;
\.


--
-- TOC entry 6245 (class 0 OID 63616)
-- Dependencies: 243
-- Data for Name: product_images; Type: TABLE DATA; Schema: mabuntle; Owner: postgres
--

COPY mabuntle.product_images ("Id", "ProductId", "Url", "StorageKey", "AltText", "SortOrder", "IsPrimary", "CreatedAtUtc", "MediaAssetId") FROM stdin;
1c2e4b2f-1a1e-4b4a-abb1-abad2e8f5d02	3560349b-ab4b-4bb6-a720-bcc6b794a7eb	/assets/sample-products/silver-stacking-ring-set.svg	dev-seed/sample-products/silver-stacking-ring-set.svg	Silver stacking ring set on a deep plum background	0	t	2026-05-26 15:57:57.399904+02	\N
255dd326-9fc5-403f-9f98-e19bca163387	1b587e5b-352a-479a-801b-2f3b54c2938b	/assets/sample-products/ivory-silk-wrap-blouse.svg	dev-seed/sample-products/ivory-silk-wrap-blouse.svg	Ivory silk wrap blouse styled on a champagne background	0	t	2026-05-26 15:57:57.390025+02	\N
25b90e65-b52d-4ca9-9098-21983cb96b59	b1e49626-cc2e-427d-9ceb-097036c43bac	/assets/sample-products/hydrating-cream-cleanser.svg	dev-seed/sample-products/hydrating-cream-cleanser.svg	Hydrating cream cleanser bottle on ivory and blush background	0	t	2026-05-26 15:57:57.40834+02	\N
2cbb56fd-d5ad-4994-a426-db04289bc350	673919d8-2895-4659-b2e9-01694f8049b3	/assets/sample-products/champagne-mini-crossbody-bag.svg	dev-seed/sample-products/champagne-mini-crossbody-bag.svg	Champagne mini crossbody bag on a warm ivory background	0	t	2026-05-26 15:57:57.394973+02	\N
a93bd1ea-b78e-436e-93d3-5bb26a2ec989	cb3df7dd-fe3e-4f0d-aebc-ba13b1d21503	/assets/sample-products/black-structured-leather-tote.svg	dev-seed/sample-products/black-structured-leather-tote.svg	Black structured leather tote with champagne accents	0	t	2026-05-26 15:57:57.392765+02	\N
c228140e-9020-404a-9ebe-7a63d633eb58	5e41ee48-68ea-4fd3-9462-39edf6050f85	/assets/sample-products/soft-matte-foundation.svg	dev-seed/sample-products/soft-matte-foundation.svg	Soft matte foundation bottle on champagne background	0	t	2026-05-26 15:57:57.411795+02	\N
fce5053b-2a77-41fb-b98f-6214c7a802ea	2e83d197-d982-4ab2-8a64-a902d42a0ba3	/assets/sample-products/rose-linen-midi-dress.svg	dev-seed/sample-products/rose-linen-midi-dress.svg	Rose linen midi dress on an ivory editorial background	0	t	2026-05-26 15:57:57.372175+02	\N
fed2d942-4630-4aab-9b50-d993da395701	cdb82f8a-0706-4240-a8f4-03b2753584f0	/assets/sample-products/gold-polished-hoop-earrings.svg	dev-seed/sample-products/gold-polished-hoop-earrings.svg	Gold polished hoop earrings on a blush background	0	t	2026-05-26 15:57:57.397642+02	\N
4a0fccc9-991e-42fc-a6bb-05d08c7a3f33	9c512fc8-6357-432a-a5e1-2f908c8e68d2	/assets/sample-products/rose-linen-midi-dress.svg	dev-seed/sample-products/rose-linen-midi-dress.svg	Demo satin slip skirt awaiting product review	0	t	2026-05-26 16:24:12.832265+02	\N
\.


--
-- TOC entry 6292 (class 0 OID 71517)
-- Dependencies: 290
-- Data for Name: product_listing_revision_images; Type: TABLE DATA; Schema: mabuntle; Owner: postgres
--

COPY mabuntle.product_listing_revision_images ("Id", "RevisionId", "SourceProductImageId", "Url", "StorageKey", "AltText", "SortOrder", "IsPrimary", "CreatedAtUtc", "MediaAssetId") FROM stdin;
da9d9dde-d8cc-4715-b0ad-5a41784c2667	a8ad622d-e79e-4f2e-9b49-514d102a24e7	fce5053b-2a77-41fb-b98f-6214c7a802ea	/assets/sample-products/rose-linen-midi-dress.svg	dev-seed/sample-products/rose-linen-midi-dress.svg	Rose linen midi dress on an ivory editorial background	0	t	2026-05-27 16:14:12.39273+02	\N
\.


--
-- TOC entry 6291 (class 0 OID 71492)
-- Dependencies: 289
-- Data for Name: product_listing_revisions; Type: TABLE DATA; Schema: mabuntle; Owner: postgres
--

COPY mabuntle.product_listing_revisions ("Id", "ProductId", "SellerId", "CategoryId", "BrandId", "Title", "Slug", "ShortDescription", "FullDescription", tags_json, attributes_json, "Status", "RejectionReason", "ReviewedByUserId", "SubmittedAtUtc", "ReviewedAtUtc", "CreatedAtUtc", "UpdatedAtUtc", "CareInstructions", "MerchandisingLabel", "ProductDisclaimer", "SeoDescription", "SeoTitle") FROM stdin;
a8ad622d-e79e-4f2e-9b49-514d102a24e7	2e83d197-d982-4ab2-8a64-a902d42a0ba3	912b8c72-398a-49d1-b92c-b68b2be12685	20000000-0000-0000-0000-000000000003	\N	Rose Linen Midi Dress	rose-linen-midi-dress	A softly tailored linen midi dress with an easy day-to-evening shape.	Cut from breathable linen-blend fabric, this rose midi dress is designed for warm-weather occasions, weekend lunches, and relaxed events. The silhouette is polished without feeling formal, with clean seams, a flattering waist, and enough movement for everyday wear.	["dress", "linen", "rose", "occasionwear", "summer"]	{"size": "M", "colour": "Rose", "material": "Linen blend"}	Draft	\N	\N	\N	\N	2026-05-27 16:14:12.4185+02	2026-05-27 16:14:12.4185+02	\N	\N	\N	\N	\N
\.


--
-- TOC entry 6289 (class 0 OID 65181)
-- Dependencies: 287
-- Data for Name: product_reviews; Type: TABLE DATA; Schema: mabuntle; Owner: postgres
--

COPY mabuntle.product_reviews ("Id", "BuyerId", "SellerId", "ProductId", "OrderId", "OrderItemId", "Rating", "Title", "Body", "Status", "CreatedAtUtc", "UpdatedAtUtc", "ModeratedAtUtc", "ModeratedByUserId", "ModerationReason") FROM stdin;
7b495de9-f343-4fb9-864c-41933c7b66bc	e16f52cc-9746-43f6-964f-dc6dec0f2a65	912b8c72-398a-49d1-b92c-b68b2be12685	2e83d197-d982-4ab2-8a64-a902d42a0ba3	b6cc1186-4812-4232-82af-6b5a340d126e	7c952e37-f7a4-4a4a-ba31-b599864b89c0	5	Phase 11C fit check	Review submitted during buyer post-purchase QA.	PendingReview	2026-05-29 11:42:49.976553+02	2026-05-29 11:42:49.976553+02	\N	\N	\N
\.


--
-- TOC entry 6302 (class 0 OID 71797)
-- Dependencies: 300
-- Data for Name: product_variant_revision_items; Type: TABLE DATA; Schema: mabuntle; Owner: postgres
--

COPY mabuntle.product_variant_revision_items ("Id", "RevisionId", "Operation", "SourceVariantId", "Sku", "Size", "Colour", "Price", "CompareAtPrice", "InitialStockQuantity", "ProposedStatus", "Barcode") FROM stdin;
\.


--
-- TOC entry 6301 (class 0 OID 71774)
-- Dependencies: 299
-- Data for Name: product_variant_revisions; Type: TABLE DATA; Schema: mabuntle; Owner: postgres
--

COPY mabuntle.product_variant_revisions ("Id", "ProductId", "SellerId", "Status", "SellerReason", "RejectionReason", "ReviewedByUserId", "SubmittedAtUtc", "ReviewedAtUtc", "CreatedAtUtc", "UpdatedAtUtc") FROM stdin;
8178065f-426d-4e80-8434-74c01e6c88b7	2e83d197-d982-4ab2-8a64-a902d42a0ba3	912b8c72-398a-49d1-b92c-b68b2be12685	Draft	\N	\N	\N	\N	\N	2026-05-27 16:14:12.315796+02	2026-05-27 16:14:12.315796+02
\.


--
-- TOC entry 6246 (class 0 OID 63635)
-- Dependencies: 244
-- Data for Name: product_variants; Type: TABLE DATA; Schema: mabuntle; Owner: postgres
--

COPY mabuntle.product_variants ("Id", "ProductId", "Sku", "Size", "Colour", "Price", "CompareAtPrice", "StockQuantity", "ReservedQuantity", "Status", "Barcode", "CreatedAtUtc", "UpdatedAtUtc") FROM stdin;
438c3eff-fc1e-4ebe-8df2-5bd0ef7ae122	e09ca12c-3825-493f-9732-754078bc34ec	SKU-672cf0072f464178ad48b86013422f7e	M	Black	499.00	\N	1	1	Active	\N	-infinity	-infinity
0c4e976a-daa1-40e2-9101-a8294201e6ab	a40f5dcc-cc87-4ce3-a395-5de7a5fe173c	SKU-6d75d818e6a54fbdbf98471dec4ec47c	M	Black	499.00	\N	1	1	Active	\N	-infinity	-infinity
6da91b22-eda7-4e21-870a-7a4c2fa7bae8	17c987f1-c40c-4b37-8502-a773702cd96d	SKU-3f0c9c4d481b4ee0a45d6f72ca03d829	M	Black	499.00	\N	1	1	Active	\N	-infinity	-infinity
2ac372fd-eae9-4392-b085-5abeb2408fbd	122ad4bc-fbfb-48da-90eb-1eb1388ac05a	SKU-c4c5bf999c804350951b4b0c7fbbe0c9	M	Black	499.00	\N	1	1	Active	\N	-infinity	-infinity
8bc87d5b-549d-471c-81e4-0b85c2c758bd	8cf6808d-8e37-4081-b890-ffc9112fc443	SKU-c4e69136316c43889fe68117afe1b896	M	Black	499.00	\N	1	1	Active	\N	-infinity	-infinity
1ae8f324-4947-40a7-a885-d61847917cd7	3560349b-ab4b-4bb6-a720-bcc6b794a7eb	DEV-RING-SILVER-8	8	Silver	549.00	\N	7	0	Active	\N	-infinity	-infinity
35a825f9-4680-448e-b350-f8d9234dfa7a	673919d8-2895-4659-b2e9-01694f8049b3	DEV-CROSSBODY-CHAMPAGNE-OS	One size	Champagne	749.00	\N	13	0	Active	\N	-infinity	-infinity
47f378c3-da2b-41d7-b094-09ae8ce60ad9	b1e49626-cc2e-427d-9ceb-097036c43bac	DEV-CLEANSER-150ML	150 ml	Cream	249.00	\N	22	0	Active	\N	-infinity	-infinity
66f65e09-91a7-4036-949a-e26f11aa0d50	2e83d197-d982-4ab2-8a64-a902d42a0ba3	DEV-DRESS-ROSE-M	M	Rose	1299.00	1599.00	15	0	Active	\N	-infinity	-infinity
6dba6005-df7e-45f1-adb2-0a0e7a05abe1	2e83d197-d982-4ab2-8a64-a902d42a0ba3	DEV-DRESS-BLACK-M	M	Black	1299.00	1599.00	8	0	Active	\N	-infinity	-infinity
73c8439d-4439-476e-afa5-568d53e516bd	3560349b-ab4b-4bb6-a720-bcc6b794a7eb	DEV-RING-SILVER-7	7	Silver	549.00	\N	10	0	Active	\N	-infinity	-infinity
908ee765-4fa1-4aa5-97e9-d4757a0227e2	2e83d197-d982-4ab2-8a64-a902d42a0ba3	DEV-DRESS-ROSE-S	S	Rose	1299.00	1599.00	12	0	Active	\N	-infinity	-infinity
96cc80fc-186d-4ded-8f78-fc3925ba5782	cb3df7dd-fe3e-4f0d-aebc-ba13b1d21503	DEV-TOTE-BLACK-OS	One size	Black	1899.00	2299.00	7	0	Active	\N	-infinity	-infinity
a4bbdfa0-8582-4e6b-85ce-dae52b408455	5e41ee48-68ea-4fd3-9462-39edf6050f85	DEV-FOUNDATION-WARM-BEIGE-30ML	30 ml	Warm Beige	389.00	\N	18	0	Active	\N	-infinity	-infinity
c16a6990-089a-41b6-91a5-8a56ab499881	1b587e5b-352a-479a-801b-2f3b54c2938b	DEV-BLOUSE-IVORY-S	S	Ivory	899.00	\N	14	0	Active	\N	-infinity	-infinity
ca8ef888-d6eb-459c-9f30-d4ed386b6565	1b587e5b-352a-479a-801b-2f3b54c2938b	DEV-BLOUSE-IVORY-M	M	Ivory	899.00	\N	11	0	Active	\N	-infinity	-infinity
cfdb7574-9541-4259-88b1-1dae1668c52b	3560349b-ab4b-4bb6-a720-bcc6b794a7eb	DEV-RING-SILVER-6	6	Silver	549.00	\N	8	0	Active	\N	-infinity	-infinity
f7a57f70-0198-4c16-884f-56ecf16619d0	cdb82f8a-0706-4240-a8f4-03b2753584f0	DEV-HOOPS-GOLD-OS	One size	Gold	429.00	\N	24	0	Active	\N	-infinity	-infinity
f999bc49-88fd-4ca2-a6bc-570c6f78dd1d	1b587e5b-352a-479a-801b-2f3b54c2938b	DEV-BLOUSE-IVORY-XS	XS	Ivory	899.00	\N	9	0	Active	\N	-infinity	-infinity
484e6ed5-db1f-406c-9be2-b4ad3168718d	9c512fc8-6357-432a-a5e1-2f908c8e68d2	DEMO-REVIEW-SKIRT-PLUM-M	M	Plum	1099.00	1399.00	12	0	Active	\N	-infinity	-infinity
4feb3590-940e-4a98-85ea-677a514d9bb8	9c512fc8-6357-432a-a5e1-2f908c8e68d2	DEMO-REVIEW-SKIRT-PLUM-L	L	Plum	1099.00	1399.00	6	0	Active	\N	-infinity	-infinity
9afd6db5-952a-43f5-8db3-00a26dfc20eb	9c512fc8-6357-432a-a5e1-2f908c8e68d2	DEMO-REVIEW-SKIRT-PLUM-S	S	Plum	1099.00	1399.00	9	0	Active	\N	-infinity	-infinity
dffa92db-3ad9-409d-912c-eceb71a1caf9	1b587e5b-352a-479a-801b-2f3b54c2938b	DEV-BLOUSE-IVORY-L	L	Ivory	899.00	\N	6	1	Active	\N	-infinity	-infinity
42264171-8895-48f5-9aa8-75b7f228952a	2e83d197-d982-4ab2-8a64-a902d42a0ba3	DEV-DRESS-ROSE-L	L	Rose	1299.00	1599.00	10	8	Active	\N	-infinity	-infinity
\.


--
-- TOC entry 6243 (class 0 OID 63575)
-- Dependencies: 241
-- Data for Name: products; Type: TABLE DATA; Schema: mabuntle; Owner: postgres
--

COPY mabuntle.products ("Id", "SellerId", "CategoryId", "BrandId", "Title", "Slug", "ShortDescription", "FullDescription", "Status", "RejectionReason", "PublishedAtUtc", "CreatedAtUtc", "UpdatedAtUtc", tags_json, "CareInstructions", "MerchandisingLabel", "ProductDisclaimer", "SeoDescription", "SeoTitle") FROM stdin;
e09ca12c-3825-493f-9732-754078bc34ec	c5ff0278-e8fe-477d-bcf7-fc71e9659036	\N	\N	\N	\N	\N	\N	Draft	\N	\N	-infinity	-infinity	[]	\N	\N	\N	\N	\N
a40f5dcc-cc87-4ce3-a395-5de7a5fe173c	f2c66fa8-eeb5-439e-a23d-9c17eb782bbb	\N	\N	\N	\N	\N	\N	Draft	\N	\N	-infinity	-infinity	[]	\N	\N	\N	\N	\N
17c987f1-c40c-4b37-8502-a773702cd96d	e24312a8-4736-4a88-a837-cca845b9851c	\N	\N	\N	\N	\N	\N	Draft	\N	\N	-infinity	-infinity	[]	\N	\N	\N	\N	\N
122ad4bc-fbfb-48da-90eb-1eb1388ac05a	6d3e4b00-29c9-4091-9c2e-5255ef4cc7f9	\N	\N	\N	\N	\N	\N	Draft	\N	\N	-infinity	-infinity	[]	\N	\N	\N	\N	\N
8cf6808d-8e37-4081-b890-ffc9112fc443	254cc904-af8b-496c-a0fa-b730f2924487	\N	\N	\N	\N	\N	\N	Draft	\N	\N	-infinity	-infinity	[]	\N	\N	\N	\N	\N
2e83d197-d982-4ab2-8a64-a902d42a0ba3	912b8c72-398a-49d1-b92c-b68b2be12685	20000000-0000-0000-0000-000000000003	\N	Rose Linen Midi Dress	rose-linen-midi-dress	A softly tailored linen midi dress with an easy day-to-evening shape.	Cut from breathable linen-blend fabric, this rose midi dress is designed for warm-weather occasions, weekend lunches, and relaxed events. The silhouette is polished without feeling formal, with clean seams, a flattering waist, and enough movement for everyday wear.	Published	\N	2026-05-26 15:57:57.231847+02	-infinity	-infinity	["dress", "linen", "rose", "occasionwear", "summer"]	\N	\N	\N	\N	\N
3560349b-ab4b-4bb6-a720-bcc6b794a7eb	912b8c72-398a-49d1-b92c-b68b2be12685	20000000-0000-0000-0000-000000000011	\N	Silver Stacking Ring Set	silver-stacking-ring-set	A silver stacking ring set with three slim polished bands.	Wear the rings together for a layered look or split them across fingers for a lighter finish. The polished silver tone is versatile enough for everyday jewellery styling and gifting.	Published	\N	2026-05-26 15:57:57.231847+02	-infinity	-infinity	["jewellery", "rings", "silver", "stacking", "gift"]	\N	\N	\N	\N	\N
5e41ee48-68ea-4fd3-9462-39edf6050f85	912b8c72-398a-49d1-b92c-b68b2be12685	20000000-0000-0000-0000-000000000017	\N	Soft Matte Foundation	soft-matte-foundation	A soft matte liquid foundation with buildable medium coverage.	This foundation is suitable for normal and combination skin types with a soft matte finish. Shade: Warm Beige. Ingredients are listed for testing only: water, pigments, glycerin, and silicone elastomer. Batch number DEV-FDN-001. Expiry date 2027-10. Sealed/unsealed status: sealed.	Published	\N	2026-05-26 15:57:57.231847+02	-infinity	-infinity	["beauty", "foundation", "makeup", "matte", "sealed"]	\N	\N	\N	\N	\N
673919d8-2895-4659-b2e9-01694f8049b3	912b8c72-398a-49d1-b92c-b68b2be12685	20000000-0000-0000-0000-000000000013	\N	Champagne Mini Crossbody Bag	champagne-mini-crossbody-bag	A compact champagne crossbody bag for evenings and weekend styling.	This mini crossbody adds a soft metallic note without overpowering an outfit. The vegan leather finish, adjustable strap, and compact interior make it suitable for events, errands, and occasionwear testing.	Published	\N	2026-05-26 15:57:57.231847+02	-infinity	-infinity	["bag", "crossbody", "champagne", "vegan leather", "occasion"]	\N	\N	\N	\N	\N
b1e49626-cc2e-427d-9ceb-097036c43bac	912b8c72-398a-49d1-b92c-b68b2be12685	20000000-0000-0000-0000-000000000019	\N	Hydrating Cream Cleanser	hydrating-cream-cleanser	A gentle cream cleanser for normal to dry skin types.	This hydrating cleanser is designed for normal, dry, and sensitive-feeling skin. Ingredients are listed for testing only: water, glycerin, sunflower oil, and mild cleansing agents. Batch number DEV-CLN-001. Expiry date 2027-12. Sealed/unsealed status: sealed.	Published	\N	2026-05-26 15:57:57.231847+02	-infinity	-infinity	["beauty", "cleanser", "hydrating", "skincare", "sealed"]	\N	\N	\N	\N	\N
1b587e5b-352a-479a-801b-2f3b54c2938b	912b8c72-398a-49d1-b92c-b68b2be12685	20000000-0000-0000-0000-000000000004	\N	Ivory Silk Wrap Blouse	ivory-silk-wrap-blouse	An ivory wrap blouse with a fluid drape and understated sheen.	This silk-feel wrap blouse pairs cleanly with tailored trousers, denim, or a midi skirt. The soft ivory colour keeps it versatile, while the wrap shape adds polish for work, dinners, and elevated everyday styling.	Published	\N	2026-05-26 15:57:57.231847+02	-infinity	-infinity	["blouse", "ivory", "silk", "workwear", "tops"]	\N	\N	\N	\N	\N
9c512fc8-6357-432a-a5e1-2f908c8e68d2	912b8c72-398a-49d1-b92c-b68b2be12685	20000000-0000-0000-0000-000000000003	\N	Demo Review Satin Slip Skirt	demo-review-satin-slip-skirt	A complete seller-submitted skirt listing waiting for admin review.	This satin slip skirt is seeded specifically for the seller approval flow. It has a category, rich descriptions, product attributes, a primary image, and active variants so an admin can approve or reject it from the product moderation queue.	PendingReview	\N	\N	-infinity	-infinity	["demo", "seller-flow", "skirt", "satin", "review"]	\N	\N	\N	\N	\N
cb3df7dd-fe3e-4f0d-aebc-ba13b1d21503	912b8c72-398a-49d1-b92c-b68b2be12685	20000000-0000-0000-0000-000000000013	\N	Black Structured Leather Tote	black-structured-leather-tote	A structured black tote with enough room for daily essentials.	Designed for workdays, travel, and polished daily carry, this black leather tote keeps its shape while offering a generous interior. Minimal hardware and a refined finish make it easy to style with fashion or beauty purchases.	Published	\N	2026-05-26 15:57:57.231847+02	-infinity	-infinity	["bag", "tote", "leather", "black", "workwear"]	\N	\N	\N	\N	\N
cdb82f8a-0706-4240-a8f4-03b2753584f0	912b8c72-398a-49d1-b92c-b68b2be12685	20000000-0000-0000-0000-000000000010	\N	Gold Polished Hoop Earrings	gold-polished-hoop-earrings	Polished gold hoop earrings with a clean everyday profile.	These gold-tone hoop earrings are lightweight enough for daily wear and refined enough for a dressed-up look. The polished finish catches light neatly without heavy embellishment.	Published	\N	2026-05-26 15:57:57.231847+02	-infinity	-infinity	["jewellery", "earrings", "hoops", "gold", "gift"]	\N	\N	\N	\N	\N
\.


--
-- TOC entry 6235 (class 0 OID 63403)
-- Dependencies: 233
-- Data for Name: refresh_tokens; Type: TABLE DATA; Schema: mabuntle; Owner: postgres
--

COPY mabuntle.refresh_tokens ("Id", "UserId", "TokenHash", "ExpiresAtUtc", "CreatedAtUtc", "RevokedAtUtc", "ReplacedByTokenHash", family_id, revoked_reason) FROM stdin;
451dba7b-bc60-44a8-b76e-3972a1e44b1c	019e3b6a-ec2f-7d63-a3a1-49b7e06a8668	437CD40F72827C1FDB1625895291D6970500AABAFCE49E4958877BB6B76EFD6F	2026-06-01 16:09:35.311412+02	2026-05-18 16:09:35.50254+02	2026-05-18 16:09:52.123781+02	\N	451dba7b-bc60-44a8-b76e-3972a1e44b1c	\N
2ca56065-97a0-4281-a9ea-5d9e54b90dd8	019e3b6a-ec2f-7d63-a3a1-49b7e06a8668	E867AA862C896BA9C3CA8FF49EF282CF597E7FE9ED8C386866D342F2123F54AE	2026-06-02 15:46:27.586415+02	2026-05-19 15:46:27.715254+02	\N	\N	f9f385a4-1d91-4842-8ee2-d1291ac4deed	\N
a0598a83-bf3a-477c-ac13-4edc1f06dc64	019e4c3e-0ade-78cb-abcd-ada9d3c86f81	639B191BAE37316FBC74870B6611FC0C362515313A0D73D6AF81F4840DE55B9E	2026-06-04 23:21:36.807193+02	2026-05-21 23:21:36.919668+02	\N	\N	a1259a10-a355-4023-b6b7-f69e4d94ac27	\N
47a90fc6-be51-41d5-81b5-51fb577489b6	019e4c3e-0d1a-74f0-9518-2e045edd3676	C5F66D68D9603C19EC8C399F076CC19B59E9119180F04FB703C77B1C88669850	2026-06-04 23:23:46.22958+02	2026-05-21 23:23:46.232946+02	\N	\N	cd6a2dc6-a762-43ce-9ab8-4cd2974e562d	\N
a64ed3b8-af53-4674-aaad-d652718404a3	019e4c3e-0ade-78cb-abcd-ada9d3c86f81	B4A8641E2119FA89C948B46C0B1AEF02B95BF7D9493B45EE3523AFBCB5219C95	2026-06-10 14:39:20.284432+02	2026-05-27 14:39:20.392268+02	\N	\N	f0368bfc-1297-4b7b-aebd-fefd8eea9427	\N
61e9d96e-53de-4fe7-a261-9484333f38fc	019e4c3e-0d1a-74f0-9518-2e045edd3676	2BC3B5B159B33B2078B5D930B77447131AC4531D50D4116504F130DD9175661F	2026-06-10 14:39:20.582742+02	2026-05-27 14:39:20.587385+02	\N	\N	c6f7dd84-aef5-4fbe-a745-bbf0a19ddbe1	\N
abe5c5b0-6627-44a3-bcd4-5270a1c161cc	019e64ab-f757-7b3b-9917-b700fc115922	B3C08527395F94BEEE15433F37235F53296FF9DBB259915B37CF75140D07240F	2026-06-10 14:39:20.692707+02	2026-05-27 14:39:20.697683+02	\N	\N	a9af4b67-f4da-494c-802c-bf2edc771afc	\N
5901beab-c37e-4cb0-a9c1-383c04f2e90f	019e4c3e-0ade-78cb-abcd-ada9d3c86f81	A430F80991A76901568EA519C54FD3F1FED2D70BECFCC38064BD7A39805B0CDF	2026-06-10 14:39:46.867992+02	2026-05-27 14:39:46.869969+02	\N	\N	1da3d20f-1330-481b-93e8-2fe7e3b01897	\N
98f35678-ccf9-4853-a289-90d0853ebee0	019e4c3e-0d1a-74f0-9518-2e045edd3676	322C2F474A3EA052E1A6926392E29806B623FEB9E4ACE0765CFD7C05D6E69E80	2026-06-10 14:39:46.948994+02	2026-05-27 14:39:46.950497+02	\N	\N	cdf889c2-a67a-4228-977e-8324846b21dc	\N
267058cd-e15c-4680-bd40-ae8d48907881	019e64ab-f757-7b3b-9917-b700fc115922	CEE8FB4F08C24C96EBBADDF506FEB8B63596B42777EC1AE83FF2FF7423F61A02	2026-06-10 14:39:47.030272+02	2026-05-27 14:39:47.032181+02	\N	\N	97fe49a8-5695-443e-94cf-08569f73fb19	\N
ed0d4fc9-d00f-42c2-9291-47e78fb99034	019e4c3e-0d1a-74f0-9518-2e045edd3676	BBE10B945B85AC8B5E14405D8B5D72601DFB9D73323CD1CB269854E3A1E324DB	2026-06-10 15:11:47.902827+02	2026-05-27 15:11:47.994436+02	\N	\N	2d365d91-b58c-4ed2-bbfe-9b7cad18e7e0	\N
ece2a75d-d941-44f9-8f2b-1b75d6aa9672	019e4c3e-0ade-78cb-abcd-ada9d3c86f81	8B39F1B003579617107C9D18C00A985071674ABEE52B02A9988724614F97FBF0	2026-06-10 15:11:48.175433+02	2026-05-27 15:11:48.179683+02	\N	\N	12c0cb07-a4c1-495a-9ae2-5ca76518b64c	\N
925e7036-4b82-4ce2-8383-0fb88c3dc21d	019e4c3e-0ade-78cb-abcd-ada9d3c86f81	9C036CDA3FBD6C7426879C80863B64C61023B7E9E5E46E12EB03E857F60BDF79	2026-06-10 15:11:56.660213+02	2026-05-27 15:11:56.663199+02	\N	\N	2a67201f-5f14-4b23-b484-2b2bcef0d23c	\N
a2f8686d-3d13-4154-8276-78167d515351	019e4c3e-0d1a-74f0-9518-2e045edd3676	E675A73AB4DCB94277D3218B188C8D883C29153653824BEAFF1594D1E64C447A	2026-06-10 15:14:43.096378+02	2026-05-27 15:14:43.170124+02	\N	\N	d46c643a-311c-4552-bb74-ae383ec91f7a	\N
1e6ee229-a9ec-4bd3-bb3a-0eaa1578079d	019e4c3e-0d1a-74f0-9518-2e045edd3676	FABDC171207B7AC168E22B2BB8E9578523BA21C62420939554F2042898641087	2026-06-10 15:15:39.998933+02	2026-05-27 15:15:40.001743+02	\N	\N	8e5bf84b-cf85-442f-ba8e-71e8ef08e6bc	\N
d14a71d2-ec0f-4703-b415-97c16a07f67b	019e4c3e-0cd3-7a1a-be2a-fa0c347640cf	3020B809BD444BABAFEE16E69799E9C660040A8694956D9D52AF7A8B66EA5CD4	2026-06-10 15:15:56.069816+02	2026-05-27 15:15:56.071498+02	\N	\N	e00733d6-5ed5-41eb-ae21-4f8784804a7f	\N
07a049de-38e4-4ed2-84de-813d62079f3b	019e4c3e-0cd3-7a1a-be2a-fa0c347640cf	3C1B1218EB51237EBCF2EDD1C3ECB8395DF1527CFD18C46F96165257536D6A74	2026-06-10 15:16:23.443416+02	2026-05-27 15:16:23.445152+02	\N	\N	a7e015d6-5ee8-41aa-abd7-674a6e627117	\N
93c34a94-2f84-41f3-bd20-1df54bc0c85b	019e4c3e-0cd3-7a1a-be2a-fa0c347640cf	08E72A0F608198DA7FD03E0C8DE7FD03F85A410C2FE3A6877A1A2473EB612A4B	2026-06-10 15:20:05.414303+02	2026-05-27 15:20:05.509168+02	\N	\N	85631ddd-d42a-4727-9dc9-d671a3256c65	\N
7b4058b0-1192-407c-890e-4c129e9d2a3c	019e4c3e-0cd3-7a1a-be2a-fa0c347640cf	7C8B0BD9C021FC93647966B107D288C713C03A8D9221C19FF9546FCC80A6A5BB	2026-06-10 15:43:08.074401+02	2026-05-27 15:43:08.121826+02	\N	\N	fcaa3fdb-fb3f-4854-8b61-6f85b842c0c8	\N
799e337e-1904-4ac3-94fe-d84ab9ea388b	019e4c3e-0d1a-74f0-9518-2e045edd3676	BEAC76E0091E777B23E2AF5EC93E247E55CA0450B03682B6C9BAAA4B7157BE1B	2026-06-10 15:43:09.127383+02	2026-05-27 15:43:09.129714+02	\N	\N	7598c0cd-f0e0-4339-ae28-7af863650569	\N
8cfff25b-fdbe-4fb5-b3d6-59d0d4961827	019e4c3e-0cd3-7a1a-be2a-fa0c347640cf	293C795A15DF6DD05EB97CBA29FAD4A665F936972DB7AF34238897F363AF270C	2026-06-10 15:43:29.152005+02	2026-05-27 15:43:29.15382+02	\N	\N	c1c7412e-a436-4dd9-9d19-a74b6f8c7284	\N
d32c5339-9006-4a8a-84d3-23b890a8f2ea	019e4c3e-0d1a-74f0-9518-2e045edd3676	8D9463B206DF73F7A168A606650C7D553D2EC4E02DD7B5F95300AE51D440AB50	2026-06-10 15:43:49.077499+02	2026-05-27 15:43:49.080021+02	\N	\N	49dad389-befc-40d8-aed1-0bc9d3b07a89	\N
0bcbd48d-f728-4394-9443-adc3d1b229f9	019e4c3e-0cd3-7a1a-be2a-fa0c347640cf	EF3DD94B47FFA3E2AE5323C2D62F20BCF65C5D556D92DA867E84DEAA6799372B	2026-06-10 15:43:49.480589+02	2026-05-27 15:43:49.481607+02	\N	\N	780a3d17-7b3e-448d-a66a-f187c592afb3	\N
4e5b7cdb-bb2a-45be-9942-fffbfe20932a	019e4c3e-0cd3-7a1a-be2a-fa0c347640cf	D9788E35EA3F08DD86ABC61AF6AD1DB7DA6D484B3F1F0B2D05FBBF1EFD9F225A	2026-06-10 15:44:15.488361+02	2026-05-27 15:44:15.489549+02	\N	\N	364871d4-849b-4368-b21e-d859990ea965	\N
34c86afb-6621-4780-b11d-dceb20b90f5b	019e64ab-f757-7b3b-9917-b700fc115922	195AEEE657D201762109C8EEA2DB0B74D81C660AED81268B707363A407378CB1	2026-06-10 15:47:37.414895+02	2026-05-27 15:47:37.433146+02	\N	\N	84c36529-c8db-46ac-944e-9a6f5852e7d8	\N
4d0871fc-9ded-44ba-b71f-07c59667723a	019e4c3e-0d1a-74f0-9518-2e045edd3676	435254BF31D52FA7D857A4C7A6855D80780F2CD3C39F5E717583D73BF5F8E5F0	2026-06-10 15:47:46.464638+02	2026-05-27 15:47:46.466414+02	\N	\N	94888d97-ffdf-4e30-949c-d1611bbdbb83	\N
ef1a7cb1-ade6-4d00-abb5-0b24bab802e2	019e4c3e-0ade-78cb-abcd-ada9d3c86f81	C2CC0FC84FFE0412C40C725444FB1EFA32BD079F009C530D64B2EEFC4A8DC4DD	2026-06-10 15:48:40.741119+02	2026-05-27 15:48:40.751883+02	\N	\N	112c1956-8720-4e82-adee-ad932c7fdec6	\N
a7a08418-9db3-4de4-937d-4af9b648285a	019e64ab-f757-7b3b-9917-b700fc115922	844683373058CF58FFEE5C843D8221C0E02F826CFA1E843C48D574DF605D9138	2026-06-10 15:49:12.373427+02	2026-05-27 15:49:12.375117+02	\N	\N	a7703a4f-64b3-4671-bec7-96ff5cb50c7e	\N
a040d981-1ab7-4b91-b1c5-b4ad1695f2c9	019e4c3e-0d1a-74f0-9518-2e045edd3676	8D5281193A82AEDFEEB4EF99897EB0F8DC271274FE18DB4758CB010DB0163637	2026-06-10 15:49:21.566756+02	2026-05-27 15:49:21.570596+02	\N	\N	4f1b3df6-b3c7-4ca2-9250-570edfbcfaf3	\N
837333fe-8e4b-46d0-bc16-fc78b766de7b	019e4c3e-0ade-78cb-abcd-ada9d3c86f81	A59381D3C1E03D5A0BFB96714B2F1FE7FA873D6FCA491D6FB7D6AF83CA9952D4	2026-06-10 15:50:14.303994+02	2026-05-27 15:50:14.306155+02	\N	\N	7b2034b5-1885-41bf-9cdd-c6dbecea7825	\N
88eb5de4-20ee-4e7a-bf72-2e26f781cb31	019e64ab-f757-7b3b-9917-b700fc115922	21774D6317859F7F4EACA25C4F72F888417CD146997BA54FBAB965E4075B89EF	2026-06-10 15:51:48.666556+02	2026-05-27 15:51:48.667899+02	\N	\N	ec294c3e-f189-4218-af27-22e6805dab0b	\N
2efc0f3a-fc72-4d63-9567-9443385d307d	019e4c3e-0d1a-74f0-9518-2e045edd3676	8CA5CAEF9EF7BF775A06E3FDDD9AA71D96F23CEF8358705EA7DE25BB825000EC	2026-06-10 15:51:58.077778+02	2026-05-27 15:51:58.079078+02	\N	\N	12b483c1-5590-4b7a-8bc8-34864bcbf109	\N
22d54232-0415-495c-ada3-cb4138667102	019e4c3e-0ade-78cb-abcd-ada9d3c86f81	7321BC3CE0D6B5AE8A4249B52FABFFF7F868531906F7AD1A69D765346B2BC9BB	2026-06-10 15:52:52.354278+02	2026-05-27 15:52:52.35586+02	\N	\N	b9004212-e2fa-47ef-8a17-51f7da9dfa83	\N
cc3f43c9-d820-4662-8a0e-301ea0d6cec0	019e64ab-f757-7b3b-9917-b700fc115922	96AE5517793A63753228A15A926FC2204208F4C076300E3724E033ED1BACB91D	2026-06-10 15:53:24.159113+02	2026-05-27 15:53:24.165246+02	\N	\N	a6a8b2a6-8ca2-4e4b-baf7-ce9aeee0804d	\N
86aedb3d-5f2e-4bc3-9216-12b1c1ec7321	019e4c3e-0d1a-74f0-9518-2e045edd3676	108EEDECDC4F5A691B682C8068F57A4AE265DFC034B8FD66DC8D19FC33C6C76F	2026-06-10 15:53:33.189115+02	2026-05-27 15:53:33.19362+02	\N	\N	51094b91-4165-49fb-a789-5093d47f4849	\N
78644ada-d33a-4854-955e-abde1688ec06	019e4c3e-0ade-78cb-abcd-ada9d3c86f81	613014850EBC6103C466DFEC70AE3FA936EE477974569DBCCD74F99BED2080C3	2026-06-10 15:54:25.804512+02	2026-05-27 15:54:25.806082+02	\N	\N	6532323a-29dc-4609-9ab5-f4b6f755d4b8	\N
cfd9a8b7-5212-42b0-ad9e-41ecda3c88d5	019e64ab-f757-7b3b-9917-b700fc115922	BFD444FA5BDB6565AEF7CA0AD29AF9115BE50B8A74E2E1DAC56E2E1546C593C5	2026-06-10 16:13:49.644352+02	2026-05-27 16:13:49.652174+02	\N	\N	fdcd95e9-2999-449b-b7dc-a220fa10c879	\N
943c48b1-0e52-41d4-be6a-dfd7db0aa5f2	019e4c3e-0d1a-74f0-9518-2e045edd3676	08B8FF7804C7B420B58FDE85E48FBF4D67DE093CC6CB1E14B6B4F2EC987EF9D0	2026-06-10 16:13:58.922913+02	2026-05-27 16:13:58.927559+02	\N	\N	915ab5ac-ccf5-4627-8fd9-ce35ad4c3327	\N
29a8c7f9-53db-47b9-aac1-532d8c4b7d37	019e4c3e-0ade-78cb-abcd-ada9d3c86f81	584DF83215DBB925869128125D65B507F7EF0F3B7EDD89475A1E6FF403D81FAC	2026-06-10 16:14:53.738891+02	2026-05-27 16:14:53.740178+02	\N	\N	91f5d86b-3637-4b24-874a-ce44a32707a5	\N
e6227f64-03c0-4952-a452-d45cd96a3f63	019e64ab-f757-7b3b-9917-b700fc115922	BF7F038362D057BFE83458ADD70A1917722840931C79E6B644FB7E374A290BA9	2026-06-10 16:15:25.912557+02	2026-05-27 16:15:25.913885+02	\N	\N	54f1d034-206f-4c4a-88a3-b4260e9a2944	\N
1888130a-618d-4997-8479-00d537aa79ef	019e4c3e-0d1a-74f0-9518-2e045edd3676	7B2000E4FCABBCEAB4A36778063639310A77F6A1E3955305883E0EFBE3D80C89	2026-06-10 16:15:35.081482+02	2026-05-27 16:15:35.082765+02	\N	\N	b8961723-5f82-4d27-a7ce-744f6bd1a15d	\N
0bbf0dd2-fca5-4692-9ed9-4ae78b4bbc60	019e4c3e-0ade-78cb-abcd-ada9d3c86f81	1CA0D2CC14AC0A9550B611D74E2C4FAB8ABAC45567FE140F9ABDD7DA34A2C272	2026-06-10 16:16:27.082384+02	2026-05-27 16:16:27.083482+02	\N	\N	0e0fe8ee-3d28-4d9b-a4bd-10e2f23b3f9f	\N
df5de48f-dbc8-498b-ae59-f4c946a2c39a	019e64ab-f757-7b3b-9917-b700fc115922	ED8BD106E88C50E529F1E0CE7CF4EAB72F081650E9D63F4E56D334387750980E	2026-06-10 16:19:48.109991+02	2026-05-27 16:19:48.115082+02	\N	\N	f6f70ee8-abc3-4c76-8a71-b5422f72b870	\N
d52563f4-7fc0-4887-95a7-fe5c58d26faf	019e4c3e-0d1a-74f0-9518-2e045edd3676	52E07E2FCA8AC9668A44DDEA3E91C32D986A2158F2E8A5B5F047B93316DA7D87	2026-06-10 16:19:57.591941+02	2026-05-27 16:19:57.595931+02	\N	\N	af2bddd6-3c90-45df-a83d-7002e40a78b6	\N
1b7af2fc-847d-47aa-a43b-765f28ee8012	019e4c3e-0ade-78cb-abcd-ada9d3c86f81	482D868EE392D411CAC0D9E5FA46DF1ECBC342E2AFA8DD5D506BE0E435E4DA3C	2026-06-10 16:20:52.311725+02	2026-05-27 16:20:52.314129+02	\N	\N	fcfdaad6-8bfa-49d2-ac5b-65ce31df273f	\N
14f4b146-f32a-40d1-930d-9c7a42ae4a7c	019e64ab-f757-7b3b-9917-b700fc115922	16A9A03AC357E820AC2EEC7758769225E6E458911CE41DED606496E05F053FCB	2026-06-10 16:21:24.384168+02	2026-05-27 16:21:24.385393+02	\N	\N	f56f77eb-05d6-4d36-bbf3-22596a15ece2	\N
4ad152ef-2ed0-4d53-9715-cd815137ab8a	019e4c3e-0d1a-74f0-9518-2e045edd3676	F99E6454EC5C27193B21F06AD55A1F5A916C251C20194C60999652A04383B9B4	2026-06-10 16:21:33.558815+02	2026-05-27 16:21:33.559975+02	\N	\N	8e6aa200-e3b6-4a59-a147-6c1ea34e8462	\N
7a81edc1-e717-4be2-95bc-549bd66238d4	019e4c3e-0ade-78cb-abcd-ada9d3c86f81	3D222C0AB56D67F1442822E0EA8F4AEB073A3F96109F0DD8E2C2A94AAED4533D	2026-06-10 16:22:25.638637+02	2026-05-27 16:22:25.640365+02	\N	\N	b75afece-7466-4739-8329-b6e5f10f6431	\N
ba47d34a-b835-413e-b0d1-922c0c88115a	019e4c3e-0cd3-7a1a-be2a-fa0c347640cf	A2D6C5ACB049CE5CF82487A6948DA6D99218035E4B9EC30ACC0535B488F0BA7A	2026-06-10 22:18:36.527541+02	2026-05-27 22:18:36.579502+02	\N	\N	d63b7969-d664-4ce6-8694-891a95deea35	\N
921315fd-6e8a-496f-ae2c-c7c974fd7175	019e4c3e-0cd3-7a1a-be2a-fa0c347640cf	274F8FD9C8D070168806DE04378BEE5493F9B5C9010ADC4132B3E17A05D98546	2026-06-10 22:18:59.669251+02	2026-05-27 22:18:59.673691+02	\N	\N	261633d7-f3da-4b08-a660-3c588fd7f9f3	\N
c0121c07-2486-43de-bbb9-53828f68cad9	019e4c3e-0cd3-7a1a-be2a-fa0c347640cf	EE4EE449210A56DC6FD8EBBAA7E38F3FF1C9D0246A435F6B96F1161089078057	2026-06-10 22:19:16.95783+02	2026-05-27 22:19:16.959388+02	\N	\N	7f6934b0-8f4c-4510-a48b-26c323dbbbf7	\N
5d17c4c5-6188-45f0-b7d0-ca0b928ba26d	019e4c3e-0cd3-7a1a-be2a-fa0c347640cf	D843D1DEE7762091389C1E3A14A99A9F85500B87929473372D7226CF13599AB2	2026-06-10 22:21:18.828163+02	2026-05-27 22:21:18.832703+02	\N	\N	7a005ff0-cbe8-43bc-bd7d-3733ea967897	\N
ab523c29-cc3b-4fb9-8b4d-2e04ad41719a	019e4c3e-0cd3-7a1a-be2a-fa0c347640cf	9D738BC6C2436CD592194F1C6CF5A6A9D3B9DC45E97D53F247A1BCB49A5F7332	2026-06-10 22:21:23.877564+02	2026-05-27 22:21:23.878615+02	\N	\N	fe05b236-8227-4a64-8519-e392a9968a06	\N
2d53d0c4-83c0-43f8-97c6-10b1aaee2dbe	019e4c3e-0cd3-7a1a-be2a-fa0c347640cf	2355B3B98E8BE14F739844836ECAB100B953E6E08B1E1D33546E657A50B015BE	2026-06-10 22:21:32.560281+02	2026-05-27 22:21:32.561688+02	\N	\N	764d66d4-bf83-4589-95af-66309c2c5911	\N
d91d1efd-aaec-49fb-9786-e6f4c44be7ea	019e4c3e-0cd3-7a1a-be2a-fa0c347640cf	D1FD1A7C1D0B8899BEF6F9BBFB48A62AB0F6242907812FECB1812C3E350D5EC7	2026-06-10 22:22:58.692596+02	2026-05-27 22:22:58.762582+02	\N	\N	06a2ea1f-5628-4c52-9a73-756e3853223f	\N
732bc423-ae43-4908-a87b-6931e97d0bd2	019e4c3e-0cd3-7a1a-be2a-fa0c347640cf	C0371FB901DF54D7D3591F2378C0B7AC8414749E06037CE8A22752A6A10A3382	2026-06-10 22:24:27.417129+02	2026-05-27 22:24:27.481198+02	\N	\N	6ec8bd28-bee5-4cbe-a765-4948ac59058f	\N
8519372f-b543-479d-890b-c335b87b500b	019e4c3e-0cd3-7a1a-be2a-fa0c347640cf	D6830032502440F19D130F24435A8F4AFD87A579DCFA7F25684C36F1000AE0D0	2026-06-10 22:24:45.541929+02	2026-05-27 22:24:45.543723+02	\N	\N	8b19a37d-a036-4c2a-914c-ef51bac58062	\N
292b2f37-3871-4501-8ad0-8e952737703f	019e4c3e-0cd3-7a1a-be2a-fa0c347640cf	E0233E54E78F919A360B293148A0C95979BDD0A29A23036D7361C230C24AD93A	2026-06-10 22:34:21.804332+02	2026-05-27 22:34:21.86448+02	\N	\N	b0fee72b-2661-4c6a-8b7f-4da8102be269	\N
5a1d7911-b000-42ec-9cd0-2e7b026db60e	019e4c3e-0cd3-7a1a-be2a-fa0c347640cf	BBEBEAB519E297F7DDF386DB9480011E66C7215EA2350F456185AC5C185828B9	2026-06-12 11:02:43.073359+02	2026-05-29 11:02:43.155845+02	\N	\N	8db9b579-b458-4725-b956-82f83a34eec1	\N
11f61a24-f888-4bf0-99bf-486e28b05e9b	019e4c3e-0d1a-74f0-9518-2e045edd3676	C457BE955009AE3AF651C991BDB5BD243D30FEDB46BD0E33353ADE5B781F015D	2026-06-12 11:02:45.298964+02	2026-05-29 11:02:45.30072+02	\N	\N	540e80a5-1040-41c9-aa7f-a225af8668b8	\N
5981894c-8be5-4352-afd4-159efae98adf	019e4c3e-0cd3-7a1a-be2a-fa0c347640cf	6A622B767CD1F4F41A75C5EAA2802ED3D7D30CEEA88357B36292FE57B8964FA6	2026-06-12 11:28:10.694551+02	2026-05-29 11:28:10.764667+02	\N	\N	1f3f8ddf-c228-4b40-befe-bdb1d6035e4a	\N
a3f6ffd4-7822-438e-b700-41c4aa2cad76	019e4c3e-0d1a-74f0-9518-2e045edd3676	9CF456AEB70455C2E4F9120E888A5E41FFFEA72A0984333377BA1BEF8A7DCE37	2026-06-12 11:28:12.866646+02	2026-05-29 11:28:12.867925+02	\N	\N	98404916-de88-4f50-8e35-857c6f768d26	\N
3b2075e5-fe02-4728-b3c1-0775d26bbe5e	019e4c3e-0cd3-7a1a-be2a-fa0c347640cf	351DEE0BC4617B6F3E5D6BE1DFA53C7B14CBEB2790D92917459E1CE2B5985D79	2026-06-12 11:36:27.296744+02	2026-05-29 11:36:27.374956+02	\N	\N	c80944ef-f15e-4125-ac45-864ab455be0e	\N
8684015d-8c31-4127-97af-039a28da15d9	019e4c3e-0d1a-74f0-9518-2e045edd3676	E6C5316075B4EA1DD94B55128EE6F12647A8DE779D40D8059A3F387D6B5BA669	2026-06-12 11:36:29.363822+02	2026-05-29 11:36:29.365709+02	\N	\N	9010cd00-5747-48b4-b969-d253bb660597	\N
3a2ca4dc-f42f-46b6-9555-c5c6e7433829	019e4c3e-0cd3-7a1a-be2a-fa0c347640cf	5156ED9968CC98701EC03154033EF953B5A86826B896452F3394176DC470A59E	2026-06-12 11:38:17.944864+02	2026-05-29 11:38:17.949268+02	\N	\N	8e2abe75-b22d-44f2-bc26-63b0439a99b6	\N
121dd2d5-8756-44f5-8797-76ab7b1f28a8	019e4c3e-0cd3-7a1a-be2a-fa0c347640cf	ABE3902070484CB97D53CEB1F5F91023EB718292DBE3B1CB3A4EE15B1A3A5736	2026-06-12 11:40:35.427843+02	2026-05-29 11:40:35.447139+02	\N	\N	436e74df-c1df-43e8-b0aa-a6ef9bc72a60	\N
506efd90-0ddb-41c5-83a6-b083f85443a4	019e4c3e-0cd3-7a1a-be2a-fa0c347640cf	4BDB0DA2B02583424ACBA8841C6DC592BA115FD587FF538F479107EA909F9BF2	2026-06-12 11:42:42.016307+02	2026-05-29 11:42:42.032378+02	\N	\N	5ada79bf-5a68-4527-b5b3-5a9ad58b890d	\N
b33cc5bf-baca-4c10-a510-e91fc4d13e83	019e4c3e-0cd3-7a1a-be2a-fa0c347640cf	388C302C23011D37027EF5984362A1D4BF46ACCA41F838AFB4881D9E13E2C0C6	2026-06-12 11:44:16.111322+02	2026-05-29 11:44:16.118622+02	\N	\N	9bad076e-876e-426b-bea4-2afad72353b9	\N
36d75815-ac6b-4047-b046-d312c7738d9c	019e4c3e-0cd3-7a1a-be2a-fa0c347640cf	CB60E357FE31D9790872BB8278188C6CA45462AE3E6EE32D7F292FDFEC5C64C2	2026-06-12 11:47:16.171016+02	2026-05-29 11:47:16.216504+02	\N	\N	13645d44-7f32-4557-b73d-2f54e8cfa0ae	\N
9c4e9abb-ba1b-43e6-b517-28d042758cf9	019e4c3e-0cd3-7a1a-be2a-fa0c347640cf	1F346C08195829111731A312C57C7B1183405B2D0041BDCD80E73816B557FE3E	2026-06-12 12:12:39.598391+02	2026-05-29 12:12:39.66772+02	\N	\N	1237527c-8060-40c8-a3f5-b29fc7ff848c	\N
b5993c6b-0df8-443d-bd58-bc5790a38114	019e4c3e-0d1a-74f0-9518-2e045edd3676	4E0B153B4FF1300DC08204ED82852E06F2DECE7B2D3BBE7F2431AE0C67956120	2026-06-12 12:12:42.126275+02	2026-05-29 12:12:42.129614+02	\N	\N	80f867d8-cb14-40ff-ae76-d62c673d81bb	\N
d0dabb15-2138-40c4-8308-45ed2af5b890	019e4c3e-0cd3-7a1a-be2a-fa0c347640cf	9136D857530F02048B056213157B3B4751F1E0A5EAA5BCB0F84997313FDE982C	2026-06-12 12:13:58.073976+02	2026-05-29 12:13:58.077141+02	\N	\N	07219739-a504-41e8-a21f-54296ef5fe5b	\N
6ce2c929-d285-46ce-905d-c1269e665e77	019e4c3e-0cd3-7a1a-be2a-fa0c347640cf	8AF6B168651533E93076D7AF80C08940B0B4E21171D3BD7774D5CCA251D399FF	2026-06-12 12:14:09.587304+02	2026-05-29 12:14:09.590136+02	\N	\N	d9e98e08-0fe6-4008-9469-912c0f9cca3c	\N
9ec8f753-5278-4ab1-9508-e40449c056a5	019e4c3e-0cd3-7a1a-be2a-fa0c347640cf	6615F3FEC942F11EE8DCC0EA0AEDFC4DCD49C23EA3B752489E100CB51D18AC7A	2026-06-12 12:15:55.941429+02	2026-05-29 12:15:55.97053+02	\N	\N	f7adde01-06c3-44cf-936b-b6497492bb17	\N
df1b37bf-a2ad-4520-af20-ab0f6db0def4	019e4c3e-0cd3-7a1a-be2a-fa0c347640cf	645BB6B9CB5762D9836B6ECA1172F679F3EFF11B402C48F011C0265E061D2054	2026-06-12 13:30:35.761907+02	2026-05-29 13:30:35.844802+02	\N	\N	010eeda3-a756-4f53-b6ae-0d050daff80a	\N
fc07f1a7-daf5-47f5-9b33-10f423b98300	019e4c3e-0d1a-74f0-9518-2e045edd3676	1274EAF886DD6F0FE44F9FE73A3B43FDE15C3529FF3866F6D6CD38EC731C0E28	2026-06-12 13:30:38.176651+02	2026-05-29 13:30:38.178546+02	\N	\N	7f8ec78e-f022-4117-a062-6e14fcb5706e	\N
533fc1f8-ea16-4718-b4fd-9a9f5143f1f9	019e4c3e-0cd3-7a1a-be2a-fa0c347640cf	1A54E0E508379C50CE460F31CE6582150BFAD49BE3810BD955E6FD95C1503870	2026-06-12 13:31:20.22693+02	2026-05-29 13:31:20.228807+02	\N	\N	6861af1d-3239-497a-89a3-ae545086b8da	\N
51fc783a-d336-4cf9-979f-38199e71c7e3	019e4c3e-0d1a-74f0-9518-2e045edd3676	4924996A56B56DA199A7B65A2A7CBD70D7557F5B68E21D40C1E8EAC9F813F803	2026-06-12 13:31:20.296098+02	2026-05-29 13:31:20.297267+02	\N	\N	485dd266-c525-4a9b-b097-42e30cfe641b	\N
08fbbc48-2433-4ffe-97ee-36eee8f0c77b	019e4c3e-0bf2-777c-9e5d-1b4a9af7ed3d	F748D432AA985BC87E41587808B08B4244B5E9F90A0977D46D365AFFDB99E362	2026-06-12 13:31:20.364303+02	2026-05-29 13:31:20.36668+02	\N	\N	e84dad36-1135-40de-b245-199fb99630f4	\N
8b271157-34cf-4866-aafd-0dfea9160272	019e4c3e-0c41-7b54-9fb3-75a54b0810d8	E606E3C41500A542CA619409D8407DDC6516D789DD171E73429F206D928ED177	2026-06-12 13:31:20.443323+02	2026-05-29 13:31:20.445821+02	\N	\N	ed28ae8f-ae88-423a-bc4a-151e8880376f	\N
e6e535b3-371b-4a1d-9195-b7c0d18b2e0e	019e4c3e-0cd3-7a1a-be2a-fa0c347640cf	A015D0341B9ACA5F3ACE969F70DE72ECDD5697CF7BE9232BA881821E403168A1	2026-06-12 13:36:32.221929+02	2026-05-29 13:36:32.237488+02	\N	\N	10dc6481-286a-4532-a6cc-77c61732ad1c	\N
58204311-4296-4640-b58b-33fbefc55ca0	019e4c3e-0cd3-7a1a-be2a-fa0c347640cf	FC34FEF629F6451F29C879D393B0018AD5B9524FFF892979D1EADB9B16155FC7	2026-06-12 13:37:51.257549+02	2026-05-29 13:37:51.263242+02	\N	\N	5c2504fa-4548-4be9-88e5-1a9552d4713e	\N
2800f7c6-6286-49a5-8fe1-a0f9132da713	019e4c3e-0cd3-7a1a-be2a-fa0c347640cf	73A407601E66C52AB4FC3810E5C78F2B220AC01882E188FD224E6468F4D03C4A	2026-06-12 13:39:10.063698+02	2026-05-29 13:39:10.068368+02	\N	\N	bc0b6374-0bac-4f7d-991c-d9e0223b931e	\N
\.


--
-- TOC entry 6272 (class 0 OID 64702)
-- Dependencies: 270
-- Data for Name: refund_events; Type: TABLE DATA; Schema: mabuntle; Owner: postgres
--

COPY mabuntle.refund_events ("Id", "RefundId", "Status", "EventType", "Message", "CreatedAtUtc") FROM stdin;
31d7c4d2-c2d6-4077-b495-634ba70f11b1	6f00614d-fe12-4fdf-a4c7-52da46f33393	Requested	RefundRequested	Phase 11F return-linked buyer refund visibility QA.	2026-05-29 13:31:20.789921+02
1b3d248c-ccc5-492d-858c-cd18079d1ea2	6f00614d-fe12-4fdf-a4c7-52da46f33393	Processing	RefundProcessing	Refund provider call started.	2026-05-29 13:31:20.935928+02
22c09f8a-e8f4-4e90-b7b6-279af37f0f1e	6f00614d-fe12-4fdf-a4c7-52da46f33393	Approved	RefundApproved	Phase 11F QA approval using fake provider.	2026-05-29 13:31:20.935928+02
0d306640-dc3d-414d-ad12-27d841c62852	6f00614d-fe12-4fdf-a4c7-52da46f33393	Refunded	Refunded	Refund completed.	2026-05-29 13:31:20.996192+02
\.


--
-- TOC entry 6271 (class 0 OID 64658)
-- Dependencies: 269
-- Data for Name: refunds; Type: TABLE DATA; Schema: mabuntle; Owner: postgres
--

COPY mabuntle.refunds ("Id", "OrderId", "PaymentId", "BuyerId", "SellerId", "ReturnRequestId", "Amount", "Currency", "Status", "Reason", "ApprovedByUserId", "ApprovalReason", "ProviderRefundReference", "FailureReason", "RequestedAtUtc", "ApprovedAtUtc", "RefundedAtUtc", "CreatedAtUtc", "UpdatedAtUtc", "ConcurrencyVersion", "RequestedByRole", "RequestedByUserId") FROM stdin;
6f00614d-fe12-4fdf-a4c7-52da46f33393	71583d35-cdfc-43f3-88d6-14b3b5c78f5b	1fcb5477-f8ba-4fa9-b2f1-a797f83482e2	e16f52cc-9746-43f6-964f-dc6dec0f2a65	912b8c72-398a-49d1-b92c-b68b2be12685	5774b963-0aad-4477-8fb7-ec1a723ff3cd	100.00	ZAR	Refunded	Phase 11F return-linked buyer refund visibility QA.	019e4c3e-0c41-7b54-9fb3-75a54b0810d8	Phase 11F QA approval using fake provider.	fake_refund_6f00614dfe124fdfa4c752da46f33393	\N	2026-05-29 13:31:20.789921+02	2026-05-29 13:31:20.935928+02	2026-05-29 13:31:20.996192+02	2026-05-29 13:31:20.895933+02	2026-05-29 13:31:21.068901+02	3	FinanceOperator	019e4c3e-0bf2-777c-9e5d-1b4a9af7ed3d
\.


--
-- TOC entry 6269 (class 0 OID 64592)
-- Dependencies: 267
-- Data for Name: return_items; Type: TABLE DATA; Schema: mabuntle; Owner: postgres
--

COPY mabuntle.return_items ("Id", "ReturnRequestId", "OrderItemId", "ProductId", "ProductVariantId", "Quantity", "Reason", "IsOpenedOrUnsealed", "Note") FROM stdin;
7ddd732b-f04d-4fff-a3f5-644b75c102c2	87b38588-55d6-4836-bf90-d3e1593fbddc	15433bad-da82-4837-90c4-8c9fdc9d107b	2e83d197-d982-4ab2-8a64-a902d42a0ba3	42264171-8895-48f5-9aa8-75b7f228952a	1	WrongSize	f	Demo return for seller QA.
28e534f1-d5a7-4c17-9ad9-33c465fbcd3a	e6ea57b0-dd8c-431c-aa9c-f7c9c682acd5	2a1079d3-3aec-4167-9fc6-d13e1c87bdc5	2e83d197-d982-4ab2-8a64-a902d42a0ba3	42264171-8895-48f5-9aa8-75b7f228952a	1	DamagedItem	f	Item retained for seller review.
420fd7bd-7bca-4665-8e64-eb1701f4611a	5774b963-0aad-4477-8fb7-ec1a723ff3cd	2f9e2059-a70d-4e75-aaff-876402fb1a0d	2e83d197-d982-4ab2-8a64-a902d42a0ba3	42264171-8895-48f5-9aa8-75b7f228952a	1	DamagedItem	f	Created for Phase 11F refund-state QA.
\.


--
-- TOC entry 6270 (class 0 OID 64627)
-- Dependencies: 268
-- Data for Name: return_messages; Type: TABLE DATA; Schema: mabuntle; Owner: postgres
--

COPY mabuntle.return_messages ("Id", "ReturnRequestId", "SenderUserId", "SenderRole", "Message", "CreatedAtUtc") FROM stdin;
2efec6e0-7245-4183-a650-0835ea311734	87b38588-55d6-4836-bf90-d3e1593fbddc	019e4c3e-0cd3-7a1a-be2a-fa0c347640cf	Buyer	QA walkthrough return request for seller detail review.	2026-05-27 15:44:15.520084+02
40e309b9-c456-48f9-8a79-7489f1afd581	e6ea57b0-dd8c-431c-aa9c-f7c9c682acd5	019e4c3e-0cd3-7a1a-be2a-fa0c347640cf	Buyer	Browser QA return request from Phase 11D.	2026-05-29 12:15:59.978288+02
75673b7c-77ab-443b-a2ed-e67ec4a372ec	5774b963-0aad-4477-8fb7-ec1a723ff3cd	019e4c3e-0cd3-7a1a-be2a-fa0c347640cf	Buyer	Phase 11F refund visibility QA return.	2026-05-29 13:31:20.490804+02
58b5df3e-aff9-4f90-8005-7d4005efa39b	5774b963-0aad-4477-8fb7-ec1a723ff3cd	019e4c3e-0d1a-74f0-9518-2e045edd3676	Seller	Approved for Phase 11F refund-state QA.	2026-05-29 13:31:20.718721+02
\.


--
-- TOC entry 6268 (class 0 OID 64561)
-- Dependencies: 266
-- Data for Name: return_requests; Type: TABLE DATA; Schema: mabuntle; Owner: postgres
--

COPY mabuntle.return_requests ("Id", "OrderId", "BuyerId", "SellerId", "Status", "Reason", "Details", "RequestedAtUtc", "SellerRespondedAtUtc", "SellerRespondedByUserId", "SellerResponseReason", "DisputedAtUtc", "DisputedByUserId", "DisputeReason", "CreatedAtUtc", "UpdatedAtUtc") FROM stdin;
87b38588-55d6-4836-bf90-d3e1593fbddc	a36130b8-93e1-4c1b-a253-cd4726b1d473	e16f52cc-9746-43f6-964f-dc6dec0f2a65	912b8c72-398a-49d1-b92c-b68b2be12685	AwaitingSellerResponse	WrongSize	QA walkthrough return request for seller detail review.	2026-05-27 15:44:15.520084+02	\N	\N	\N	\N	\N	\N	2026-05-27 15:44:15.691671+02	2026-05-27 15:44:15.691671+02
e6ea57b0-dd8c-431c-aa9c-f7c9c682acd5	491490cb-39d3-4511-b383-fcfc34eb734b	e16f52cc-9746-43f6-964f-dc6dec0f2a65	912b8c72-398a-49d1-b92c-b68b2be12685	AwaitingSellerResponse	DamagedItem	Browser QA return request from Phase 11D.	2026-05-29 12:15:59.978288+02	\N	\N	\N	\N	\N	\N	2026-05-29 12:16:00.274379+02	2026-05-29 12:16:00.274379+02
5774b963-0aad-4477-8fb7-ec1a723ff3cd	71583d35-cdfc-43f3-88d6-14b3b5c78f5b	e16f52cc-9746-43f6-964f-dc6dec0f2a65	912b8c72-398a-49d1-b92c-b68b2be12685	Refunded	DamagedItem	Phase 11F refund visibility QA return.	2026-05-29 13:31:20.490804+02	2026-05-29 13:31:20.718721+02	019e4c3e-0d1a-74f0-9518-2e045edd3676	Approved for Phase 11F refund-state QA.	\N	\N	\N	2026-05-29 13:31:20.657336+02	2026-05-29 13:31:21.068901+02
\.


--
-- TOC entry 6307 (class 0 OID 71942)
-- Dependencies: 305
-- Data for Name: return_restock_decisions; Type: TABLE DATA; Schema: mabuntle; Owner: postgres
--

COPY mabuntle.return_restock_decisions ("Id", "SellerId", "ReturnRequestId", "ReturnItemId", "ProductId", "ProductVariantId", "QuantityRestocked", "Condition", "Reason", "ActorUserId", "CreatedAtUtc") FROM stdin;
\.


--
-- TOC entry 6279 (class 0 OID 64920)
-- Dependencies: 277
-- Data for Name: seller_ad_credits; Type: TABLE DATA; Schema: mabuntle; Owner: postgres
--

COPY mabuntle.seller_ad_credits ("Id", "SellerId", "Currency", "Balance", "CreatedAtUtc", "UpdatedAtUtc") FROM stdin;
\.


--
-- TOC entry 6236 (class 0 OID 63441)
-- Dependencies: 234
-- Data for Name: seller_addresses; Type: TABLE DATA; Schema: mabuntle; Owner: postgres
--

COPY mabuntle.seller_addresses ("Id", "SellerId", "AddressLine1", "AddressLine2", "City", "Province", "PostalCode", "CountryCode", "CreatedAtUtc", "UpdatedAtUtc") FROM stdin;
0ee40d11-894e-4623-93f1-1d530b34cba0	912b8c72-398a-49d1-b92c-b68b2be12685	10 Market Street	Suite 4	Johannesburg	Gauteng	2196	ZA	-infinity	-infinity
973dfb4f-e090-42a2-8296-f7171e691b67	4181996b-f6f7-41b0-97e3-fbe5c92f2497	22 Atelier Lane	Studio 2	Cape Town	Western Cape	8001	ZA	-infinity	-infinity
\.


--
-- TOC entry 6261 (class 0 OID 64355)
-- Dependencies: 259
-- Data for Name: seller_balances; Type: TABLE DATA; Schema: mabuntle; Owner: postgres
--

COPY mabuntle.seller_balances ("Id", "SellerId", "Currency", "PendingBalance", "AvailableBalance", "HeldBalance", "CreatedAtUtc", "UpdatedAtUtc") FROM stdin;
f39ae97b-0469-44ae-a5b7-b30f392a0db8	912b8c72-398a-49d1-b92c-b68b2be12685	ZAR	4196.49	0.00	4458.99	-infinity	2026-05-29 13:31:21.068901+02
\.


--
-- TOC entry 6297 (class 0 OID 71668)
-- Dependencies: 295
-- Data for Name: seller_delivery_methods; Type: TABLE DATA; Schema: mabuntle; Owner: postgres
--

COPY mabuntle.seller_delivery_methods ("Id", "SellerId", "Name", "Description", "MethodType", "CountryCode", "Province", "BasePrice", "FreeShippingThreshold", "EstimatedMinDays", "EstimatedMaxDays", "DisplayOrder", "IsActive", "CreatedAtUtc", "UpdatedAtUtc") FROM stdin;
dc64bcb3-a317-4b56-b97e-fd6d4d42f42e	912b8c72-398a-49d1-b92c-b68b2be12685	Standard courier	Door-to-door delivery within South Africa.	Standard	ZA	\N	75.00	1000.00	2	5	10	t	-infinity	-infinity
\.


--
-- TOC entry 6310 (class 0 OID 72039)
-- Dependencies: 308
-- Data for Name: seller_funnel_events; Type: TABLE DATA; Schema: mabuntle; Owner: postgres
--

COPY mabuntle.seller_funnel_events ("Id", "SellerId", "ProductId", "CartId", "OrderId", "BuyerId", "HashedAnonymousVisitorId", "EventType", "SourceRoute", "IdempotencyKey", "OccurredAtUtc", "ReferrerHost", "SourceCategory", "UtmCampaign", "UtmMedium", "UtmSource") FROM stdin;
05d864bc-f4b6-4334-9dde-80c5a4641994	912b8c72-398a-49d1-b92c-b68b2be12685	\N	0f911926-9975-4f7b-9970-d5e399bd5c56	a36130b8-93e1-4c1b-a253-cd4726b1d473	e16f52cc-9746-43f6-964f-dc6dec0f2a65	\N	OrderCreated	server	OrderCreated:a36130b893e14c1ba253cd4726b1d473	2026-05-27 15:20:07.286087+02	\N	Unknown	\N	\N	\N
fb9215a2-a585-4e81-8a5b-0eff7bb7a7b8	912b8c72-398a-49d1-b92c-b68b2be12685	\N	0f911926-9975-4f7b-9970-d5e399bd5c56	a36130b8-93e1-4c1b-a253-cd4726b1d473	e16f52cc-9746-43f6-964f-dc6dec0f2a65	\N	OrderPaid	server	OrderPaid:a36130b893e14c1ba253cd4726b1d473	2026-05-27 15:43:29.771441+02	\N	Unknown	\N	\N	\N
bd4e2967-ac06-48ec-b877-7e38f64d44b4	912b8c72-398a-49d1-b92c-b68b2be12685	2e83d197-d982-4ab2-8a64-a902d42a0ba3	\N	\N	\N	9852dd97fc22f3c462bd57d46534ba6321f734c01e7ce3b962384e444bc2a5c3	ProductViewed	/product/rose-linen-midi-dress	\N	2026-05-27 22:16:56.568516+02	\N	Direct	\N	\N	\N
a329d8fd-de8e-49fa-b869-818c73e95ce3	912b8c72-398a-49d1-b92c-b68b2be12685	\N	\N	\N	\N	31caf9e0e9876c1cb034497919fe384ab87809e27024e4501bee8903ce040e1b	StorefrontViewed	/seller/mabuntle-dev-store	\N	2026-05-27 22:16:56.163242+02	\N	Direct	\N	\N	\N
f83b0413-5bda-412f-af04-8e3bae88cc65	912b8c72-398a-49d1-b92c-b68b2be12685	\N	\N	\N	\N	2d0017960236d69b6f54a26cd0af39240d6facaf66e94e9feb3dfd056cd98f5d	StorefrontViewed	/seller/mabuntle-dev-store	\N	2026-05-27 22:17:18.285533+02	\N	Direct	\N	\N	\N
b6cac3c9-0415-402c-afe8-d9daf3b4f98c	912b8c72-398a-49d1-b92c-b68b2be12685	2e83d197-d982-4ab2-8a64-a902d42a0ba3	\N	\N	\N	f0836a3c00de1c6c31fcbbd2d8e78e3ed68aff083a90f03846e60322645b096d	ProductViewed	/product/rose-linen-midi-dress	\N	2026-05-27 22:17:18.477508+02	\N	Direct	\N	\N	\N
63799e1c-709a-4038-9cd4-73de56cb27c3	912b8c72-398a-49d1-b92c-b68b2be12685	2e83d197-d982-4ab2-8a64-a902d42a0ba3	\N	\N	\N	3a8a1c78e0f14f9a8a89e8b352921a97abd7179081cca0e1ff9a3194a32798c0	ProductViewed	/product/rose-linen-midi-dress	\N	2026-05-27 22:17:58.595605+02	\N	Direct	\N	\N	\N
50c18338-3b6b-443a-a126-5283d7e1fa99	912b8c72-398a-49d1-b92c-b68b2be12685	\N	\N	\N	\N	1f61ee2e8da5e2e18b1a3e4fb31cbf99bff3fc3b278266a72143127084854864	StorefrontViewed	/seller/mabuntle-dev-store	\N	2026-05-27 22:18:00.736727+02	\N	Direct	\N	\N	\N
de9de28e-5146-4c2f-8067-b72e7a5f5604	912b8c72-398a-49d1-b92c-b68b2be12685	\N	826676c5-4578-4e3c-b739-5653de479fcb	be0ad84c-ec84-4311-933b-2b9fff5b24f5	e16f52cc-9746-43f6-964f-dc6dec0f2a65	\N	OrderCreated	server	OrderCreated:be0ad84cec844311933b2b9fff5b24f5	2026-05-27 22:34:23.252662+02	\N	Unknown	\N	\N	\N
cb6b276d-256a-4c1f-8bbc-ef279592acbc	912b8c72-398a-49d1-b92c-b68b2be12685	\N	36e5089c-d4e9-458c-ab25-68ab3eac81b4	a4fae5d2-8148-46ec-acd9-96c9f86f8d8b	e16f52cc-9746-43f6-964f-dc6dec0f2a65	\N	OrderCreated	server	OrderCreated:a4fae5d2814846ecacd996c9f86f8d8b	2026-05-29 11:02:44.518804+02	\N	Unknown	\N	\N	\N
d81c9f06-bf41-4b46-9309-8f79e1f006f4	912b8c72-398a-49d1-b92c-b68b2be12685	\N	36e5089c-d4e9-458c-ab25-68ab3eac81b4	a4fae5d2-8148-46ec-acd9-96c9f86f8d8b	e16f52cc-9746-43f6-964f-dc6dec0f2a65	\N	OrderPaid	server	OrderPaid:a4fae5d2814846ecacd996c9f86f8d8b	2026-05-29 11:02:45.135012+02	\N	Unknown	\N	\N	\N
3594bab1-8566-4ca4-9c89-4e7390f24595	912b8c72-398a-49d1-b92c-b68b2be12685	\N	b57dea8f-13d5-485f-be57-a6c3a96406c0	339fe53e-5a26-450a-9ecb-df4373db2e3f	e16f52cc-9746-43f6-964f-dc6dec0f2a65	\N	OrderCreated	server	OrderCreated:339fe53e5a26450a9ecbdf4373db2e3f	2026-05-29 11:28:12.096468+02	\N	Unknown	\N	\N	\N
85931eb7-efb7-4c8b-83fd-0eef47d5281a	912b8c72-398a-49d1-b92c-b68b2be12685	\N	b57dea8f-13d5-485f-be57-a6c3a96406c0	339fe53e-5a26-450a-9ecb-df4373db2e3f	e16f52cc-9746-43f6-964f-dc6dec0f2a65	\N	OrderPaid	server	OrderPaid:339fe53e5a26450a9ecbdf4373db2e3f	2026-05-29 11:28:12.656748+02	\N	Unknown	\N	\N	\N
1b8fc5b2-845f-4cbc-a77f-ea53674f4e17	912b8c72-398a-49d1-b92c-b68b2be12685	\N	c7431d72-0b14-497a-8a35-497138d9f88e	b6cc1186-4812-4232-82af-6b5a340d126e	e16f52cc-9746-43f6-964f-dc6dec0f2a65	\N	OrderCreated	server	OrderCreated:b6cc11864812423282af6b5a340d126e	2026-05-29 11:36:28.661605+02	\N	Unknown	\N	\N	\N
92698167-dd25-4834-b785-ff81fbb1159c	912b8c72-398a-49d1-b92c-b68b2be12685	\N	c7431d72-0b14-497a-8a35-497138d9f88e	b6cc1186-4812-4232-82af-6b5a340d126e	e16f52cc-9746-43f6-964f-dc6dec0f2a65	\N	OrderPaid	server	OrderPaid:b6cc11864812423282af6b5a340d126e	2026-05-29 11:36:29.223413+02	\N	Unknown	\N	\N	\N
107f0480-be37-4cdd-8bce-f8a2ae050b6f	912b8c72-398a-49d1-b92c-b68b2be12685	\N	c7afab99-e563-4584-a077-4da5d5740fea	491490cb-39d3-4511-b383-fcfc34eb734b	e16f52cc-9746-43f6-964f-dc6dec0f2a65	\N	OrderCreated	server	OrderCreated:491490cb39d34511b383fcfc34eb734b	2026-05-29 12:12:41.043992+02	\N	Unknown	\N	\N	\N
5183dd69-8727-4762-87cb-9082277eb8a5	912b8c72-398a-49d1-b92c-b68b2be12685	\N	c7afab99-e563-4584-a077-4da5d5740fea	491490cb-39d3-4511-b383-fcfc34eb734b	e16f52cc-9746-43f6-964f-dc6dec0f2a65	\N	OrderPaid	server	OrderPaid:491490cb39d34511b383fcfc34eb734b	2026-05-29 12:12:41.88368+02	\N	Unknown	\N	\N	\N
2d6b5933-bc99-444c-a52f-d6c1934571d3	912b8c72-398a-49d1-b92c-b68b2be12685	\N	0a1f7386-cce2-4e87-890d-e3bac4b83782	71583d35-cdfc-43f3-88d6-14b3b5c78f5b	e16f52cc-9746-43f6-964f-dc6dec0f2a65	\N	OrderCreated	server	OrderCreated:71583d35cdfc43f388d614b3b5c78f5b	2026-05-29 13:30:37.320304+02	\N	Unknown	\N	\N	\N
5092da8b-2412-4aad-b228-804467ee0dbc	912b8c72-398a-49d1-b92c-b68b2be12685	\N	0a1f7386-cce2-4e87-890d-e3bac4b83782	71583d35-cdfc-43f3-88d6-14b3b5c78f5b	e16f52cc-9746-43f6-964f-dc6dec0f2a65	\N	OrderPaid	server	OrderPaid:71583d35cdfc43f388d614b3b5c78f5b	2026-05-29 13:30:37.990515+02	\N	Unknown	\N	\N	\N
9f0e7571-ec45-4392-b835-60dcf121eed5	912b8c72-398a-49d1-b92c-b68b2be12685	2e83d197-d982-4ab2-8a64-a902d42a0ba3	\N	\N	\N	60467dbcfc0f36a7c11ee95dd82f61ac1dea4e8d94effd5c737d72936f9bc73c	ProductViewed	/product/rose-linen-midi-dress	\N	2026-05-30 22:03:00.455561+02	\N	Direct	\N	\N	\N
\.


--
-- TOC entry 6304 (class 0 OID 71873)
-- Dependencies: 302
-- Data for Name: seller_notification_preferences; Type: TABLE DATA; Schema: mabuntle; Owner: postgres
--

COPY mabuntle.seller_notification_preferences ("Id", "SellerId", "Category", "IsEnabled", "EmailEnabled", "CreatedAtUtc", "UpdatedAtUtc") FROM stdin;
\.


--
-- TOC entry 6286 (class 0 OID 65104)
-- Dependencies: 284
-- Data for Name: seller_payout_adjustments; Type: TABLE DATA; Schema: mabuntle; Owner: postgres
--

COPY mabuntle.seller_payout_adjustments ("Id", "SellerPayoutId", "SellerPayoutItemId", "RefundId", "RefundLedgerEntryId", "Amount", "Currency", "AdjustmentType", "Note", "CreatedAtUtc") FROM stdin;
399bc802-3257-4c8b-a925-bb7e2aa98f60	aae9cceb-e29e-4abd-9332-1f7fca2bf3a5	ddba0359-1692-4dc7-abd3-2bcb8a871fc0	6f00614d-fe12-4fdf-a4c7-52da46f33393	640e7968-2da6-4e00-abbf-fe4badacc73d	87.50	ZAR	RefundPayoutReduction	Refund 6f00614d-fe12-4fdf-a4c7-52da46f33393 reduced unpaid payout item ddba0359-1692-4dc7-abd3-2bcb8a871fc0.	2026-05-29 13:31:20.996192+02
\.


--
-- TOC entry 6265 (class 0 OID 64467)
-- Dependencies: 263
-- Data for Name: seller_payout_items; Type: TABLE DATA; Schema: mabuntle; Owner: postgres
--

COPY mabuntle.seller_payout_items ("Id", "SellerPayoutId", "LedgerEntryId", "OrderId", "PaymentId", "Amount", "Currency", "CreatedAtUtc", "AdjustedAmount") FROM stdin;
482df00c-006e-4fbc-a6a9-b4f0551693a3	21f4f051-dd76-4e49-a721-ee9b9d9dab3d	b6aa8de0-250a-4538-9bb0-ef9086eb99a5	a36130b8-93e1-4c1b-a253-cd4726b1d473	bc6c01c2-f46c-4374-8a8b-f5f945a28ab4	2273.25	ZAR	2026-05-27 15:43:29.281862+02	0.00
22675c32-0adf-4ab9-8d3d-959574ab97c1	df3001d4-e134-4625-b188-bef83bde7fe5	26a3288f-a02a-4a5a-a69b-45d825dbb2ec	a4fae5d2-8148-46ec-acd9-96c9f86f8d8b	11c6b4c5-d9f7-4485-8bd7-648f640b1d5a	1923.25	ZAR	2026-05-29 11:02:44.786818+02	0.00
073bef8b-095f-4a47-bd7c-fb4d260cfc8a	627638ee-1601-4d44-96e9-db4f74a74dab	8b361607-461f-445e-88d2-5c432a33d1c1	339fe53e-5a26-450a-9ecb-df4373db2e3f	d804fc62-a6c8-40af-b2df-693674aefccd	1136.62	ZAR	2026-05-29 11:28:12.349137+02	0.00
d45f879e-4115-488f-b7f2-1fd1933c51f3	68eebb52-2d88-4675-b3f9-bb17acfd357c	b6334b80-718a-4008-9e8e-f689a94f84d8	b6cc1186-4812-4232-82af-6b5a340d126e	1f0e7b4f-b346-4a63-b949-7bc5fc2d84b1	1136.62	ZAR	2026-05-29 11:36:28.906639+02	0.00
6b06132e-adc5-4d6a-b5d5-e43d08a66fd3	21b53493-b005-47bc-9399-b4396ef57d4f	26e4ca2f-826a-4d95-b49e-d7c7f712affd	491490cb-39d3-4511-b383-fcfc34eb734b	8e6b7747-b4f9-4272-bd1f-1035ded3b0ae	1136.62	ZAR	2026-05-29 12:12:41.278618+02	0.00
ddba0359-1692-4dc7-abd3-2bcb8a871fc0	aae9cceb-e29e-4abd-9332-1f7fca2bf3a5	8fcfae9f-770c-415d-a5fc-4f635a32241b	71583d35-cdfc-43f3-88d6-14b3b5c78f5b	1fcb5477-f8ba-4fa9-b2f1-a797f83482e2	1136.62	ZAR	2026-05-29 13:30:37.606807+02	87.50
\.


--
-- TOC entry 6299 (class 0 OID 71722)
-- Dependencies: 297
-- Data for Name: seller_payout_profile_change_requests; Type: TABLE DATA; Schema: mabuntle; Owner: postgres
--

COPY mabuntle.seller_payout_profile_change_requests ("Id", "SellerId", "ProposedPayoutProviderReference", "Reason", "Status", "RequestedByUserId", "SubmittedAtUtc", "CancelledAtUtc", "ReviewedByUserId", "ReviewedAtUtc", "ReviewReason", "ConcurrencyVersion", "CreatedAtUtc", "UpdatedAtUtc") FROM stdin;
\.


--
-- TOC entry 6237 (class 0 OID 63462)
-- Dependencies: 235
-- Data for Name: seller_payout_profiles; Type: TABLE DATA; Schema: mabuntle; Owner: postgres
--

COPY mabuntle.seller_payout_profiles ("Id", "SellerId", "PayoutProviderReference", "HasSubmittedPlaceholder", "IsAdminApproved", "ApprovedAtUtc", "ApprovedByUserId", "CreatedAtUtc", "UpdatedAtUtc") FROM stdin;
d91743b3-1d43-48e7-a829-5ac5f7f34314	4181996b-f6f7-41b0-97e3-fbe5c92f2497	demo-pending-payout-reference	t	f	\N	\N	-infinity	-infinity
6a6ce0b1-9ea9-40ad-87e2-1cb93ae5ab0c	912b8c72-398a-49d1-b92c-b68b2be12685	dev-payout-reference	t	t	2026-05-29 13:28:41.309772+02	019e4c3e-0ade-78cb-abcd-ada9d3c86f81	-infinity	-infinity
\.


--
-- TOC entry 6264 (class 0 OID 64448)
-- Dependencies: 262
-- Data for Name: seller_payouts; Type: TABLE DATA; Schema: mabuntle; Owner: postgres
--

COPY mabuntle.seller_payouts ("Id", "SellerId", "Amount", "Currency", "Status", "HeldAtUtc", "HeldByUserId", "HoldReason", "ReleasedAtUtc", "ReleasedByUserId", "ReleaseReason", "CreatedAtUtc", "UpdatedAtUtc", "AvailabilityReason", "AvailableAtUtc", "AvailableByUserId", "ConcurrencyVersion", "FailedAtUtc", "FailureReason", "HeldFromStatus", "PaidOutAtUtc", "ProcessingAtUtc", "ProcessingByUserId", "ProcessingReason", "ProviderName", "ProviderPayoutReference", "ProviderStatus") FROM stdin;
21f4f051-dd76-4e49-a721-ee9b9d9dab3d	912b8c72-398a-49d1-b92c-b68b2be12685	2273.25	ZAR	OnHold	2026-05-27 15:44:15.662678+02	019e4c3e-0cd3-7a1a-be2a-fa0c347640cf	Return request 87b38588-55d6-4836-bf90-d3e1593fbddc is active.	\N	\N	\N	2026-05-27 15:43:29.591538+02	2026-05-27 15:44:15.691671+02	\N	\N	\N	1	\N	\N	Pending	\N	\N	\N	\N	\N	\N	\N
df3001d4-e134-4625-b188-bef83bde7fe5	912b8c72-398a-49d1-b92c-b68b2be12685	1923.25	ZAR	Pending	\N	\N	\N	\N	\N	\N	2026-05-29 11:02:45.038482+02	2026-05-29 11:02:45.038482+02	\N	\N	\N	0	\N	\N	\N	\N	\N	\N	\N	\N	\N	\N
627638ee-1601-4d44-96e9-db4f74a74dab	912b8c72-398a-49d1-b92c-b68b2be12685	1136.62	ZAR	Pending	\N	\N	\N	\N	\N	\N	2026-05-29 11:28:12.579186+02	2026-05-29 11:28:12.579186+02	\N	\N	\N	0	\N	\N	\N	\N	\N	\N	\N	\N	\N	\N
68eebb52-2d88-4675-b3f9-bb17acfd357c	912b8c72-398a-49d1-b92c-b68b2be12685	1136.62	ZAR	Pending	\N	\N	\N	\N	\N	\N	2026-05-29 11:36:29.140678+02	2026-05-29 11:36:29.140678+02	\N	\N	\N	0	\N	\N	\N	\N	\N	\N	\N	\N	\N	\N
21b53493-b005-47bc-9399-b4396ef57d4f	912b8c72-398a-49d1-b92c-b68b2be12685	1136.62	ZAR	OnHold	2026-05-29 12:16:00.234525+02	019e4c3e-0cd3-7a1a-be2a-fa0c347640cf	Return request e6ea57b0-dd8c-431c-aa9c-f7c9c682acd5 is active.	\N	\N	\N	2026-05-29 12:12:41.678805+02	2026-05-29 12:16:00.274379+02	\N	\N	\N	1	\N	\N	Pending	\N	\N	\N	\N	\N	\N	\N
aae9cceb-e29e-4abd-9332-1f7fca2bf3a5	912b8c72-398a-49d1-b92c-b68b2be12685	1049.12	ZAR	OnHold	2026-05-29 13:31:20.636578+02	019e4c3e-0cd3-7a1a-be2a-fa0c347640cf	Return request 5774b963-0aad-4477-8fb7-ec1a723ff3cd is active.	\N	\N	\N	2026-05-29 13:30:37.896327+02	2026-05-29 13:31:21.068901+02	\N	\N	\N	2	\N	\N	Pending	\N	\N	\N	\N	\N	\N	\N
\.


--
-- TOC entry 6227 (class 0 OID 63316)
-- Dependencies: 225
-- Data for Name: seller_profiles; Type: TABLE DATA; Schema: mabuntle; Owner: postgres
--

COPY mabuntle.seller_profiles ("Id", "UserId", "VerificationStatus", "CreatedAtUtc", "UpdatedAtUtc", "BusinessName", "BusinessType", "ContactEmail", "DisplayName", "PhoneNumber") FROM stdin;
c5ff0278-e8fe-477d-bcf7-fc71e9659036	d6fc045e-dec8-4569-bd37-5e3963e1cbf2	PendingVerification	-infinity	-infinity	\N	\N	\N	\N	\N
f2c66fa8-eeb5-439e-a23d-9c17eb782bbb	33ec9737-90de-41d5-9f25-582c0d2fb049	PendingVerification	-infinity	-infinity	\N	\N	\N	\N	\N
e24312a8-4736-4a88-a837-cca845b9851c	3f6c70fc-a524-4421-b789-7f30ca27fb3f	PendingVerification	-infinity	-infinity	\N	\N	\N	\N	\N
6d3e4b00-29c9-4091-9c2e-5255ef4cc7f9	d1be4c7b-4bb7-4897-a9aa-5fea4a23a002	PendingVerification	-infinity	-infinity	\N	\N	\N	\N	\N
254cc904-af8b-496c-a0fa-b730f2924487	ef58a11a-648c-48f5-bd04-3c3c10f44666	PendingVerification	-infinity	-infinity	\N	\N	\N	\N	\N
912b8c72-398a-49d1-b92c-b68b2be12685	019e4c3e-0d1a-74f0-9518-2e045edd3676	Verified	-infinity	-infinity	\N	Individual	seller@mabuntle.local	Dev Seller	+27110000002
4181996b-f6f7-41b0-97e3-fbe5c92f2497	019e64ab-f757-7b3b-9917-b700fc115922	UnderReview	-infinity	-infinity	Demo Pending Trading	RegisteredBusiness	seller.pending@mabuntle.local	Demo Pending Seller	+27110000003
\.


--
-- TOC entry 6309 (class 0 OID 72011)
-- Dependencies: 307
-- Data for Name: seller_report_schedule_runs; Type: TABLE DATA; Schema: mabuntle; Owner: postgres
--

COPY mabuntle.seller_report_schedule_runs ("Id", "SellerReportScheduleId", "SellerId", "ReportPeriodStartUtc", "ReportPeriodEndUtc", "CreatedAtUtc", "CompletedAtUtc", "NotificationId", "IsSuccess", "FailureReason") FROM stdin;
\.


--
-- TOC entry 6308 (class 0 OID 71990)
-- Dependencies: 306
-- Data for Name: seller_report_schedules; Type: TABLE DATA; Schema: mabuntle; Owner: postgres
--

COPY mabuntle.seller_report_schedules ("Id", "SellerId", "IsEnabled", "Frequency", "ReportRange", "SendDayOfWeek", "SendDayOfMonth", "SendTimeLocal", "TimeZoneId", "NextRunAtUtc", "LastSentAtUtc", "LastReportPeriodStartUtc", "LastReportPeriodEndUtc", "LastFailureReason", "LastFailedAtUtc", "CreatedAtUtc", "UpdatedAtUtc") FROM stdin;
ca2de83a-e1af-4ef6-b01e-b3d2bba90be9	912b8c72-398a-49d1-b92c-b68b2be12685	f	Weekly	Last30Days	Monday	\N	08:00	Africa/Johannesburg	\N	\N	\N	\N	\N	\N	2026-05-27 16:14:41.368424+02	2026-05-27 16:14:41.368424+02
\.


--
-- TOC entry 6305 (class 0 OID 71891)
-- Dependencies: 303
-- Data for Name: seller_store_policies; Type: TABLE DATA; Schema: mabuntle; Owner: postgres
--

COPY mabuntle.seller_store_policies ("Id", "SellerId", "ReturnWindowDays", "ReturnPolicy", "ExchangePolicy", "FulfilmentPolicy", "SupportPolicy", "CareInstructions", "ProductDisclaimer", "CreatedAtUtc", "UpdatedAtUtc") FROM stdin;
\.


--
-- TOC entry 6238 (class 0 OID 63479)
-- Dependencies: 236
-- Data for Name: seller_storefronts; Type: TABLE DATA; Schema: mabuntle; Owner: postgres
--

COPY mabuntle.seller_storefronts ("Id", "SellerId", "StoreName", "Slug", "Description", "LogoUrl", "BannerUrl", "IsPublished", "CreatedAtUtc", "UpdatedAtUtc") FROM stdin;
c078560d-d405-458c-b73e-8f9af6cae63e	912b8c72-398a-49d1-b92c-b68b2be12685	mabuntle Dev Store	mabuntle-dev-store	A local development storefront for manual testing.	\N	\N	t	-infinity	-infinity
b8ba2d44-6077-4daa-beec-b71731ce9efd	4181996b-f6f7-41b0-97e3-fbe5c92f2497	Demo Pending Atelier	demo-pending-atelier	A complete seller profile waiting for admin verification in local demo flows.	\N	\N	t	-infinity	-infinity
\.


--
-- TOC entry 6306 (class 0 OID 71908)
-- Dependencies: 304
-- Data for Name: seller_verification_evidence; Type: TABLE DATA; Schema: mabuntle; Owner: postgres
--

COPY mabuntle.seller_verification_evidence ("Id", "SellerId", "EvidenceType", "StorageProvider", "StorageKey", "OriginalFileName", "ContentType", "ByteSize", "Sha256Hash", "Note", "UploadedByUserId", "UploadedAtUtc", "RemovedByUserId", "RemovedAtUtc", "CreatedAtUtc", "UpdatedAtUtc") FROM stdin;
\.


--
-- TOC entry 6239 (class 0 OID 63498)
-- Dependencies: 237
-- Data for Name: seller_verifications; Type: TABLE DATA; Schema: mabuntle; Owner: postgres
--

COPY mabuntle.seller_verifications ("Id", "SellerId", "SubmittedAtUtc", "Status", "ReviewedAtUtc", "ReviewedByUserId", "RejectionReason", "CreatedAtUtc", "UpdatedAtUtc") FROM stdin;
37479f16-1275-4a2e-a48b-c63c213042ee	4181996b-f6f7-41b0-97e3-fbe5c92f2497	2026-05-26 16:24:12.790508+02	UnderReview	\N	\N	\N	-infinity	-infinity
\.


--
-- TOC entry 6267 (class 0 OID 64534)
-- Dependencies: 265
-- Data for Name: shipment_events; Type: TABLE DATA; Schema: mabuntle; Owner: postgres
--

COPY mabuntle.shipment_events ("Id", "ShipmentId", "Status", "EventType", "Message", "CarrierName", "TrackingNumber", "OccurredAtUtc") FROM stdin;
f85053c7-41bb-42b1-b14f-8561618d7a9f	7bfa2334-0cb7-4cea-91c4-ce36d3957e45	AwaitingFulfilment	ShipmentCreated	Shipment is awaiting fulfilment.	\N	\N	2026-05-27 15:43:49.0946+02
e095b745-5d09-45ed-976c-b8b901d1bff5	7bfa2334-0cb7-4cea-91c4-ce36d3957e45	ReadyForCourier	ShipmentReadyForCourier	Shipment was marked ready for courier.	\N	\N	2026-05-27 15:43:49.220752+02
44aa9c48-0202-41d3-9996-a47da390b63b	7bfa2334-0cb7-4cea-91c4-ce36d3957e45	ReadyForCourier	TrackingUpdated	QA browser walkthrough tracking.	QA Courier	QA-TRACK-10Q	2026-05-27 15:43:49.353676+02
a9e6eddf-dd9d-4e84-95c5-68df741d2750	7bfa2334-0cb7-4cea-91c4-ce36d3957e45	InTransit	ShipmentInTransit	Shipment was marked as shipped.	QA Courier	QA-TRACK-10Q	2026-05-27 15:43:49.373015+02
16c4bb9d-02fd-4f19-b36f-44bb20e4770e	7bfa2334-0cb7-4cea-91c4-ce36d3957e45	Delivered	ShipmentDelivered	Shipment was marked as delivered.	QA Courier	QA-TRACK-10Q	2026-05-27 15:43:49.39642+02
e97a2ff1-a83a-4ac6-ac78-9a6a53c498a2	c6b57a27-23a9-4f84-ba76-e6e07336232a	AwaitingFulfilment	ShipmentCreated	Shipment is awaiting fulfilment.	\N	\N	2026-05-29 11:02:45.431974+02
d0219fbf-8c48-44b9-a1bd-3c3aa61a512e	c6b57a27-23a9-4f84-ba76-e6e07336232a	ReadyForCourier	ShipmentReadyForCourier	Shipment was marked ready for courier.	\N	\N	2026-05-29 11:02:45.564456+02
505b1c50-68bd-4b7d-80ef-c7203b620df5	c6b57a27-23a9-4f84-ba76-e6e07336232a	ReadyForCourier	TrackingUpdated	Created by buyer post-purchase demo helper.	Demo Courier	DEMO-A4FAE5D2	2026-05-29 11:02:45.690538+02
801f9e4b-00a0-4d27-9a49-bc4f0be58b9f	c6b57a27-23a9-4f84-ba76-e6e07336232a	InTransit	ShipmentInTransit	Shipment was marked as shipped.	Demo Courier	DEMO-A4FAE5D2	2026-05-29 11:02:45.728629+02
97425ee3-8545-43de-aee8-2ec872a691e7	c6b57a27-23a9-4f84-ba76-e6e07336232a	Delivered	ShipmentDelivered	Shipment was marked as delivered.	Demo Courier	DEMO-A4FAE5D2	2026-05-29 11:02:45.759427+02
f497c594-422d-443d-bd53-12c2935c82a0	66b715b7-4b37-4ab2-b501-2646b8c4d687	AwaitingFulfilment	ShipmentCreated	Shipment is awaiting fulfilment.	\N	\N	2026-05-29 11:28:12.920331+02
14a74f8b-6c4f-44bf-a1ae-66a2d52d2849	66b715b7-4b37-4ab2-b501-2646b8c4d687	ReadyForCourier	ShipmentReadyForCourier	Shipment was marked ready for courier.	\N	\N	2026-05-29 11:28:13.038461+02
1abf1dc1-99e0-4a1f-9e19-265c3a7cf081	66b715b7-4b37-4ab2-b501-2646b8c4d687	ReadyForCourier	TrackingUpdated	Created by buyer post-purchase demo helper.	Demo Courier	DEMO-339FE53E	2026-05-29 11:28:13.152212+02
b62a50e9-3e62-4244-b073-45b567bf3ff7	66b715b7-4b37-4ab2-b501-2646b8c4d687	InTransit	ShipmentInTransit	Shipment was marked as shipped.	Demo Courier	DEMO-339FE53E	2026-05-29 11:28:13.179294+02
f5b7bc14-8275-4fab-9bf0-c96570ff35f4	66b715b7-4b37-4ab2-b501-2646b8c4d687	Delivered	ShipmentDelivered	Shipment was marked as delivered.	Demo Courier	DEMO-339FE53E	2026-05-29 11:28:13.205178+02
9f3b9c0a-6a35-453f-89b9-690ce514059c	649dc012-7f95-42d2-b857-f49a693dbaa3	AwaitingFulfilment	ShipmentCreated	Shipment is awaiting fulfilment.	\N	\N	2026-05-29 11:36:29.502195+02
84c82b2b-63e6-413b-99d3-e4ecbce42fe7	649dc012-7f95-42d2-b857-f49a693dbaa3	ReadyForCourier	ShipmentReadyForCourier	Shipment was marked ready for courier.	\N	\N	2026-05-29 11:36:29.631951+02
4b79d988-c28b-4018-a7d9-543dd79973d5	649dc012-7f95-42d2-b857-f49a693dbaa3	ReadyForCourier	TrackingUpdated	Created by buyer post-purchase demo helper.	Demo Courier	DEMO-B6CC1186	2026-05-29 11:36:29.743981+02
6f06bf6b-6f45-4aff-a30f-ac99059c1cd6	649dc012-7f95-42d2-b857-f49a693dbaa3	InTransit	ShipmentInTransit	Shipment was marked as shipped.	Demo Courier	DEMO-B6CC1186	2026-05-29 11:36:29.770815+02
40783ef3-101b-4869-9e85-39524c0e56de	649dc012-7f95-42d2-b857-f49a693dbaa3	Delivered	ShipmentDelivered	Shipment was marked as delivered.	Demo Courier	DEMO-B6CC1186	2026-05-29 11:36:29.797081+02
02cef102-c0fa-41de-b38a-53de7718a8ef	40e36277-c36d-4c6e-842b-f9900a397b46	AwaitingFulfilment	ShipmentCreated	Shipment is awaiting fulfilment.	\N	\N	2026-05-29 12:12:42.343881+02
80756709-6777-400c-be39-dac2c3e7248e	40e36277-c36d-4c6e-842b-f9900a397b46	ReadyForCourier	ShipmentReadyForCourier	Shipment was marked ready for courier.	\N	\N	2026-05-29 12:12:42.508239+02
96d14ab4-e5dd-4143-bd4b-e510be298a4d	40e36277-c36d-4c6e-842b-f9900a397b46	ReadyForCourier	TrackingUpdated	Created by buyer post-purchase demo helper.	Demo Courier	DEMO-491490CB	2026-05-29 12:12:42.640918+02
01d4a499-70af-48ed-a307-8e89e8f863b3	40e36277-c36d-4c6e-842b-f9900a397b46	InTransit	ShipmentInTransit	Shipment was marked as shipped.	Demo Courier	DEMO-491490CB	2026-05-29 12:12:42.669292+02
f7dbcacc-2922-4586-8463-30f29d26fa4f	40e36277-c36d-4c6e-842b-f9900a397b46	Delivered	ShipmentDelivered	Shipment was marked as delivered.	Demo Courier	DEMO-491490CB	2026-05-29 12:12:42.698538+02
53eb6e33-31c6-4b27-9700-a0844d71941d	3a78f885-9aba-431e-9eab-192e0350cbb6	AwaitingFulfilment	ShipmentCreated	Shipment is awaiting fulfilment.	\N	\N	2026-05-29 13:30:38.312688+02
3a4171a1-5914-41a6-8525-267163b32f3b	3a78f885-9aba-431e-9eab-192e0350cbb6	ReadyForCourier	ShipmentReadyForCourier	Shipment was marked ready for courier.	\N	\N	2026-05-29 13:30:38.460839+02
2d3e428c-4b74-4a92-8e15-26ad627cb306	3a78f885-9aba-431e-9eab-192e0350cbb6	ReadyForCourier	TrackingUpdated	Created by buyer post-purchase demo helper.	Demo Courier	DEMO-71583D35	2026-05-29 13:30:38.576438+02
f95a812b-a959-4e01-b363-7e5ce296e3be	3a78f885-9aba-431e-9eab-192e0350cbb6	InTransit	ShipmentInTransit	Shipment was marked as shipped.	Demo Courier	DEMO-71583D35	2026-05-29 13:30:38.606088+02
89592dad-140e-41cc-ad77-07b95c9377de	3a78f885-9aba-431e-9eab-192e0350cbb6	Delivered	ShipmentDelivered	Shipment was marked as delivered.	Demo Courier	DEMO-71583D35	2026-05-29 13:30:38.633095+02
\.


--
-- TOC entry 6266 (class 0 OID 64505)
-- Dependencies: 264
-- Data for Name: shipments; Type: TABLE DATA; Schema: mabuntle; Owner: postgres
--

COPY mabuntle.shipments ("Id", "OrderId", "SellerId", "BuyerId", "Status", "CarrierName", "TrackingNumber", "TrackingUrl", "ShippedAtUtc", "DeliveredAtUtc", "CreatedAtUtc", "UpdatedAtUtc", "CarrierBookedAtUtc", "CarrierBookingStatus", "CarrierProviderName", "CarrierServiceCode", "PackageHeightCm", "PackageLengthCm", "PackageWeightKg", "PackageWidthCm", "ProviderError", "ProviderLabelUrl", "ProviderLastSyncedAtUtc", "ProviderShipmentReference", "ProviderStatus", "ProviderStatusUpdatedAtUtc") FROM stdin;
7bfa2334-0cb7-4cea-91c4-ce36d3957e45	a36130b8-93e1-4c1b-a253-cd4726b1d473	912b8c72-398a-49d1-b92c-b68b2be12685	e16f52cc-9746-43f6-964f-dc6dec0f2a65	Delivered	QA Courier	QA-TRACK-10Q	https://example.test/tracking/QA-TRACK-10Q	2026-05-27 15:43:49.373015+02	2026-05-27 15:43:49.39642+02	2026-05-27 15:43:49.170477+02	2026-05-27 15:43:49.401969+02	\N	\N	\N	\N	\N	\N	\N	\N	\N	\N	\N	\N	\N	\N
c6b57a27-23a9-4f84-ba76-e6e07336232a	a4fae5d2-8148-46ec-acd9-96c9f86f8d8b	912b8c72-398a-49d1-b92c-b68b2be12685	e16f52cc-9746-43f6-964f-dc6dec0f2a65	Delivered	Demo Courier	DEMO-A4FAE5D2	http://localhost:4200/fake-tracking/DEMO-A4FAE5D2	2026-05-29 11:02:45.728629+02	2026-05-29 11:02:45.759427+02	2026-05-29 11:02:45.508984+02	2026-05-29 11:02:45.767176+02	\N	\N	\N	\N	\N	\N	\N	\N	\N	\N	\N	\N	\N	\N
66b715b7-4b37-4ab2-b501-2646b8c4d687	339fe53e-5a26-450a-9ecb-df4373db2e3f	912b8c72-398a-49d1-b92c-b68b2be12685	e16f52cc-9746-43f6-964f-dc6dec0f2a65	Delivered	Demo Courier	DEMO-339FE53E	http://localhost:4200/fake-tracking/DEMO-339FE53E	2026-05-29 11:28:13.179294+02	2026-05-29 11:28:13.205178+02	2026-05-29 11:28:12.993388+02	2026-05-29 11:28:13.211835+02	\N	\N	\N	\N	\N	\N	\N	\N	\N	\N	\N	\N	\N	\N
649dc012-7f95-42d2-b857-f49a693dbaa3	b6cc1186-4812-4232-82af-6b5a340d126e	912b8c72-398a-49d1-b92c-b68b2be12685	e16f52cc-9746-43f6-964f-dc6dec0f2a65	Delivered	Demo Courier	DEMO-B6CC1186	http://localhost:4200/fake-tracking/DEMO-B6CC1186	2026-05-29 11:36:29.770815+02	2026-05-29 11:36:29.797081+02	2026-05-29 11:36:29.585011+02	2026-05-29 11:36:29.804032+02	\N	\N	\N	\N	\N	\N	\N	\N	\N	\N	\N	\N	\N	\N
40e36277-c36d-4c6e-842b-f9900a397b46	491490cb-39d3-4511-b383-fcfc34eb734b	912b8c72-398a-49d1-b92c-b68b2be12685	e16f52cc-9746-43f6-964f-dc6dec0f2a65	Delivered	Demo Courier	DEMO-491490CB	http://localhost:4200/fake-tracking/DEMO-491490CB	2026-05-29 12:12:42.669292+02	2026-05-29 12:12:42.698538+02	2026-05-29 12:12:42.435813+02	2026-05-29 12:12:42.705761+02	\N	\N	\N	\N	\N	\N	\N	\N	\N	\N	\N	\N	\N	\N
3a78f885-9aba-431e-9eab-192e0350cbb6	71583d35-cdfc-43f3-88d6-14b3b5c78f5b	912b8c72-398a-49d1-b92c-b68b2be12685	e16f52cc-9746-43f6-964f-dc6dec0f2a65	Delivered	Demo Courier	DEMO-71583D35	http://localhost:4200/fake-tracking/DEMO-71583D35	2026-05-29 13:30:38.606088+02	2026-05-29 13:30:38.633095+02	2026-05-29 13:30:38.401827+02	2026-05-29 13:30:38.640078+02	\N	\N	\N	\N	\N	\N	\N	\N	\N	\N	\N	\N	\N	\N
\.


--
-- TOC entry 6277 (class 0 OID 64866)
-- Dependencies: 275
-- Data for Name: support_messages; Type: TABLE DATA; Schema: mabuntle; Owner: postgres
--

COPY mabuntle.support_messages ("Id", "SupportTicketId", "SenderUserId", "SenderRole", "Message", "IsInternal", "CreatedAtUtc") FROM stdin;
567bf3d9-7c66-4e14-93ab-b05d944aa9ef	3b388f08-f9bc-4e15-b6fc-b9fc6dc114da	019e4c3e-0cd3-7a1a-be2a-fa0c347640cf	Buyer	Order-linked support ticket from Phase 11D browser sign-off.	f	2026-05-29 12:14:18.345839+02
9cc5ab7e-fd02-479f-a552-cf887a50c295	0fb110e2-41de-4738-af38-ebb949e21592	019e4c3e-0cd3-7a1a-be2a-fa0c347640cf	Buyer	Order-linked support ticket from Phase 11D browser sign-off.	f	2026-05-29 12:16:04.619028+02
\.


--
-- TOC entry 6276 (class 0 OID 64819)
-- Dependencies: 274
-- Data for Name: support_tickets; Type: TABLE DATA; Schema: mabuntle; Owner: postgres
--

COPY mabuntle.support_tickets ("Id", "CreatedByUserId", "CreatedByRole", "BuyerId", "SellerId", "Category", "Status", "Subject", "Description", "LinkedOrderId", "LinkedProductId", "LinkedSellerId", "LinkedPaymentId", "AssignedSupportUserId", "OpenedAtUtc", "ResolvedAtUtc", "ClosedAtUtc", "CreatedAtUtc", "UpdatedAtUtc", "EscalatedAtUtc", "EscalatedByUserId", "EscalationReason", "Priority") FROM stdin;
3b388f08-f9bc-4e15-b6fc-b9fc6dc114da	019e4c3e-0cd3-7a1a-be2a-fa0c347640cf	Buyer	e16f52cc-9746-43f6-964f-dc6dec0f2a65	\N	OrderIssue	Open	Question about order 491490cb	Order-linked support ticket from Phase 11D browser sign-off.	491490cb-39d3-4511-b383-fcfc34eb734b	\N	912b8c72-398a-49d1-b92c-b68b2be12685	\N	\N	2026-05-29 12:14:18.345839+02	\N	\N	2026-05-29 12:14:18.400876+02	2026-05-29 12:14:18.400876+02	\N	\N	\N	Normal
0fb110e2-41de-4738-af38-ebb949e21592	019e4c3e-0cd3-7a1a-be2a-fa0c347640cf	Buyer	e16f52cc-9746-43f6-964f-dc6dec0f2a65	\N	OrderIssue	Open	Question about order 491490cb	Order-linked support ticket from Phase 11D browser sign-off.	491490cb-39d3-4511-b383-fcfc34eb734b	\N	912b8c72-398a-49d1-b92c-b68b2be12685	\N	\N	2026-05-29 12:16:04.619028+02	\N	\N	2026-05-29 12:16:04.61963+02	2026-05-29 12:16:04.61963+02	\N	\N	\N	Normal
\.


--
-- TOC entry 6320 (class 0 OID 0)
-- Dependencies: 226
-- Name: AspNetRoleClaims_Id_seq; Type: SEQUENCE SET; Schema: mabuntle; Owner: postgres
--

SELECT pg_catalog.setval('mabuntle."AspNetRoleClaims_Id_seq"', 1, false);


--
-- TOC entry 6321 (class 0 OID 0)
-- Dependencies: 228
-- Name: AspNetUserClaims_Id_seq; Type: SEQUENCE SET; Schema: mabuntle; Owner: postgres
--

SELECT pg_catalog.setval('mabuntle."AspNetUserClaims_Id_seq"', 1, false);


--
-- TOC entry 5462 (class 2606 OID 63283)
-- Name: __EFMigrationsHistory PK___EFMigrationsHistory; Type: CONSTRAINT; Schema: public; Owner: postgres
--

ALTER TABLE ONLY public."__EFMigrationsHistory"
    ADD CONSTRAINT "PK___EFMigrationsHistory" PRIMARY KEY ("MigrationId");


--
-- TOC entry 5478 (class 2606 OID 63335)
-- Name: AspNetRoleClaims PK_AspNetRoleClaims; Type: CONSTRAINT; Schema: mabuntle; Owner: postgres
--

ALTER TABLE ONLY mabuntle."AspNetRoleClaims"
    ADD CONSTRAINT "PK_AspNetRoleClaims" PRIMARY KEY ("Id");


--
-- TOC entry 5464 (class 2606 OID 63292)
-- Name: AspNetRoles PK_AspNetRoles; Type: CONSTRAINT; Schema: mabuntle; Owner: postgres
--

ALTER TABLE ONLY mabuntle."AspNetRoles"
    ADD CONSTRAINT "PK_AspNetRoles" PRIMARY KEY ("Id");


--
-- TOC entry 5481 (class 2606 OID 63350)
-- Name: AspNetUserClaims PK_AspNetUserClaims; Type: CONSTRAINT; Schema: mabuntle; Owner: postgres
--

ALTER TABLE ONLY mabuntle."AspNetUserClaims"
    ADD CONSTRAINT "PK_AspNetUserClaims" PRIMARY KEY ("Id");


--
-- TOC entry 5484 (class 2606 OID 63365)
-- Name: AspNetUserLogins PK_AspNetUserLogins; Type: CONSTRAINT; Schema: mabuntle; Owner: postgres
--

ALTER TABLE ONLY mabuntle."AspNetUserLogins"
    ADD CONSTRAINT "PK_AspNetUserLogins" PRIMARY KEY ("LoginProvider", "ProviderKey");


--
-- TOC entry 5487 (class 2606 OID 63377)
-- Name: AspNetUserRoles PK_AspNetUserRoles; Type: CONSTRAINT; Schema: mabuntle; Owner: postgres
--

ALTER TABLE ONLY mabuntle."AspNetUserRoles"
    ADD CONSTRAINT "PK_AspNetUserRoles" PRIMARY KEY ("UserId", "RoleId");


--
-- TOC entry 5489 (class 2606 OID 63397)
-- Name: AspNetUserTokens PK_AspNetUserTokens; Type: CONSTRAINT; Schema: mabuntle; Owner: postgres
--

ALTER TABLE ONLY mabuntle."AspNetUserTokens"
    ADD CONSTRAINT "PK_AspNetUserTokens" PRIMARY KEY ("UserId", "LoginProvider", "Name");


--
-- TOC entry 5468 (class 2606 OID 63306)
-- Name: AspNetUsers PK_AspNetUsers; Type: CONSTRAINT; Schema: mabuntle; Owner: postgres
--

ALTER TABLE ONLY mabuntle."AspNetUsers"
    ADD CONSTRAINT "PK_AspNetUsers" PRIMARY KEY ("Id");


--
-- TOC entry 5741 (class 2606 OID 64949)
-- Name: ad_budgets PK_ad_budgets; Type: CONSTRAINT; Schema: mabuntle; Owner: postgres
--

ALTER TABLE ONLY mabuntle.ad_budgets
    ADD CONSTRAINT "PK_ad_budgets" PRIMARY KEY ("Id");


--
-- TOC entry 5745 (class 2606 OID 64963)
-- Name: ad_campaign_products PK_ad_campaign_products; Type: CONSTRAINT; Schema: mabuntle; Owner: postgres
--

ALTER TABLE ONLY mabuntle.ad_campaign_products
    ADD CONSTRAINT "PK_ad_campaign_products" PRIMARY KEY ("Id");


--
-- TOC entry 5735 (class 2606 OID 64914)
-- Name: ad_campaigns PK_ad_campaigns; Type: CONSTRAINT; Schema: mabuntle; Owner: postgres
--

ALTER TABLE ONLY mabuntle.ad_campaigns
    ADD CONSTRAINT "PK_ad_campaigns" PRIMARY KEY ("Id");


--
-- TOC entry 5762 (class 2606 OID 65028)
-- Name: ad_charges PK_ad_charges; Type: CONSTRAINT; Schema: mabuntle; Owner: postgres
--

ALTER TABLE ONLY mabuntle.ad_charges
    ADD CONSTRAINT "PK_ad_charges" PRIMARY KEY ("Id");


--
-- TOC entry 5751 (class 2606 OID 64982)
-- Name: ad_clicks PK_ad_clicks; Type: CONSTRAINT; Schema: mabuntle; Owner: postgres
--

ALTER TABLE ONLY mabuntle.ad_clicks
    ADD CONSTRAINT "PK_ad_clicks" PRIMARY KEY ("Id");


--
-- TOC entry 5768 (class 2606 OID 65050)
-- Name: ad_conversions PK_ad_conversions; Type: CONSTRAINT; Schema: mabuntle; Owner: postgres
--

ALTER TABLE ONLY mabuntle.ad_conversions
    ADD CONSTRAINT "PK_ad_conversions" PRIMARY KEY ("Id");


--
-- TOC entry 5757 (class 2606 OID 65007)
-- Name: ad_impressions PK_ad_impressions; Type: CONSTRAINT; Schema: mabuntle; Owner: postgres
--

ALTER TABLE ONLY mabuntle.ad_impressions
    ADD CONSTRAINT "PK_ad_impressions" PRIMARY KEY ("Id");


--
-- TOC entry 5919 (class 2606 OID 72144)
-- Name: admin_queue_saved_views PK_admin_queue_saved_views; Type: CONSTRAINT; Schema: mabuntle; Owner: postgres
--

ALTER TABLE ONLY mabuntle.admin_queue_saved_views
    ADD CONSTRAINT "PK_admin_queue_saved_views" PRIMARY KEY ("Id");


--
-- TOC entry 5910 (class 2606 OID 72096)
-- Name: admin_queue_triage PK_admin_queue_triage; Type: CONSTRAINT; Schema: mabuntle; Owner: postgres
--

ALTER TABLE ONLY mabuntle.admin_queue_triage
    ADD CONSTRAINT "PK_admin_queue_triage" PRIMARY KEY ("Id");


--
-- TOC entry 5915 (class 2606 OID 72113)
-- Name: admin_queue_triage_notes PK_admin_queue_triage_notes; Type: CONSTRAINT; Schema: mabuntle; Owner: postgres
--

ALTER TABLE ONLY mabuntle.admin_queue_triage_notes
    ADD CONSTRAINT "PK_admin_queue_triage_notes" PRIMARY KEY ("Id");


--
-- TOC entry 5561 (class 2606 OID 63771)
-- Name: ai_moderation_results PK_ai_moderation_results; Type: CONSTRAINT; Schema: mabuntle; Owner: postgres
--

ALTER TABLE ONLY mabuntle.ai_moderation_results
    ADD CONSTRAINT "PK_ai_moderation_results" PRIMARY KEY ("Id");


--
-- TOC entry 5543 (class 2606 OID 63681)
-- Name: ai_product_suggestions PK_ai_product_suggestions; Type: CONSTRAINT; Schema: mabuntle; Owner: postgres
--

ALTER TABLE ONLY mabuntle.ai_product_suggestions
    ADD CONSTRAINT "PK_ai_product_suggestions" PRIMARY KEY ("Id");


--
-- TOC entry 5546 (class 2606 OID 63704)
-- Name: ai_prompt_versions PK_ai_prompt_versions; Type: CONSTRAINT; Schema: mabuntle; Owner: postgres
--

ALTER TABLE ONLY mabuntle.ai_prompt_versions
    ADD CONSTRAINT "PK_ai_prompt_versions" PRIMARY KEY ("Id");


--
-- TOC entry 5555 (class 2606 OID 63736)
-- Name: ai_suggestion_field_audits PK_ai_suggestion_field_audits; Type: CONSTRAINT; Schema: mabuntle; Owner: postgres
--

ALTER TABLE ONLY mabuntle.ai_suggestion_field_audits
    ADD CONSTRAINT "PK_ai_suggestion_field_audits" PRIMARY KEY ("Id");


--
-- TOC entry 5552 (class 2606 OID 63718)
-- Name: ai_usage_logs PK_ai_usage_logs; Type: CONSTRAINT; Schema: mabuntle; Owner: postgres
--

ALTER TABLE ONLY mabuntle.ai_usage_logs
    ADD CONSTRAINT "PK_ai_usage_logs" PRIMARY KEY ("Id");


--
-- TOC entry 5511 (class 2606 OID 63531)
-- Name: audit_logs PK_audit_logs; Type: CONSTRAINT; Schema: mabuntle; Owner: postgres
--

ALTER TABLE ONLY mabuntle.audit_logs
    ADD CONSTRAINT "PK_audit_logs" PRIMARY KEY ("Id");


--
-- TOC entry 5816 (class 2606 OID 71580)
-- Name: buyer_delivery_addresses PK_buyer_delivery_addresses; Type: CONSTRAINT; Schema: mabuntle; Owner: postgres
--

ALTER TABLE ONLY mabuntle.buyer_delivery_addresses
    ADD CONSTRAINT "PK_buyer_delivery_addresses" PRIMARY KEY ("Id");


--
-- TOC entry 5812 (class 2606 OID 71552)
-- Name: buyer_notification_preferences PK_buyer_notification_preferences; Type: CONSTRAINT; Schema: mabuntle; Owner: postgres
--

ALTER TABLE ONLY mabuntle.buyer_notification_preferences
    ADD CONSTRAINT "PK_buyer_notification_preferences" PRIMARY KEY ("Id");


--
-- TOC entry 5472 (class 2606 OID 63315)
-- Name: buyer_profiles PK_buyer_profiles; Type: CONSTRAINT; Schema: mabuntle; Owner: postgres
--

ALTER TABLE ONLY mabuntle.buyer_profiles
    ADD CONSTRAINT "PK_buyer_profiles" PRIMARY KEY ("Id");


--
-- TOC entry 5780 (class 2606 OID 65152)
-- Name: buyer_wishlist_items PK_buyer_wishlist_items; Type: CONSTRAINT; Schema: mabuntle; Owner: postgres
--

ALTER TABLE ONLY mabuntle.buyer_wishlist_items
    ADD CONSTRAINT "PK_buyer_wishlist_items" PRIMARY KEY ("Id");


--
-- TOC entry 5577 (class 2606 OID 64171)
-- Name: cart_items PK_cart_items; Type: CONSTRAINT; Schema: mabuntle; Owner: postgres
--

ALTER TABLE ONLY mabuntle.cart_items
    ADD CONSTRAINT "PK_cart_items" PRIMARY KEY ("Id");


--
-- TOC entry 5571 (class 2606 OID 64145)
-- Name: carts PK_carts; Type: CONSTRAINT; Schema: mabuntle; Owner: postgres
--

ALTER TABLE ONLY mabuntle.carts
    ADD CONSTRAINT "PK_carts" PRIMARY KEY ("Id");


--
-- TOC entry 5515 (class 2606 OID 63544)
-- Name: categories PK_categories; Type: CONSTRAINT; Schema: mabuntle; Owner: postgres
--

ALTER TABLE ONLY mabuntle.categories
    ADD CONSTRAINT "PK_categories" PRIMARY KEY ("Id");


--
-- TOC entry 5519 (class 2606 OID 63565)
-- Name: category_attributes PK_category_attributes; Type: CONSTRAINT; Schema: mabuntle; Owner: postgres
--

ALTER TABLE ONLY mabuntle.category_attributes
    ADD CONSTRAINT "PK_category_attributes" PRIMARY KEY ("Id");


--
-- TOC entry 5605 (class 2606 OID 64330)
-- Name: commission_rules PK_commission_rules; Type: CONSTRAINT; Schema: mabuntle; Owner: postgres
--

ALTER TABLE ONLY mabuntle.commission_rules
    ADD CONSTRAINT "PK_commission_rules" PRIMARY KEY ("Id");


--
-- TOC entry 5706 (class 2606 OID 64782)
-- Name: dispute_evidence PK_dispute_evidence; Type: CONSTRAINT; Schema: mabuntle; Owner: postgres
--

ALTER TABLE ONLY mabuntle.dispute_evidence
    ADD CONSTRAINT "PK_dispute_evidence" PRIMARY KEY ("Id");


--
-- TOC entry 5711 (class 2606 OID 64800)
-- Name: dispute_messages PK_dispute_messages; Type: CONSTRAINT; Schema: mabuntle; Owner: postgres
--

ALTER TABLE ONLY mabuntle.dispute_messages
    ADD CONSTRAINT "PK_dispute_messages" PRIMARY KEY ("Id");


--
-- TOC entry 5700 (class 2606 OID 64748)
-- Name: disputes PK_disputes; Type: CONSTRAINT; Schema: mabuntle; Owner: postgres
--

ALTER TABLE ONLY mabuntle.disputes
    ADD CONSTRAINT "PK_disputes" PRIMARY KEY ("Id");


--
-- TOC entry 5869 (class 2606 OID 71852)
-- Name: inventory_movements PK_inventory_movements; Type: CONSTRAINT; Schema: mabuntle; Owner: postgres
--

ALTER TABLE ONLY mabuntle.inventory_movements
    ADD CONSTRAINT "PK_inventory_movements" PRIMARY KEY ("Id");


--
-- TOC entry 5584 (class 2606 OID 64205)
-- Name: inventory_reservations PK_inventory_reservations; Type: CONSTRAINT; Schema: mabuntle; Owner: postgres
--

ALTER TABLE ONLY mabuntle.inventory_reservations
    ADD CONSTRAINT "PK_inventory_reservations" PRIMARY KEY ("Id");


--
-- TOC entry 5624 (class 2606 OID 64386)
-- Name: ledger_entries PK_ledger_entries; Type: CONSTRAINT; Schema: mabuntle; Owner: postgres
--

ALTER TABLE ONLY mabuntle.ledger_entries
    ADD CONSTRAINT "PK_ledger_entries" PRIMARY KEY ("Id");


--
-- TOC entry 5828 (class 2606 OID 71642)
-- Name: media_asset_variants PK_media_asset_variants; Type: CONSTRAINT; Schema: mabuntle; Owner: postgres
--

ALTER TABLE ONLY mabuntle.media_asset_variants
    ADD CONSTRAINT "PK_media_asset_variants" PRIMARY KEY ("Id");


--
-- TOC entry 5824 (class 2606 OID 71610)
-- Name: media_assets PK_media_assets; Type: CONSTRAINT; Schema: mabuntle; Owner: postgres
--

ALTER TABLE ONLY mabuntle.media_assets
    ADD CONSTRAINT "PK_media_assets" PRIMARY KEY ("Id");


--
-- TOC entry 5837 (class 2606 OID 71714)
-- Name: notification_email_deliveries PK_notification_email_deliveries; Type: CONSTRAINT; Schema: mabuntle; Owner: postgres
--

ALTER TABLE ONLY mabuntle.notification_email_deliveries
    ADD CONSTRAINT "PK_notification_email_deliveries" PRIMARY KEY ("Id");


--
-- TOC entry 5784 (class 2606 OID 65175)
-- Name: notifications PK_notifications; Type: CONSTRAINT; Schema: mabuntle; Owner: postgres
--

ALTER TABLE ONLY mabuntle.notifications
    ADD CONSTRAINT "PK_notifications" PRIMARY KEY ("Id");


--
-- TOC entry 5598 (class 2606 OID 64270)
-- Name: order_items PK_order_items; Type: CONSTRAINT; Schema: mabuntle; Owner: postgres
--

ALTER TABLE ONLY mabuntle.order_items
    ADD CONSTRAINT "PK_order_items" PRIMARY KEY ("Id");


--
-- TOC entry 5602 (class 2606 OID 64296)
-- Name: order_status_history PK_order_status_history; Type: CONSTRAINT; Schema: mabuntle; Owner: postgres
--

ALTER TABLE ONLY mabuntle.order_status_history
    ADD CONSTRAINT "PK_order_status_history" PRIMARY KEY ("Id");


--
-- TOC entry 5593 (class 2606 OID 64241)
-- Name: orders PK_orders; Type: CONSTRAINT; Schema: mabuntle; Owner: postgres
--

ALTER TABLE ONLY mabuntle.orders
    ADD CONSTRAINT "PK_orders" PRIMARY KEY ("Id");


--
-- TOC entry 5629 (class 2606 OID 64425)
-- Name: payment_events PK_payment_events; Type: CONSTRAINT; Schema: mabuntle; Owner: postgres
--

ALTER TABLE ONLY mabuntle.payment_events
    ADD CONSTRAINT "PK_payment_events" PRIMARY KEY ("Id");


--
-- TOC entry 5798 (class 2606 OID 71482)
-- Name: payment_reconciliation_reviews PK_payment_reconciliation_reviews; Type: CONSTRAINT; Schema: mabuntle; Owner: postgres
--

ALTER TABLE ONLY mabuntle.payment_reconciliation_reviews
    ADD CONSTRAINT "PK_payment_reconciliation_reviews" PRIMARY KEY ("Id");


--
-- TOC entry 5612 (class 2606 OID 64344)
-- Name: payments PK_payments; Type: CONSTRAINT; Schema: mabuntle; Owner: postgres
--

ALTER TABLE ONLY mabuntle.payments
    ADD CONSTRAINT "PK_payments" PRIMARY KEY ("Id");


--
-- TOC entry 5844 (class 2606 OID 71770)
-- Name: pickup_points PK_pickup_points; Type: CONSTRAINT; Schema: mabuntle; Owner: postgres
--

ALTER TABLE ONLY mabuntle.pickup_points
    ADD CONSTRAINT "PK_pickup_points" PRIMARY KEY ("Id");


--
-- TOC entry 5527 (class 2606 OID 63610)
-- Name: product_attribute_values PK_product_attribute_values; Type: CONSTRAINT; Schema: mabuntle; Owner: postgres
--

ALTER TABLE ONLY mabuntle.product_attribute_values
    ADD CONSTRAINT "PK_product_attribute_values" PRIMARY KEY ("Id");


--
-- TOC entry 5567 (class 2606 OID 64126)
-- Name: product_embeddings PK_product_embeddings; Type: CONSTRAINT; Schema: mabuntle; Owner: postgres
--

ALTER TABLE ONLY mabuntle.product_embeddings
    ADD CONSTRAINT "PK_product_embeddings" PRIMARY KEY ("Id");


--
-- TOC entry 5532 (class 2606 OID 63629)
-- Name: product_images PK_product_images; Type: CONSTRAINT; Schema: mabuntle; Owner: postgres
--

ALTER TABLE ONLY mabuntle.product_images
    ADD CONSTRAINT "PK_product_images" PRIMARY KEY ("Id");


--
-- TOC entry 5809 (class 2606 OID 71530)
-- Name: product_listing_revision_images PK_product_listing_revision_images; Type: CONSTRAINT; Schema: mabuntle; Owner: postgres
--

ALTER TABLE ONLY mabuntle.product_listing_revision_images
    ADD CONSTRAINT "PK_product_listing_revision_images" PRIMARY KEY ("Id");


--
-- TOC entry 5804 (class 2606 OID 71506)
-- Name: product_listing_revisions PK_product_listing_revisions; Type: CONSTRAINT; Schema: mabuntle; Owner: postgres
--

ALTER TABLE ONLY mabuntle.product_listing_revisions
    ADD CONSTRAINT "PK_product_listing_revisions" PRIMARY KEY ("Id");


--
-- TOC entry 5792 (class 2606 OID 65197)
-- Name: product_reviews PK_product_reviews; Type: CONSTRAINT; Schema: mabuntle; Owner: postgres
--

ALTER TABLE ONLY mabuntle.product_reviews
    ADD CONSTRAINT "PK_product_reviews" PRIMARY KEY ("Id");


--
-- TOC entry 5856 (class 2606 OID 71811)
-- Name: product_variant_revision_items PK_product_variant_revision_items; Type: CONSTRAINT; Schema: mabuntle; Owner: postgres
--

ALTER TABLE ONLY mabuntle.product_variant_revision_items
    ADD CONSTRAINT "PK_product_variant_revision_items" PRIMARY KEY ("Id");


--
-- TOC entry 5850 (class 2606 OID 71786)
-- Name: product_variant_revisions PK_product_variant_revisions; Type: CONSTRAINT; Schema: mabuntle; Owner: postgres
--

ALTER TABLE ONLY mabuntle.product_variant_revisions
    ADD CONSTRAINT "PK_product_variant_revisions" PRIMARY KEY ("Id");


--
-- TOC entry 5537 (class 2606 OID 63650)
-- Name: product_variants PK_product_variants; Type: CONSTRAINT; Schema: mabuntle; Owner: postgres
--

ALTER TABLE ONLY mabuntle.product_variants
    ADD CONSTRAINT "PK_product_variants" PRIMARY KEY ("Id");


--
-- TOC entry 5524 (class 2606 OID 63586)
-- Name: products PK_products; Type: CONSTRAINT; Schema: mabuntle; Owner: postgres
--

ALTER TABLE ONLY mabuntle.products
    ADD CONSTRAINT "PK_products" PRIMARY KEY ("Id");


--
-- TOC entry 5494 (class 2606 OID 63412)
-- Name: refresh_tokens PK_refresh_tokens; Type: CONSTRAINT; Schema: mabuntle; Owner: postgres
--

ALTER TABLE ONLY mabuntle.refresh_tokens
    ADD CONSTRAINT "PK_refresh_tokens" PRIMARY KEY ("Id");


--
-- TOC entry 5692 (class 2606 OID 64714)
-- Name: refund_events PK_refund_events; Type: CONSTRAINT; Schema: mabuntle; Owner: postgres
--

ALTER TABLE ONLY mabuntle.refund_events
    ADD CONSTRAINT "PK_refund_events" PRIMARY KEY ("Id");


--
-- TOC entry 5686 (class 2606 OID 64676)
-- Name: refunds PK_refunds; Type: CONSTRAINT; Schema: mabuntle; Owner: postgres
--

ALTER TABLE ONLY mabuntle.refunds
    ADD CONSTRAINT "PK_refunds" PRIMARY KEY ("Id");


--
-- TOC entry 5672 (class 2606 OID 64606)
-- Name: return_items PK_return_items; Type: CONSTRAINT; Schema: mabuntle; Owner: postgres
--

ALTER TABLE ONLY mabuntle.return_items
    ADD CONSTRAINT "PK_return_items" PRIMARY KEY ("Id");


--
-- TOC entry 5677 (class 2606 OID 64639)
-- Name: return_messages PK_return_messages; Type: CONSTRAINT; Schema: mabuntle; Owner: postgres
--

ALTER TABLE ONLY mabuntle.return_messages
    ADD CONSTRAINT "PK_return_messages" PRIMARY KEY ("Id");


--
-- TOC entry 5666 (class 2606 OID 64576)
-- Name: return_requests PK_return_requests; Type: CONSTRAINT; Schema: mabuntle; Owner: postgres
--

ALTER TABLE ONLY mabuntle.return_requests
    ADD CONSTRAINT "PK_return_requests" PRIMARY KEY ("Id");


--
-- TOC entry 5887 (class 2606 OID 71959)
-- Name: return_restock_decisions PK_return_restock_decisions; Type: CONSTRAINT; Schema: mabuntle; Owner: postgres
--

ALTER TABLE ONLY mabuntle.return_restock_decisions
    ADD CONSTRAINT "PK_return_restock_decisions" PRIMARY KEY ("Id");


--
-- TOC entry 5738 (class 2606 OID 64930)
-- Name: seller_ad_credits PK_seller_ad_credits; Type: CONSTRAINT; Schema: mabuntle; Owner: postgres
--

ALTER TABLE ONLY mabuntle.seller_ad_credits
    ADD CONSTRAINT "PK_seller_ad_credits" PRIMARY KEY ("Id");


--
-- TOC entry 5497 (class 2606 OID 63456)
-- Name: seller_addresses PK_seller_addresses; Type: CONSTRAINT; Schema: mabuntle; Owner: postgres
--

ALTER TABLE ONLY mabuntle.seller_addresses
    ADD CONSTRAINT "PK_seller_addresses" PRIMARY KEY ("Id");


--
-- TOC entry 5615 (class 2606 OID 64367)
-- Name: seller_balances PK_seller_balances; Type: CONSTRAINT; Schema: mabuntle; Owner: postgres
--

ALTER TABLE ONLY mabuntle.seller_balances
    ADD CONSTRAINT "PK_seller_balances" PRIMARY KEY ("Id");


--
-- TOC entry 5833 (class 2606 OID 71686)
-- Name: seller_delivery_methods PK_seller_delivery_methods; Type: CONSTRAINT; Schema: mabuntle; Owner: postgres
--

ALTER TABLE ONLY mabuntle.seller_delivery_methods
    ADD CONSTRAINT "PK_seller_delivery_methods" PRIMARY KEY ("Id");


--
-- TOC entry 5905 (class 2606 OID 72049)
-- Name: seller_funnel_events PK_seller_funnel_events; Type: CONSTRAINT; Schema: mabuntle; Owner: postgres
--

ALTER TABLE ONLY mabuntle.seller_funnel_events
    ADD CONSTRAINT "PK_seller_funnel_events" PRIMARY KEY ("Id");


--
-- TOC entry 5872 (class 2606 OID 71884)
-- Name: seller_notification_preferences PK_seller_notification_preferences; Type: CONSTRAINT; Schema: mabuntle; Owner: postgres
--

ALTER TABLE ONLY mabuntle.seller_notification_preferences
    ADD CONSTRAINT "PK_seller_notification_preferences" PRIMARY KEY ("Id");


--
-- TOC entry 5775 (class 2606 OID 65118)
-- Name: seller_payout_adjustments PK_seller_payout_adjustments; Type: CONSTRAINT; Schema: mabuntle; Owner: postgres
--

ALTER TABLE ONLY mabuntle.seller_payout_adjustments
    ADD CONSTRAINT "PK_seller_payout_adjustments" PRIMARY KEY ("Id");


--
-- TOC entry 5640 (class 2606 OID 64477)
-- Name: seller_payout_items PK_seller_payout_items; Type: CONSTRAINT; Schema: mabuntle; Owner: postgres
--

ALTER TABLE ONLY mabuntle.seller_payout_items
    ADD CONSTRAINT "PK_seller_payout_items" PRIMARY KEY ("Id");


--
-- TOC entry 5840 (class 2606 OID 71737)
-- Name: seller_payout_profile_change_requests PK_seller_payout_profile_change_requests; Type: CONSTRAINT; Schema: mabuntle; Owner: postgres
--

ALTER TABLE ONLY mabuntle.seller_payout_profile_change_requests
    ADD CONSTRAINT "PK_seller_payout_profile_change_requests" PRIMARY KEY ("Id");


--
-- TOC entry 5500 (class 2606 OID 63473)
-- Name: seller_payout_profiles PK_seller_payout_profiles; Type: CONSTRAINT; Schema: mabuntle; Owner: postgres
--

ALTER TABLE ONLY mabuntle.seller_payout_profiles
    ADD CONSTRAINT "PK_seller_payout_profiles" PRIMARY KEY ("Id");


--
-- TOC entry 5634 (class 2606 OID 64461)
-- Name: seller_payouts PK_seller_payouts; Type: CONSTRAINT; Schema: mabuntle; Owner: postgres
--

ALTER TABLE ONLY mabuntle.seller_payouts
    ADD CONSTRAINT "PK_seller_payouts" PRIMARY KEY ("Id");


--
-- TOC entry 5475 (class 2606 OID 63325)
-- Name: seller_profiles PK_seller_profiles; Type: CONSTRAINT; Schema: mabuntle; Owner: postgres
--

ALTER TABLE ONLY mabuntle.seller_profiles
    ADD CONSTRAINT "PK_seller_profiles" PRIMARY KEY ("Id");


--
-- TOC entry 5895 (class 2606 OID 72024)
-- Name: seller_report_schedule_runs PK_seller_report_schedule_runs; Type: CONSTRAINT; Schema: mabuntle; Owner: postgres
--

ALTER TABLE ONLY mabuntle.seller_report_schedule_runs
    ADD CONSTRAINT "PK_seller_report_schedule_runs" PRIMARY KEY ("Id");


--
-- TOC entry 5891 (class 2606 OID 72005)
-- Name: seller_report_schedules PK_seller_report_schedules; Type: CONSTRAINT; Schema: mabuntle; Owner: postgres
--

ALTER TABLE ONLY mabuntle.seller_report_schedules
    ADD CONSTRAINT "PK_seller_report_schedules" PRIMARY KEY ("Id");


--
-- TOC entry 5875 (class 2606 OID 71901)
-- Name: seller_store_policies PK_seller_store_policies; Type: CONSTRAINT; Schema: mabuntle; Owner: postgres
--

ALTER TABLE ONLY mabuntle.seller_store_policies
    ADD CONSTRAINT "PK_seller_store_policies" PRIMARY KEY ("Id");


--
-- TOC entry 5504 (class 2606 OID 63492)
-- Name: seller_storefronts PK_seller_storefronts; Type: CONSTRAINT; Schema: mabuntle; Owner: postgres
--

ALTER TABLE ONLY mabuntle.seller_storefronts
    ADD CONSTRAINT "PK_seller_storefronts" PRIMARY KEY ("Id");


--
-- TOC entry 5880 (class 2606 OID 71927)
-- Name: seller_verification_evidence PK_seller_verification_evidence; Type: CONSTRAINT; Schema: mabuntle; Owner: postgres
--

ALTER TABLE ONLY mabuntle.seller_verification_evidence
    ADD CONSTRAINT "PK_seller_verification_evidence" PRIMARY KEY ("Id");


--
-- TOC entry 5507 (class 2606 OID 63510)
-- Name: seller_verifications PK_seller_verifications; Type: CONSTRAINT; Schema: mabuntle; Owner: postgres
--

ALTER TABLE ONLY mabuntle.seller_verifications
    ADD CONSTRAINT "PK_seller_verifications" PRIMARY KEY ("Id");


--
-- TOC entry 5658 (class 2606 OID 64545)
-- Name: shipment_events PK_shipment_events; Type: CONSTRAINT; Schema: mabuntle; Owner: postgres
--

ALTER TABLE ONLY mabuntle.shipment_events
    ADD CONSTRAINT "PK_shipment_events" PRIMARY KEY ("Id");


--
-- TOC entry 5652 (class 2606 OID 64518)
-- Name: shipments PK_shipments; Type: CONSTRAINT; Schema: mabuntle; Owner: postgres
--

ALTER TABLE ONLY mabuntle.shipments
    ADD CONSTRAINT "PK_shipments" PRIMARY KEY ("Id");


--
-- TOC entry 5729 (class 2606 OID 64879)
-- Name: support_messages PK_support_messages; Type: CONSTRAINT; Schema: mabuntle; Owner: postgres
--

ALTER TABLE ONLY mabuntle.support_messages
    ADD CONSTRAINT "PK_support_messages" PRIMARY KEY ("Id");


--
-- TOC entry 5723 (class 2606 OID 64835)
-- Name: support_tickets PK_support_tickets; Type: CONSTRAINT; Schema: mabuntle; Owner: postgres
--

ALTER TABLE ONLY mabuntle.support_tickets
    ADD CONSTRAINT "PK_support_tickets" PRIMARY KEY ("Id");


--
-- TOC entry 5466 (class 1259 OID 63423)
-- Name: EmailIndex; Type: INDEX; Schema: mabuntle; Owner: postgres
--

CREATE INDEX "EmailIndex" ON mabuntle."AspNetUsers" USING btree ("NormalizedEmail");


--
-- TOC entry 5476 (class 1259 OID 63418)
-- Name: IX_AspNetRoleClaims_RoleId; Type: INDEX; Schema: mabuntle; Owner: postgres
--

CREATE INDEX "IX_AspNetRoleClaims_RoleId" ON mabuntle."AspNetRoleClaims" USING btree ("RoleId");


--
-- TOC entry 5479 (class 1259 OID 63420)
-- Name: IX_AspNetUserClaims_UserId; Type: INDEX; Schema: mabuntle; Owner: postgres
--

CREATE INDEX "IX_AspNetUserClaims_UserId" ON mabuntle."AspNetUserClaims" USING btree ("UserId");


--
-- TOC entry 5482 (class 1259 OID 63421)
-- Name: IX_AspNetUserLogins_UserId; Type: INDEX; Schema: mabuntle; Owner: postgres
--

CREATE INDEX "IX_AspNetUserLogins_UserId" ON mabuntle."AspNetUserLogins" USING btree ("UserId");


--
-- TOC entry 5485 (class 1259 OID 63422)
-- Name: IX_AspNetUserRoles_RoleId; Type: INDEX; Schema: mabuntle; Owner: postgres
--

CREATE INDEX "IX_AspNetUserRoles_RoleId" ON mabuntle."AspNetUserRoles" USING btree ("RoleId");


--
-- TOC entry 5739 (class 1259 OID 65066)
-- Name: IX_ad_budgets_AdCampaignId; Type: INDEX; Schema: mabuntle; Owner: postgres
--

CREATE UNIQUE INDEX "IX_ad_budgets_AdCampaignId" ON mabuntle.ad_budgets USING btree ("AdCampaignId");


--
-- TOC entry 5742 (class 1259 OID 65067)
-- Name: IX_ad_campaign_products_AdCampaignId_ProductId; Type: INDEX; Schema: mabuntle; Owner: postgres
--

CREATE UNIQUE INDEX "IX_ad_campaign_products_AdCampaignId_ProductId" ON mabuntle.ad_campaign_products USING btree ("AdCampaignId", "ProductId");


--
-- TOC entry 5743 (class 1259 OID 65068)
-- Name: IX_ad_campaign_products_ProductId; Type: INDEX; Schema: mabuntle; Owner: postgres
--

CREATE INDEX "IX_ad_campaign_products_ProductId" ON mabuntle.ad_campaign_products USING btree ("ProductId");


--
-- TOC entry 5730 (class 1259 OID 65069)
-- Name: IX_ad_campaigns_CampaignType; Type: INDEX; Schema: mabuntle; Owner: postgres
--

CREATE INDEX "IX_ad_campaigns_CampaignType" ON mabuntle.ad_campaigns USING btree ("CampaignType");


--
-- TOC entry 5731 (class 1259 OID 65070)
-- Name: IX_ad_campaigns_SellerId; Type: INDEX; Schema: mabuntle; Owner: postgres
--

CREATE INDEX "IX_ad_campaigns_SellerId" ON mabuntle.ad_campaigns USING btree ("SellerId");


--
-- TOC entry 5732 (class 1259 OID 65071)
-- Name: IX_ad_campaigns_StartsAtUtc_EndsAtUtc; Type: INDEX; Schema: mabuntle; Owner: postgres
--

CREATE INDEX "IX_ad_campaigns_StartsAtUtc_EndsAtUtc" ON mabuntle.ad_campaigns USING btree ("StartsAtUtc", "EndsAtUtc");


--
-- TOC entry 5733 (class 1259 OID 65072)
-- Name: IX_ad_campaigns_Status; Type: INDEX; Schema: mabuntle; Owner: postgres
--

CREATE INDEX "IX_ad_campaigns_Status" ON mabuntle.ad_campaigns USING btree ("Status");


--
-- TOC entry 5758 (class 1259 OID 65073)
-- Name: IX_ad_charges_AdCampaignId; Type: INDEX; Schema: mabuntle; Owner: postgres
--

CREATE INDEX "IX_ad_charges_AdCampaignId" ON mabuntle.ad_charges USING btree ("AdCampaignId");


--
-- TOC entry 5759 (class 1259 OID 65074)
-- Name: IX_ad_charges_AdClickId; Type: INDEX; Schema: mabuntle; Owner: postgres
--

CREATE INDEX "IX_ad_charges_AdClickId" ON mabuntle.ad_charges USING btree ("AdClickId");


--
-- TOC entry 5760 (class 1259 OID 65075)
-- Name: IX_ad_charges_ChargedAtUtc; Type: INDEX; Schema: mabuntle; Owner: postgres
--

CREATE INDEX "IX_ad_charges_ChargedAtUtc" ON mabuntle.ad_charges USING btree ("ChargedAtUtc");


--
-- TOC entry 5746 (class 1259 OID 65076)
-- Name: IX_ad_clicks_AdCampaignId; Type: INDEX; Schema: mabuntle; Owner: postgres
--

CREATE INDEX "IX_ad_clicks_AdCampaignId" ON mabuntle.ad_clicks USING btree ("AdCampaignId");


--
-- TOC entry 5747 (class 1259 OID 65077)
-- Name: IX_ad_clicks_BuyerId; Type: INDEX; Schema: mabuntle; Owner: postgres
--

CREATE INDEX "IX_ad_clicks_BuyerId" ON mabuntle.ad_clicks USING btree ("BuyerId");


--
-- TOC entry 5748 (class 1259 OID 65078)
-- Name: IX_ad_clicks_OccurredAtUtc; Type: INDEX; Schema: mabuntle; Owner: postgres
--

CREATE INDEX "IX_ad_clicks_OccurredAtUtc" ON mabuntle.ad_clicks USING btree ("OccurredAtUtc");


--
-- TOC entry 5749 (class 1259 OID 65079)
-- Name: IX_ad_clicks_ProductId; Type: INDEX; Schema: mabuntle; Owner: postgres
--

CREATE INDEX "IX_ad_clicks_ProductId" ON mabuntle.ad_clicks USING btree ("ProductId");


--
-- TOC entry 5763 (class 1259 OID 65080)
-- Name: IX_ad_conversions_AdCampaignId; Type: INDEX; Schema: mabuntle; Owner: postgres
--

CREATE INDEX "IX_ad_conversions_AdCampaignId" ON mabuntle.ad_conversions USING btree ("AdCampaignId");


--
-- TOC entry 5764 (class 1259 OID 65081)
-- Name: IX_ad_conversions_AdClickId; Type: INDEX; Schema: mabuntle; Owner: postgres
--

CREATE UNIQUE INDEX "IX_ad_conversions_AdClickId" ON mabuntle.ad_conversions USING btree ("AdClickId");


--
-- TOC entry 5765 (class 1259 OID 65082)
-- Name: IX_ad_conversions_OccurredAtUtc; Type: INDEX; Schema: mabuntle; Owner: postgres
--

CREATE INDEX "IX_ad_conversions_OccurredAtUtc" ON mabuntle.ad_conversions USING btree ("OccurredAtUtc");


--
-- TOC entry 5766 (class 1259 OID 65083)
-- Name: IX_ad_conversions_OrderId; Type: INDEX; Schema: mabuntle; Owner: postgres
--

CREATE INDEX "IX_ad_conversions_OrderId" ON mabuntle.ad_conversions USING btree ("OrderId");


--
-- TOC entry 5752 (class 1259 OID 65084)
-- Name: IX_ad_impressions_AdCampaignId; Type: INDEX; Schema: mabuntle; Owner: postgres
--

CREATE INDEX "IX_ad_impressions_AdCampaignId" ON mabuntle.ad_impressions USING btree ("AdCampaignId");


--
-- TOC entry 5753 (class 1259 OID 65085)
-- Name: IX_ad_impressions_AdCampaignId_AnonymousVisitorId_OccurredAtUtc; Type: INDEX; Schema: mabuntle; Owner: postgres
--

CREATE INDEX "IX_ad_impressions_AdCampaignId_AnonymousVisitorId_OccurredAtUtc" ON mabuntle.ad_impressions USING btree ("AdCampaignId", "AnonymousVisitorId", "OccurredAtUtc");


--
-- TOC entry 5754 (class 1259 OID 65086)
-- Name: IX_ad_impressions_OccurredAtUtc; Type: INDEX; Schema: mabuntle; Owner: postgres
--

CREATE INDEX "IX_ad_impressions_OccurredAtUtc" ON mabuntle.ad_impressions USING btree ("OccurredAtUtc");


--
-- TOC entry 5755 (class 1259 OID 65087)
-- Name: IX_ad_impressions_ProductId; Type: INDEX; Schema: mabuntle; Owner: postgres
--

CREATE INDEX "IX_ad_impressions_ProductId" ON mabuntle.ad_impressions USING btree ("ProductId");


--
-- TOC entry 5916 (class 1259 OID 72150)
-- Name: IX_admin_queue_saved_views_AdminUserId_Queue_IsDefault; Type: INDEX; Schema: mabuntle; Owner: postgres
--

CREATE INDEX "IX_admin_queue_saved_views_AdminUserId_Queue_IsDefault" ON mabuntle.admin_queue_saved_views USING btree ("AdminUserId", "Queue", "IsDefault");


--
-- TOC entry 5917 (class 1259 OID 72151)
-- Name: IX_admin_queue_saved_views_AdminUserId_Queue_Name; Type: INDEX; Schema: mabuntle; Owner: postgres
--

CREATE UNIQUE INDEX "IX_admin_queue_saved_views_AdminUserId_Queue_Name" ON mabuntle.admin_queue_saved_views USING btree ("AdminUserId", "Queue", "Name");


--
-- TOC entry 5906 (class 1259 OID 72124)
-- Name: IX_admin_queue_triage_AssignedToUserId; Type: INDEX; Schema: mabuntle; Owner: postgres
--

CREATE INDEX "IX_admin_queue_triage_AssignedToUserId" ON mabuntle.admin_queue_triage USING btree ("AssignedToUserId");


--
-- TOC entry 5907 (class 1259 OID 72125)
-- Name: IX_admin_queue_triage_ItemType_ItemId; Type: INDEX; Schema: mabuntle; Owner: postgres
--

CREATE UNIQUE INDEX "IX_admin_queue_triage_ItemType_ItemId" ON mabuntle.admin_queue_triage USING btree ("ItemType", "ItemId");


--
-- TOC entry 5908 (class 1259 OID 72126)
-- Name: IX_admin_queue_triage_Priority; Type: INDEX; Schema: mabuntle; Owner: postgres
--

CREATE INDEX "IX_admin_queue_triage_Priority" ON mabuntle.admin_queue_triage USING btree ("Priority");


--
-- TOC entry 5911 (class 1259 OID 72127)
-- Name: IX_admin_queue_triage_notes_ActorUserId; Type: INDEX; Schema: mabuntle; Owner: postgres
--

CREATE INDEX "IX_admin_queue_triage_notes_ActorUserId" ON mabuntle.admin_queue_triage_notes USING btree ("ActorUserId");


--
-- TOC entry 5912 (class 1259 OID 72128)
-- Name: IX_admin_queue_triage_notes_CreatedAtUtc; Type: INDEX; Schema: mabuntle; Owner: postgres
--

CREATE INDEX "IX_admin_queue_triage_notes_CreatedAtUtc" ON mabuntle.admin_queue_triage_notes USING btree ("CreatedAtUtc");


--
-- TOC entry 5913 (class 1259 OID 72129)
-- Name: IX_admin_queue_triage_notes_TriageId; Type: INDEX; Schema: mabuntle; Owner: postgres
--

CREATE INDEX "IX_admin_queue_triage_notes_TriageId" ON mabuntle.admin_queue_triage_notes USING btree ("TriageId");


--
-- TOC entry 5556 (class 1259 OID 63782)
-- Name: IX_ai_moderation_results_CreatedAtUtc; Type: INDEX; Schema: mabuntle; Owner: postgres
--

CREATE INDEX "IX_ai_moderation_results_CreatedAtUtc" ON mabuntle.ai_moderation_results USING btree ("CreatedAtUtc");


--
-- TOC entry 5557 (class 1259 OID 63783)
-- Name: IX_ai_moderation_results_NeedsAdminReview; Type: INDEX; Schema: mabuntle; Owner: postgres
--

CREATE INDEX "IX_ai_moderation_results_NeedsAdminReview" ON mabuntle.ai_moderation_results USING btree ("NeedsAdminReview");


--
-- TOC entry 5558 (class 1259 OID 63784)
-- Name: IX_ai_moderation_results_ProductId; Type: INDEX; Schema: mabuntle; Owner: postgres
--

CREATE INDEX "IX_ai_moderation_results_ProductId" ON mabuntle.ai_moderation_results USING btree ("ProductId");


--
-- TOC entry 5559 (class 1259 OID 63785)
-- Name: IX_ai_moderation_results_SellerId; Type: INDEX; Schema: mabuntle; Owner: postgres
--

CREATE INDEX "IX_ai_moderation_results_SellerId" ON mabuntle.ai_moderation_results USING btree ("SellerId");


--
-- TOC entry 5538 (class 1259 OID 63742)
-- Name: IX_ai_product_suggestions_CreatedAtUtc; Type: INDEX; Schema: mabuntle; Owner: postgres
--

CREATE INDEX "IX_ai_product_suggestions_CreatedAtUtc" ON mabuntle.ai_product_suggestions USING btree ("CreatedAtUtc");


--
-- TOC entry 5539 (class 1259 OID 63743)
-- Name: IX_ai_product_suggestions_ProductId; Type: INDEX; Schema: mabuntle; Owner: postgres
--

CREATE INDEX "IX_ai_product_suggestions_ProductId" ON mabuntle.ai_product_suggestions USING btree ("ProductId");


--
-- TOC entry 5540 (class 1259 OID 63744)
-- Name: IX_ai_product_suggestions_SellerId; Type: INDEX; Schema: mabuntle; Owner: postgres
--

CREATE INDEX "IX_ai_product_suggestions_SellerId" ON mabuntle.ai_product_suggestions USING btree ("SellerId");


--
-- TOC entry 5541 (class 1259 OID 63745)
-- Name: IX_ai_product_suggestions_Status; Type: INDEX; Schema: mabuntle; Owner: postgres
--

CREATE INDEX "IX_ai_product_suggestions_Status" ON mabuntle.ai_product_suggestions USING btree ("Status");


--
-- TOC entry 5544 (class 1259 OID 63746)
-- Name: IX_ai_prompt_versions_FeatureName_Version; Type: INDEX; Schema: mabuntle; Owner: postgres
--

CREATE UNIQUE INDEX "IX_ai_prompt_versions_FeatureName_Version" ON mabuntle.ai_prompt_versions USING btree ("FeatureName", "Version");


--
-- TOC entry 5553 (class 1259 OID 63747)
-- Name: IX_ai_suggestion_field_audits_SuggestionId; Type: INDEX; Schema: mabuntle; Owner: postgres
--

CREATE INDEX "IX_ai_suggestion_field_audits_SuggestionId" ON mabuntle.ai_suggestion_field_audits USING btree ("SuggestionId");


--
-- TOC entry 5547 (class 1259 OID 63748)
-- Name: IX_ai_usage_logs_CreatedAtUtc; Type: INDEX; Schema: mabuntle; Owner: postgres
--

CREATE INDEX "IX_ai_usage_logs_CreatedAtUtc" ON mabuntle.ai_usage_logs USING btree ("CreatedAtUtc");


--
-- TOC entry 5548 (class 1259 OID 63749)
-- Name: IX_ai_usage_logs_FeatureName; Type: INDEX; Schema: mabuntle; Owner: postgres
--

CREATE INDEX "IX_ai_usage_logs_FeatureName" ON mabuntle.ai_usage_logs USING btree ("FeatureName");


--
-- TOC entry 5549 (class 1259 OID 63750)
-- Name: IX_ai_usage_logs_SellerId; Type: INDEX; Schema: mabuntle; Owner: postgres
--

CREATE INDEX "IX_ai_usage_logs_SellerId" ON mabuntle.ai_usage_logs USING btree ("SellerId");


--
-- TOC entry 5550 (class 1259 OID 63751)
-- Name: IX_ai_usage_logs_UserId; Type: INDEX; Schema: mabuntle; Owner: postgres
--

CREATE INDEX "IX_ai_usage_logs_UserId" ON mabuntle.ai_usage_logs USING btree ("UserId");


--
-- TOC entry 5508 (class 1259 OID 63532)
-- Name: IX_audit_logs_CreatedAtUtc; Type: INDEX; Schema: mabuntle; Owner: postgres
--

CREATE INDEX "IX_audit_logs_CreatedAtUtc" ON mabuntle.audit_logs USING btree ("CreatedAtUtc");


--
-- TOC entry 5509 (class 1259 OID 63533)
-- Name: IX_audit_logs_EntityType_EntityId; Type: INDEX; Schema: mabuntle; Owner: postgres
--

CREATE INDEX "IX_audit_logs_EntityType_EntityId" ON mabuntle.audit_logs USING btree ("EntityType", "EntityId");


--
-- TOC entry 5813 (class 1259 OID 71586)
-- Name: IX_buyer_delivery_addresses_BuyerId; Type: INDEX; Schema: mabuntle; Owner: postgres
--

CREATE INDEX "IX_buyer_delivery_addresses_BuyerId" ON mabuntle.buyer_delivery_addresses USING btree ("BuyerId");


--
-- TOC entry 5814 (class 1259 OID 71587)
-- Name: IX_buyer_delivery_addresses_BuyerId_IsDefault; Type: INDEX; Schema: mabuntle; Owner: postgres
--

CREATE INDEX "IX_buyer_delivery_addresses_BuyerId_IsDefault" ON mabuntle.buyer_delivery_addresses USING btree ("BuyerId", "IsDefault");


--
-- TOC entry 5810 (class 1259 OID 71558)
-- Name: IX_buyer_notification_preferences_BuyerId_Category; Type: INDEX; Schema: mabuntle; Owner: postgres
--

CREATE UNIQUE INDEX "IX_buyer_notification_preferences_BuyerId_Category" ON mabuntle.buyer_notification_preferences USING btree ("BuyerId", "Category");


--
-- TOC entry 5470 (class 1259 OID 63425)
-- Name: IX_buyer_profiles_UserId; Type: INDEX; Schema: mabuntle; Owner: postgres
--

CREATE UNIQUE INDEX "IX_buyer_profiles_UserId" ON mabuntle.buyer_profiles USING btree ("UserId");


--
-- TOC entry 5776 (class 1259 OID 65223)
-- Name: IX_buyer_wishlist_items_BuyerId_ProductId; Type: INDEX; Schema: mabuntle; Owner: postgres
--

CREATE UNIQUE INDEX "IX_buyer_wishlist_items_BuyerId_ProductId" ON mabuntle.buyer_wishlist_items USING btree ("BuyerId", "ProductId");


--
-- TOC entry 5777 (class 1259 OID 65224)
-- Name: IX_buyer_wishlist_items_CreatedAtUtc; Type: INDEX; Schema: mabuntle; Owner: postgres
--

CREATE INDEX "IX_buyer_wishlist_items_CreatedAtUtc" ON mabuntle.buyer_wishlist_items USING btree ("CreatedAtUtc");


--
-- TOC entry 5778 (class 1259 OID 65225)
-- Name: IX_buyer_wishlist_items_ProductId; Type: INDEX; Schema: mabuntle; Owner: postgres
--

CREATE INDEX "IX_buyer_wishlist_items_ProductId" ON mabuntle.buyer_wishlist_items USING btree ("ProductId");


--
-- TOC entry 5572 (class 1259 OID 64187)
-- Name: IX_cart_items_CartId; Type: INDEX; Schema: mabuntle; Owner: postgres
--

CREATE INDEX "IX_cart_items_CartId" ON mabuntle.cart_items USING btree ("CartId");


--
-- TOC entry 5573 (class 1259 OID 64188)
-- Name: IX_cart_items_CartId_ProductVariantId; Type: INDEX; Schema: mabuntle; Owner: postgres
--

CREATE UNIQUE INDEX "IX_cart_items_CartId_ProductVariantId" ON mabuntle.cart_items USING btree ("CartId", "ProductVariantId");


--
-- TOC entry 5574 (class 1259 OID 64189)
-- Name: IX_cart_items_ProductId; Type: INDEX; Schema: mabuntle; Owner: postgres
--

CREATE INDEX "IX_cart_items_ProductId" ON mabuntle.cart_items USING btree ("ProductId");


--
-- TOC entry 5575 (class 1259 OID 64190)
-- Name: IX_cart_items_ProductVariantId; Type: INDEX; Schema: mabuntle; Owner: postgres
--

CREATE INDEX "IX_cart_items_ProductVariantId" ON mabuntle.cart_items USING btree ("ProductVariantId");


--
-- TOC entry 5568 (class 1259 OID 72155)
-- Name: IX_carts_BuyerId; Type: INDEX; Schema: mabuntle; Owner: postgres
--

CREATE UNIQUE INDEX "IX_carts_BuyerId" ON mabuntle.carts USING btree ("BuyerId") WHERE (("Status")::text = 'Active'::text);


--
-- TOC entry 5569 (class 1259 OID 64192)
-- Name: IX_carts_SellerId; Type: INDEX; Schema: mabuntle; Owner: postgres
--

CREATE INDEX "IX_carts_SellerId" ON mabuntle.carts USING btree ("SellerId");


--
-- TOC entry 5512 (class 1259 OID 63571)
-- Name: IX_categories_ParentCategoryId_DisplayOrder; Type: INDEX; Schema: mabuntle; Owner: postgres
--

CREATE INDEX "IX_categories_ParentCategoryId_DisplayOrder" ON mabuntle.categories USING btree ("ParentCategoryId", "DisplayOrder");


--
-- TOC entry 5513 (class 1259 OID 63572)
-- Name: IX_categories_Slug; Type: INDEX; Schema: mabuntle; Owner: postgres
--

CREATE UNIQUE INDEX "IX_categories_Slug" ON mabuntle.categories USING btree ("Slug");


--
-- TOC entry 5516 (class 1259 OID 63573)
-- Name: IX_category_attributes_CategoryId_DisplayOrder; Type: INDEX; Schema: mabuntle; Owner: postgres
--

CREATE INDEX "IX_category_attributes_CategoryId_DisplayOrder" ON mabuntle.category_attributes USING btree ("CategoryId", "DisplayOrder");


--
-- TOC entry 5517 (class 1259 OID 63574)
-- Name: IX_category_attributes_CategoryId_Key; Type: INDEX; Schema: mabuntle; Owner: postgres
--

CREATE UNIQUE INDEX "IX_category_attributes_CategoryId_Key" ON mabuntle.category_attributes USING btree ("CategoryId", "Key");


--
-- TOC entry 5603 (class 1259 OID 64431)
-- Name: IX_commission_rules_IsActive; Type: INDEX; Schema: mabuntle; Owner: postgres
--

CREATE INDEX "IX_commission_rules_IsActive" ON mabuntle.commission_rules USING btree ("IsActive");


--
-- TOC entry 5701 (class 1259 OID 64806)
-- Name: IX_dispute_evidence_CreatedAtUtc; Type: INDEX; Schema: mabuntle; Owner: postgres
--

CREATE INDEX "IX_dispute_evidence_CreatedAtUtc" ON mabuntle.dispute_evidence USING btree ("CreatedAtUtc");


--
-- TOC entry 5702 (class 1259 OID 64807)
-- Name: IX_dispute_evidence_DisputeId; Type: INDEX; Schema: mabuntle; Owner: postgres
--

CREATE INDEX "IX_dispute_evidence_DisputeId" ON mabuntle.dispute_evidence USING btree ("DisputeId");


--
-- TOC entry 5703 (class 1259 OID 64808)
-- Name: IX_dispute_evidence_EvidenceType; Type: INDEX; Schema: mabuntle; Owner: postgres
--

CREATE INDEX "IX_dispute_evidence_EvidenceType" ON mabuntle.dispute_evidence USING btree ("EvidenceType");


--
-- TOC entry 5704 (class 1259 OID 64809)
-- Name: IX_dispute_evidence_SubmittedByUserId; Type: INDEX; Schema: mabuntle; Owner: postgres
--

CREATE INDEX "IX_dispute_evidence_SubmittedByUserId" ON mabuntle.dispute_evidence USING btree ("SubmittedByUserId");


--
-- TOC entry 5707 (class 1259 OID 64810)
-- Name: IX_dispute_messages_CreatedAtUtc; Type: INDEX; Schema: mabuntle; Owner: postgres
--

CREATE INDEX "IX_dispute_messages_CreatedAtUtc" ON mabuntle.dispute_messages USING btree ("CreatedAtUtc");


--
-- TOC entry 5708 (class 1259 OID 64811)
-- Name: IX_dispute_messages_DisputeId; Type: INDEX; Schema: mabuntle; Owner: postgres
--

CREATE INDEX "IX_dispute_messages_DisputeId" ON mabuntle.dispute_messages USING btree ("DisputeId");


--
-- TOC entry 5709 (class 1259 OID 64812)
-- Name: IX_dispute_messages_SenderUserId; Type: INDEX; Schema: mabuntle; Owner: postgres
--

CREATE INDEX "IX_dispute_messages_SenderUserId" ON mabuntle.dispute_messages USING btree ("SenderUserId");


--
-- TOC entry 5693 (class 1259 OID 64813)
-- Name: IX_disputes_BuyerId; Type: INDEX; Schema: mabuntle; Owner: postgres
--

CREATE INDEX "IX_disputes_BuyerId" ON mabuntle.disputes USING btree ("BuyerId");


--
-- TOC entry 5694 (class 1259 OID 64814)
-- Name: IX_disputes_OpenedAtUtc; Type: INDEX; Schema: mabuntle; Owner: postgres
--

CREATE INDEX "IX_disputes_OpenedAtUtc" ON mabuntle.disputes USING btree ("OpenedAtUtc");


--
-- TOC entry 5695 (class 1259 OID 64815)
-- Name: IX_disputes_OrderId; Type: INDEX; Schema: mabuntle; Owner: postgres
--

CREATE INDEX "IX_disputes_OrderId" ON mabuntle.disputes USING btree ("OrderId");


--
-- TOC entry 5696 (class 1259 OID 64816)
-- Name: IX_disputes_ReturnRequestId; Type: INDEX; Schema: mabuntle; Owner: postgres
--

CREATE INDEX "IX_disputes_ReturnRequestId" ON mabuntle.disputes USING btree ("ReturnRequestId");


--
-- TOC entry 5697 (class 1259 OID 64817)
-- Name: IX_disputes_SellerId; Type: INDEX; Schema: mabuntle; Owner: postgres
--

CREATE INDEX "IX_disputes_SellerId" ON mabuntle.disputes USING btree ("SellerId");


--
-- TOC entry 5698 (class 1259 OID 64818)
-- Name: IX_disputes_Status; Type: INDEX; Schema: mabuntle; Owner: postgres
--

CREATE INDEX "IX_disputes_Status" ON mabuntle.disputes USING btree ("Status");


--
-- TOC entry 5857 (class 1259 OID 71868)
-- Name: IX_inventory_movements_BatchReference; Type: INDEX; Schema: mabuntle; Owner: postgres
--

CREATE INDEX "IX_inventory_movements_BatchReference" ON mabuntle.inventory_movements USING btree ("BatchReference");


--
-- TOC entry 5858 (class 1259 OID 71936)
-- Name: IX_inventory_movements_CartId; Type: INDEX; Schema: mabuntle; Owner: postgres
--

CREATE INDEX "IX_inventory_movements_CartId" ON mabuntle.inventory_movements USING btree ("CartId");


--
-- TOC entry 5859 (class 1259 OID 71869)
-- Name: IX_inventory_movements_MovementType; Type: INDEX; Schema: mabuntle; Owner: postgres
--

CREATE INDEX "IX_inventory_movements_MovementType" ON mabuntle.inventory_movements USING btree ("MovementType");


--
-- TOC entry 5860 (class 1259 OID 71937)
-- Name: IX_inventory_movements_OrderId; Type: INDEX; Schema: mabuntle; Owner: postgres
--

CREATE INDEX "IX_inventory_movements_OrderId" ON mabuntle.inventory_movements USING btree ("OrderId");


--
-- TOC entry 5861 (class 1259 OID 71938)
-- Name: IX_inventory_movements_PaymentId; Type: INDEX; Schema: mabuntle; Owner: postgres
--

CREATE INDEX "IX_inventory_movements_PaymentId" ON mabuntle.inventory_movements USING btree ("PaymentId");


--
-- TOC entry 5862 (class 1259 OID 71870)
-- Name: IX_inventory_movements_ProductId; Type: INDEX; Schema: mabuntle; Owner: postgres
--

CREATE INDEX "IX_inventory_movements_ProductId" ON mabuntle.inventory_movements USING btree ("ProductId");


--
-- TOC entry 5863 (class 1259 OID 71871)
-- Name: IX_inventory_movements_ProductVariantId; Type: INDEX; Schema: mabuntle; Owner: postgres
--

CREATE INDEX "IX_inventory_movements_ProductVariantId" ON mabuntle.inventory_movements USING btree ("ProductVariantId");


--
-- TOC entry 5864 (class 1259 OID 71939)
-- Name: IX_inventory_movements_RefundId; Type: INDEX; Schema: mabuntle; Owner: postgres
--

CREATE INDEX "IX_inventory_movements_RefundId" ON mabuntle.inventory_movements USING btree ("RefundId");


--
-- TOC entry 5865 (class 1259 OID 71940)
-- Name: IX_inventory_movements_ReservationId; Type: INDEX; Schema: mabuntle; Owner: postgres
--

CREATE INDEX "IX_inventory_movements_ReservationId" ON mabuntle.inventory_movements USING btree ("ReservationId");


--
-- TOC entry 5866 (class 1259 OID 71941)
-- Name: IX_inventory_movements_ReturnRequestId; Type: INDEX; Schema: mabuntle; Owner: postgres
--

CREATE INDEX "IX_inventory_movements_ReturnRequestId" ON mabuntle.inventory_movements USING btree ("ReturnRequestId");


--
-- TOC entry 5867 (class 1259 OID 71872)
-- Name: IX_inventory_movements_SellerId_OccurredAtUtc; Type: INDEX; Schema: mabuntle; Owner: postgres
--

CREATE INDEX "IX_inventory_movements_SellerId_OccurredAtUtc" ON mabuntle.inventory_movements USING btree ("SellerId", "OccurredAtUtc");


--
-- TOC entry 5578 (class 1259 OID 64221)
-- Name: IX_inventory_reservations_BuyerId; Type: INDEX; Schema: mabuntle; Owner: postgres
--

CREATE INDEX "IX_inventory_reservations_BuyerId" ON mabuntle.inventory_reservations USING btree ("BuyerId");


--
-- TOC entry 5579 (class 1259 OID 64222)
-- Name: IX_inventory_reservations_CartId; Type: INDEX; Schema: mabuntle; Owner: postgres
--

CREATE INDEX "IX_inventory_reservations_CartId" ON mabuntle.inventory_reservations USING btree ("CartId");


--
-- TOC entry 5580 (class 1259 OID 64223)
-- Name: IX_inventory_reservations_ExpiresAtUtc; Type: INDEX; Schema: mabuntle; Owner: postgres
--

CREATE INDEX "IX_inventory_reservations_ExpiresAtUtc" ON mabuntle.inventory_reservations USING btree ("ExpiresAtUtc");


--
-- TOC entry 5581 (class 1259 OID 64224)
-- Name: IX_inventory_reservations_ProductVariantId; Type: INDEX; Schema: mabuntle; Owner: postgres
--

CREATE INDEX "IX_inventory_reservations_ProductVariantId" ON mabuntle.inventory_reservations USING btree ("ProductVariantId");


--
-- TOC entry 5582 (class 1259 OID 64225)
-- Name: IX_inventory_reservations_Status; Type: INDEX; Schema: mabuntle; Owner: postgres
--

CREATE INDEX "IX_inventory_reservations_Status" ON mabuntle.inventory_reservations USING btree ("Status");


--
-- TOC entry 5616 (class 1259 OID 64432)
-- Name: IX_ledger_entries_BuyerId; Type: INDEX; Schema: mabuntle; Owner: postgres
--

CREATE INDEX "IX_ledger_entries_BuyerId" ON mabuntle.ledger_entries USING btree ("BuyerId");


--
-- TOC entry 5617 (class 1259 OID 64433)
-- Name: IX_ledger_entries_CreatedAtUtc; Type: INDEX; Schema: mabuntle; Owner: postgres
--

CREATE INDEX "IX_ledger_entries_CreatedAtUtc" ON mabuntle.ledger_entries USING btree ("CreatedAtUtc");


--
-- TOC entry 5618 (class 1259 OID 64434)
-- Name: IX_ledger_entries_OrderId; Type: INDEX; Schema: mabuntle; Owner: postgres
--

CREATE INDEX "IX_ledger_entries_OrderId" ON mabuntle.ledger_entries USING btree ("OrderId");


--
-- TOC entry 5619 (class 1259 OID 64435)
-- Name: IX_ledger_entries_OrderItemId; Type: INDEX; Schema: mabuntle; Owner: postgres
--

CREATE INDEX "IX_ledger_entries_OrderItemId" ON mabuntle.ledger_entries USING btree ("OrderItemId");


--
-- TOC entry 5620 (class 1259 OID 64436)
-- Name: IX_ledger_entries_PaymentId; Type: INDEX; Schema: mabuntle; Owner: postgres
--

CREATE INDEX "IX_ledger_entries_PaymentId" ON mabuntle.ledger_entries USING btree ("PaymentId");


--
-- TOC entry 5621 (class 1259 OID 64437)
-- Name: IX_ledger_entries_PaymentId_Type; Type: INDEX; Schema: mabuntle; Owner: postgres
--

CREATE INDEX "IX_ledger_entries_PaymentId_Type" ON mabuntle.ledger_entries USING btree ("PaymentId", "Type");


--
-- TOC entry 5622 (class 1259 OID 64438)
-- Name: IX_ledger_entries_SellerId; Type: INDEX; Schema: mabuntle; Owner: postgres
--

CREATE INDEX "IX_ledger_entries_SellerId" ON mabuntle.ledger_entries USING btree ("SellerId");


--
-- TOC entry 5825 (class 1259 OID 71650)
-- Name: IX_media_asset_variants_MediaAssetId_Kind; Type: INDEX; Schema: mabuntle; Owner: postgres
--

CREATE UNIQUE INDEX "IX_media_asset_variants_MediaAssetId_Kind" ON mabuntle.media_asset_variants USING btree ("MediaAssetId", "Kind");


--
-- TOC entry 5826 (class 1259 OID 71651)
-- Name: IX_media_asset_variants_StorageKey; Type: INDEX; Schema: mabuntle; Owner: postgres
--

CREATE UNIQUE INDEX "IX_media_asset_variants_StorageKey" ON mabuntle.media_asset_variants USING btree ("StorageKey");


--
-- TOC entry 5817 (class 1259 OID 71652)
-- Name: IX_media_assets_LifecycleStatus; Type: INDEX; Schema: mabuntle; Owner: postgres
--

CREATE INDEX "IX_media_assets_LifecycleStatus" ON mabuntle.media_assets USING btree ("LifecycleStatus");


--
-- TOC entry 5818 (class 1259 OID 71653)
-- Name: IX_media_assets_ProductId; Type: INDEX; Schema: mabuntle; Owner: postgres
--

CREATE INDEX "IX_media_assets_ProductId" ON mabuntle.media_assets USING btree ("ProductId");


--
-- TOC entry 5819 (class 1259 OID 71654)
-- Name: IX_media_assets_ProductListingRevisionId; Type: INDEX; Schema: mabuntle; Owner: postgres
--

CREATE INDEX "IX_media_assets_ProductListingRevisionId" ON mabuntle.media_assets USING btree ("ProductListingRevisionId");


--
-- TOC entry 5820 (class 1259 OID 71655)
-- Name: IX_media_assets_ScanStatus; Type: INDEX; Schema: mabuntle; Owner: postgres
--

CREATE INDEX "IX_media_assets_ScanStatus" ON mabuntle.media_assets USING btree ("ScanStatus");


--
-- TOC entry 5821 (class 1259 OID 71656)
-- Name: IX_media_assets_SellerId; Type: INDEX; Schema: mabuntle; Owner: postgres
--

CREATE INDEX "IX_media_assets_SellerId" ON mabuntle.media_assets USING btree ("SellerId");


--
-- TOC entry 5822 (class 1259 OID 71657)
-- Name: IX_media_assets_StorageKey; Type: INDEX; Schema: mabuntle; Owner: postgres
--

CREATE UNIQUE INDEX "IX_media_assets_StorageKey" ON mabuntle.media_assets USING btree ("StorageKey");


--
-- TOC entry 5834 (class 1259 OID 71720)
-- Name: IX_notification_email_deliveries_NotificationId; Type: INDEX; Schema: mabuntle; Owner: postgres
--

CREATE INDEX "IX_notification_email_deliveries_NotificationId" ON mabuntle.notification_email_deliveries USING btree ("NotificationId");


--
-- TOC entry 5835 (class 1259 OID 71721)
-- Name: IX_notification_email_deliveries_Status_NextAttemptAtUtc; Type: INDEX; Schema: mabuntle; Owner: postgres
--

CREATE INDEX "IX_notification_email_deliveries_Status_NextAttemptAtUtc" ON mabuntle.notification_email_deliveries USING btree ("Status", "NextAttemptAtUtc");


--
-- TOC entry 5781 (class 1259 OID 65226)
-- Name: IX_notifications_RecipientUserId_CreatedAtUtc; Type: INDEX; Schema: mabuntle; Owner: postgres
--

CREATE INDEX "IX_notifications_RecipientUserId_CreatedAtUtc" ON mabuntle.notifications USING btree ("RecipientUserId", "CreatedAtUtc");


--
-- TOC entry 5782 (class 1259 OID 65227)
-- Name: IX_notifications_RecipientUserId_ReadAtUtc; Type: INDEX; Schema: mabuntle; Owner: postgres
--

CREATE INDEX "IX_notifications_RecipientUserId_ReadAtUtc" ON mabuntle.notifications USING btree ("RecipientUserId", "ReadAtUtc");


--
-- TOC entry 5594 (class 1259 OID 64302)
-- Name: IX_order_items_OrderId; Type: INDEX; Schema: mabuntle; Owner: postgres
--

CREATE INDEX "IX_order_items_OrderId" ON mabuntle.order_items USING btree ("OrderId");


--
-- TOC entry 5595 (class 1259 OID 64303)
-- Name: IX_order_items_ProductId; Type: INDEX; Schema: mabuntle; Owner: postgres
--

CREATE INDEX "IX_order_items_ProductId" ON mabuntle.order_items USING btree ("ProductId");


--
-- TOC entry 5596 (class 1259 OID 64304)
-- Name: IX_order_items_ProductVariantId; Type: INDEX; Schema: mabuntle; Owner: postgres
--

CREATE INDEX "IX_order_items_ProductVariantId" ON mabuntle.order_items USING btree ("ProductVariantId");


--
-- TOC entry 5599 (class 1259 OID 64305)
-- Name: IX_order_status_history_ChangedAtUtc; Type: INDEX; Schema: mabuntle; Owner: postgres
--

CREATE INDEX "IX_order_status_history_ChangedAtUtc" ON mabuntle.order_status_history USING btree ("ChangedAtUtc");


--
-- TOC entry 5600 (class 1259 OID 64306)
-- Name: IX_order_status_history_OrderId; Type: INDEX; Schema: mabuntle; Owner: postgres
--

CREATE INDEX "IX_order_status_history_OrderId" ON mabuntle.order_status_history USING btree ("OrderId");


--
-- TOC entry 5585 (class 1259 OID 64307)
-- Name: IX_orders_BuyerId; Type: INDEX; Schema: mabuntle; Owner: postgres
--

CREATE INDEX "IX_orders_BuyerId" ON mabuntle.orders USING btree ("BuyerId");


--
-- TOC entry 5586 (class 1259 OID 64308)
-- Name: IX_orders_CartId; Type: INDEX; Schema: mabuntle; Owner: postgres
--

CREATE INDEX "IX_orders_CartId" ON mabuntle.orders USING btree ("CartId");


--
-- TOC entry 5587 (class 1259 OID 64309)
-- Name: IX_orders_CartId_BuyerId_Status; Type: INDEX; Schema: mabuntle; Owner: postgres
--

CREATE INDEX "IX_orders_CartId_BuyerId_Status" ON mabuntle.orders USING btree ("CartId", "BuyerId", "Status");


--
-- TOC entry 5588 (class 1259 OID 64310)
-- Name: IX_orders_CreatedAtUtc; Type: INDEX; Schema: mabuntle; Owner: postgres
--

CREATE INDEX "IX_orders_CreatedAtUtc" ON mabuntle.orders USING btree ("CreatedAtUtc");


--
-- TOC entry 5589 (class 1259 OID 71771)
-- Name: IX_orders_PickupPointId; Type: INDEX; Schema: mabuntle; Owner: postgres
--

CREATE INDEX "IX_orders_PickupPointId" ON mabuntle.orders USING btree ("PickupPointId");


--
-- TOC entry 5590 (class 1259 OID 64311)
-- Name: IX_orders_SellerId; Type: INDEX; Schema: mabuntle; Owner: postgres
--

CREATE INDEX "IX_orders_SellerId" ON mabuntle.orders USING btree ("SellerId");


--
-- TOC entry 5591 (class 1259 OID 64312)
-- Name: IX_orders_Status; Type: INDEX; Schema: mabuntle; Owner: postgres
--

CREATE INDEX "IX_orders_Status" ON mabuntle.orders USING btree ("Status");


--
-- TOC entry 5625 (class 1259 OID 64439)
-- Name: IX_payment_events_PaymentId; Type: INDEX; Schema: mabuntle; Owner: postgres
--

CREATE INDEX "IX_payment_events_PaymentId" ON mabuntle.payment_events USING btree ("PaymentId");


--
-- TOC entry 5626 (class 1259 OID 64440)
-- Name: IX_payment_events_Provider_ProviderEventId; Type: INDEX; Schema: mabuntle; Owner: postgres
--

CREATE UNIQUE INDEX "IX_payment_events_Provider_ProviderEventId" ON mabuntle.payment_events USING btree ("Provider", "ProviderEventId");


--
-- TOC entry 5627 (class 1259 OID 64441)
-- Name: IX_payment_events_ReceivedAtUtc; Type: INDEX; Schema: mabuntle; Owner: postgres
--

CREATE INDEX "IX_payment_events_ReceivedAtUtc" ON mabuntle.payment_events USING btree ("ReceivedAtUtc");


--
-- TOC entry 5793 (class 1259 OID 71488)
-- Name: IX_payment_reconciliation_reviews_NextReviewAfterUtc; Type: INDEX; Schema: mabuntle; Owner: postgres
--

CREATE INDEX "IX_payment_reconciliation_reviews_NextReviewAfterUtc" ON mabuntle.payment_reconciliation_reviews USING btree ("NextReviewAfterUtc");


--
-- TOC entry 5794 (class 1259 OID 71489)
-- Name: IX_payment_reconciliation_reviews_Outcome; Type: INDEX; Schema: mabuntle; Owner: postgres
--

CREATE INDEX "IX_payment_reconciliation_reviews_Outcome" ON mabuntle.payment_reconciliation_reviews USING btree ("Outcome");


--
-- TOC entry 5795 (class 1259 OID 71490)
-- Name: IX_payment_reconciliation_reviews_PaymentId_ReviewedAtUtc; Type: INDEX; Schema: mabuntle; Owner: postgres
--

CREATE INDEX "IX_payment_reconciliation_reviews_PaymentId_ReviewedAtUtc" ON mabuntle.payment_reconciliation_reviews USING btree ("PaymentId", "ReviewedAtUtc");


--
-- TOC entry 5796 (class 1259 OID 71491)
-- Name: IX_payment_reconciliation_reviews_Provider_ProviderReference; Type: INDEX; Schema: mabuntle; Owner: postgres
--

CREATE INDEX "IX_payment_reconciliation_reviews_Provider_ProviderReference" ON mabuntle.payment_reconciliation_reviews USING btree ("Provider", "ProviderReference");


--
-- TOC entry 5606 (class 1259 OID 64442)
-- Name: IX_payments_BuyerId; Type: INDEX; Schema: mabuntle; Owner: postgres
--

CREATE INDEX "IX_payments_BuyerId" ON mabuntle.payments USING btree ("BuyerId");


--
-- TOC entry 5607 (class 1259 OID 64443)
-- Name: IX_payments_CreatedAtUtc; Type: INDEX; Schema: mabuntle; Owner: postgres
--

CREATE INDEX "IX_payments_CreatedAtUtc" ON mabuntle.payments USING btree ("CreatedAtUtc");


--
-- TOC entry 5608 (class 1259 OID 65091)
-- Name: IX_payments_OrderId; Type: INDEX; Schema: mabuntle; Owner: postgres
--

CREATE UNIQUE INDEX "IX_payments_OrderId" ON mabuntle.payments USING btree ("OrderId") WHERE (("Status")::text <> ALL ((ARRAY['Failed'::character varying, 'Cancelled'::character varying])::text[]));


--
-- TOC entry 5609 (class 1259 OID 64445)
-- Name: IX_payments_ProviderReference; Type: INDEX; Schema: mabuntle; Owner: postgres
--

CREATE INDEX "IX_payments_ProviderReference" ON mabuntle.payments USING btree ("ProviderReference");


--
-- TOC entry 5610 (class 1259 OID 64446)
-- Name: IX_payments_Status; Type: INDEX; Schema: mabuntle; Owner: postgres
--

CREATE INDEX "IX_payments_Status" ON mabuntle.payments USING btree ("Status");


--
-- TOC entry 5841 (class 1259 OID 71772)
-- Name: IX_pickup_points_CountryCode_Province_IsActive; Type: INDEX; Schema: mabuntle; Owner: postgres
--

CREATE INDEX "IX_pickup_points_CountryCode_Province_IsActive" ON mabuntle.pickup_points USING btree ("CountryCode", "Province", "IsActive");


--
-- TOC entry 5842 (class 1259 OID 71773)
-- Name: IX_pickup_points_ProviderName_Code; Type: INDEX; Schema: mabuntle; Owner: postgres
--

CREATE UNIQUE INDEX "IX_pickup_points_ProviderName_Code" ON mabuntle.pickup_points USING btree ("ProviderName", "Code");


--
-- TOC entry 5525 (class 1259 OID 63656)
-- Name: IX_product_attribute_values_ProductId_Key; Type: INDEX; Schema: mabuntle; Owner: postgres
--

CREATE UNIQUE INDEX "IX_product_attribute_values_ProductId_Key" ON mabuntle.product_attribute_values USING btree ("ProductId", "Key");


--
-- TOC entry 5562 (class 1259 OID 64132)
-- Name: IX_product_embeddings_CreatedAtUtc; Type: INDEX; Schema: mabuntle; Owner: postgres
--

CREATE INDEX "IX_product_embeddings_CreatedAtUtc" ON mabuntle.product_embeddings USING btree ("CreatedAtUtc");


--
-- TOC entry 5563 (class 1259 OID 64133)
-- Name: IX_product_embeddings_ModelUsed; Type: INDEX; Schema: mabuntle; Owner: postgres
--

CREATE INDEX "IX_product_embeddings_ModelUsed" ON mabuntle.product_embeddings USING btree ("ModelUsed");


--
-- TOC entry 5564 (class 1259 OID 64134)
-- Name: IX_product_embeddings_ProductId; Type: INDEX; Schema: mabuntle; Owner: postgres
--

CREATE INDEX "IX_product_embeddings_ProductId" ON mabuntle.product_embeddings USING btree ("ProductId");


--
-- TOC entry 5565 (class 1259 OID 64135)
-- Name: IX_product_embeddings_ProductId_ModelUsed; Type: INDEX; Schema: mabuntle; Owner: postgres
--

CREATE UNIQUE INDEX "IX_product_embeddings_ProductId_ModelUsed" ON mabuntle.product_embeddings USING btree ("ProductId", "ModelUsed");


--
-- TOC entry 5528 (class 1259 OID 71649)
-- Name: IX_product_images_MediaAssetId; Type: INDEX; Schema: mabuntle; Owner: postgres
--

CREATE INDEX "IX_product_images_MediaAssetId" ON mabuntle.product_images USING btree ("MediaAssetId");


--
-- TOC entry 5529 (class 1259 OID 63657)
-- Name: IX_product_images_ProductId_IsPrimary; Type: INDEX; Schema: mabuntle; Owner: postgres
--

CREATE UNIQUE INDEX "IX_product_images_ProductId_IsPrimary" ON mabuntle.product_images USING btree ("ProductId", "IsPrimary") WHERE ("IsPrimary" = true);


--
-- TOC entry 5530 (class 1259 OID 63658)
-- Name: IX_product_images_ProductId_SortOrder; Type: INDEX; Schema: mabuntle; Owner: postgres
--

CREATE INDEX "IX_product_images_ProductId_SortOrder" ON mabuntle.product_images USING btree ("ProductId", "SortOrder");


--
-- TOC entry 5805 (class 1259 OID 71648)
-- Name: IX_product_listing_revision_images_MediaAssetId; Type: INDEX; Schema: mabuntle; Owner: postgres
--

CREATE INDEX "IX_product_listing_revision_images_MediaAssetId" ON mabuntle.product_listing_revision_images USING btree ("MediaAssetId");


--
-- TOC entry 5806 (class 1259 OID 71536)
-- Name: IX_product_listing_revision_images_RevisionId_IsPrimary; Type: INDEX; Schema: mabuntle; Owner: postgres
--

CREATE UNIQUE INDEX "IX_product_listing_revision_images_RevisionId_IsPrimary" ON mabuntle.product_listing_revision_images USING btree ("RevisionId", "IsPrimary") WHERE ("IsPrimary" = true);


--
-- TOC entry 5807 (class 1259 OID 71537)
-- Name: IX_product_listing_revision_images_RevisionId_SortOrder; Type: INDEX; Schema: mabuntle; Owner: postgres
--

CREATE INDEX "IX_product_listing_revision_images_RevisionId_SortOrder" ON mabuntle.product_listing_revision_images USING btree ("RevisionId", "SortOrder");


--
-- TOC entry 5799 (class 1259 OID 71538)
-- Name: IX_product_listing_revisions_ProductId; Type: INDEX; Schema: mabuntle; Owner: postgres
--

CREATE INDEX "IX_product_listing_revisions_ProductId" ON mabuntle.product_listing_revisions USING btree ("ProductId");


--
-- TOC entry 5800 (class 1259 OID 71539)
-- Name: IX_product_listing_revisions_ProductId_Status; Type: INDEX; Schema: mabuntle; Owner: postgres
--

CREATE UNIQUE INDEX "IX_product_listing_revisions_ProductId_Status" ON mabuntle.product_listing_revisions USING btree ("ProductId", "Status") WHERE (("Status")::text = ANY ((ARRAY['Draft'::character varying, 'PendingReview'::character varying, 'Rejected'::character varying])::text[]));


--
-- TOC entry 5801 (class 1259 OID 71540)
-- Name: IX_product_listing_revisions_SellerId; Type: INDEX; Schema: mabuntle; Owner: postgres
--

CREATE INDEX "IX_product_listing_revisions_SellerId" ON mabuntle.product_listing_revisions USING btree ("SellerId");


--
-- TOC entry 5802 (class 1259 OID 71541)
-- Name: IX_product_listing_revisions_Status; Type: INDEX; Schema: mabuntle; Owner: postgres
--

CREATE INDEX "IX_product_listing_revisions_Status" ON mabuntle.product_listing_revisions USING btree ("Status");


--
-- TOC entry 5785 (class 1259 OID 65228)
-- Name: IX_product_reviews_BuyerId; Type: INDEX; Schema: mabuntle; Owner: postgres
--

CREATE INDEX "IX_product_reviews_BuyerId" ON mabuntle.product_reviews USING btree ("BuyerId");


--
-- TOC entry 5786 (class 1259 OID 65229)
-- Name: IX_product_reviews_OrderId; Type: INDEX; Schema: mabuntle; Owner: postgres
--

CREATE INDEX "IX_product_reviews_OrderId" ON mabuntle.product_reviews USING btree ("OrderId");


--
-- TOC entry 5787 (class 1259 OID 65230)
-- Name: IX_product_reviews_OrderItemId; Type: INDEX; Schema: mabuntle; Owner: postgres
--

CREATE UNIQUE INDEX "IX_product_reviews_OrderItemId" ON mabuntle.product_reviews USING btree ("OrderItemId");


--
-- TOC entry 5788 (class 1259 OID 65231)
-- Name: IX_product_reviews_ProductId; Type: INDEX; Schema: mabuntle; Owner: postgres
--

CREATE INDEX "IX_product_reviews_ProductId" ON mabuntle.product_reviews USING btree ("ProductId");


--
-- TOC entry 5789 (class 1259 OID 65232)
-- Name: IX_product_reviews_ProductId_Status_CreatedAtUtc; Type: INDEX; Schema: mabuntle; Owner: postgres
--

CREATE INDEX "IX_product_reviews_ProductId_Status_CreatedAtUtc" ON mabuntle.product_reviews USING btree ("ProductId", "Status", "CreatedAtUtc");


--
-- TOC entry 5790 (class 1259 OID 65233)
-- Name: IX_product_reviews_SellerId; Type: INDEX; Schema: mabuntle; Owner: postgres
--

CREATE INDEX "IX_product_reviews_SellerId" ON mabuntle.product_reviews USING btree ("SellerId");


--
-- TOC entry 5851 (class 1259 OID 71822)
-- Name: IX_product_variant_revision_items_RevisionId; Type: INDEX; Schema: mabuntle; Owner: postgres
--

CREATE INDEX "IX_product_variant_revision_items_RevisionId" ON mabuntle.product_variant_revision_items USING btree ("RevisionId");


--
-- TOC entry 5852 (class 1259 OID 71823)
-- Name: IX_product_variant_revision_items_RevisionId_Size_Colour; Type: INDEX; Schema: mabuntle; Owner: postgres
--

CREATE INDEX "IX_product_variant_revision_items_RevisionId_Size_Colour" ON mabuntle.product_variant_revision_items USING btree ("RevisionId", "Size", "Colour");


--
-- TOC entry 5853 (class 1259 OID 71824)
-- Name: IX_product_variant_revision_items_RevisionId_Sku; Type: INDEX; Schema: mabuntle; Owner: postgres
--

CREATE INDEX "IX_product_variant_revision_items_RevisionId_Sku" ON mabuntle.product_variant_revision_items USING btree ("RevisionId", "Sku");


--
-- TOC entry 5854 (class 1259 OID 71825)
-- Name: IX_product_variant_revision_items_SourceVariantId; Type: INDEX; Schema: mabuntle; Owner: postgres
--

CREATE INDEX "IX_product_variant_revision_items_SourceVariantId" ON mabuntle.product_variant_revision_items USING btree ("SourceVariantId");


--
-- TOC entry 5845 (class 1259 OID 71826)
-- Name: IX_product_variant_revisions_ProductId; Type: INDEX; Schema: mabuntle; Owner: postgres
--

CREATE INDEX "IX_product_variant_revisions_ProductId" ON mabuntle.product_variant_revisions USING btree ("ProductId");


--
-- TOC entry 5846 (class 1259 OID 71827)
-- Name: IX_product_variant_revisions_ProductId_Status; Type: INDEX; Schema: mabuntle; Owner: postgres
--

CREATE UNIQUE INDEX "IX_product_variant_revisions_ProductId_Status" ON mabuntle.product_variant_revisions USING btree ("ProductId", "Status") WHERE (("Status")::text = ANY ((ARRAY['Draft'::character varying, 'PendingReview'::character varying, 'Rejected'::character varying])::text[]));


--
-- TOC entry 5847 (class 1259 OID 71828)
-- Name: IX_product_variant_revisions_SellerId; Type: INDEX; Schema: mabuntle; Owner: postgres
--

CREATE INDEX "IX_product_variant_revisions_SellerId" ON mabuntle.product_variant_revisions USING btree ("SellerId");


--
-- TOC entry 5848 (class 1259 OID 71829)
-- Name: IX_product_variant_revisions_Status; Type: INDEX; Schema: mabuntle; Owner: postgres
--

CREATE INDEX "IX_product_variant_revisions_Status" ON mabuntle.product_variant_revisions USING btree ("Status");


--
-- TOC entry 5533 (class 1259 OID 63659)
-- Name: IX_product_variants_ProductId_Size_Colour; Type: INDEX; Schema: mabuntle; Owner: postgres
--

CREATE UNIQUE INDEX "IX_product_variants_ProductId_Size_Colour" ON mabuntle.product_variants USING btree ("ProductId", "Size", "Colour");


--
-- TOC entry 5534 (class 1259 OID 63660)
-- Name: IX_product_variants_ProductId_Sku; Type: INDEX; Schema: mabuntle; Owner: postgres
--

CREATE UNIQUE INDEX "IX_product_variants_ProductId_Sku" ON mabuntle.product_variants USING btree ("ProductId", "Sku");


--
-- TOC entry 5535 (class 1259 OID 63661)
-- Name: IX_product_variants_Status; Type: INDEX; Schema: mabuntle; Owner: postgres
--

CREATE INDEX "IX_product_variants_Status" ON mabuntle.product_variants USING btree ("Status");


--
-- TOC entry 5520 (class 1259 OID 63597)
-- Name: IX_products_CategoryId; Type: INDEX; Schema: mabuntle; Owner: postgres
--

CREATE INDEX "IX_products_CategoryId" ON mabuntle.products USING btree ("CategoryId");


--
-- TOC entry 5521 (class 1259 OID 63598)
-- Name: IX_products_SellerId_Slug; Type: INDEX; Schema: mabuntle; Owner: postgres
--

CREATE UNIQUE INDEX "IX_products_SellerId_Slug" ON mabuntle.products USING btree ("SellerId", "Slug") WHERE ("Slug" IS NOT NULL);


--
-- TOC entry 5522 (class 1259 OID 63599)
-- Name: IX_products_Status; Type: INDEX; Schema: mabuntle; Owner: postgres
--

CREATE INDEX "IX_products_Status" ON mabuntle.products USING btree ("Status");


--
-- TOC entry 5490 (class 1259 OID 63426)
-- Name: IX_refresh_tokens_TokenHash; Type: INDEX; Schema: mabuntle; Owner: postgres
--

CREATE UNIQUE INDEX "IX_refresh_tokens_TokenHash" ON mabuntle.refresh_tokens USING btree ("TokenHash");


--
-- TOC entry 5491 (class 1259 OID 63427)
-- Name: IX_refresh_tokens_UserId; Type: INDEX; Schema: mabuntle; Owner: postgres
--

CREATE INDEX "IX_refresh_tokens_UserId" ON mabuntle.refresh_tokens USING btree ("UserId");


--
-- TOC entry 5492 (class 1259 OID 65093)
-- Name: IX_refresh_tokens_UserId_family_id; Type: INDEX; Schema: mabuntle; Owner: postgres
--

CREATE INDEX "IX_refresh_tokens_UserId_family_id" ON mabuntle.refresh_tokens USING btree ("UserId", family_id);


--
-- TOC entry 5687 (class 1259 OID 64720)
-- Name: IX_refund_events_CreatedAtUtc; Type: INDEX; Schema: mabuntle; Owner: postgres
--

CREATE INDEX "IX_refund_events_CreatedAtUtc" ON mabuntle.refund_events USING btree ("CreatedAtUtc");


--
-- TOC entry 5688 (class 1259 OID 64721)
-- Name: IX_refund_events_EventType; Type: INDEX; Schema: mabuntle; Owner: postgres
--

CREATE INDEX "IX_refund_events_EventType" ON mabuntle.refund_events USING btree ("EventType");


--
-- TOC entry 5689 (class 1259 OID 64722)
-- Name: IX_refund_events_RefundId; Type: INDEX; Schema: mabuntle; Owner: postgres
--

CREATE INDEX "IX_refund_events_RefundId" ON mabuntle.refund_events USING btree ("RefundId");


--
-- TOC entry 5690 (class 1259 OID 64723)
-- Name: IX_refund_events_Status; Type: INDEX; Schema: mabuntle; Owner: postgres
--

CREATE INDEX "IX_refund_events_Status" ON mabuntle.refund_events USING btree ("Status");


--
-- TOC entry 5678 (class 1259 OID 64724)
-- Name: IX_refunds_BuyerId; Type: INDEX; Schema: mabuntle; Owner: postgres
--

CREATE INDEX "IX_refunds_BuyerId" ON mabuntle.refunds USING btree ("BuyerId");


--
-- TOC entry 5679 (class 1259 OID 64725)
-- Name: IX_refunds_OrderId; Type: INDEX; Schema: mabuntle; Owner: postgres
--

CREATE INDEX "IX_refunds_OrderId" ON mabuntle.refunds USING btree ("OrderId");


--
-- TOC entry 5680 (class 1259 OID 64726)
-- Name: IX_refunds_PaymentId; Type: INDEX; Schema: mabuntle; Owner: postgres
--

CREATE INDEX "IX_refunds_PaymentId" ON mabuntle.refunds USING btree ("PaymentId");


--
-- TOC entry 5681 (class 1259 OID 64727)
-- Name: IX_refunds_RequestedAtUtc; Type: INDEX; Schema: mabuntle; Owner: postgres
--

CREATE INDEX "IX_refunds_RequestedAtUtc" ON mabuntle.refunds USING btree ("RequestedAtUtc");


--
-- TOC entry 5682 (class 1259 OID 64728)
-- Name: IX_refunds_ReturnRequestId; Type: INDEX; Schema: mabuntle; Owner: postgres
--

CREATE INDEX "IX_refunds_ReturnRequestId" ON mabuntle.refunds USING btree ("ReturnRequestId");


--
-- TOC entry 5683 (class 1259 OID 64729)
-- Name: IX_refunds_SellerId; Type: INDEX; Schema: mabuntle; Owner: postgres
--

CREATE INDEX "IX_refunds_SellerId" ON mabuntle.refunds USING btree ("SellerId");


--
-- TOC entry 5684 (class 1259 OID 64730)
-- Name: IX_refunds_Status; Type: INDEX; Schema: mabuntle; Owner: postgres
--

CREATE INDEX "IX_refunds_Status" ON mabuntle.refunds USING btree ("Status");


--
-- TOC entry 5667 (class 1259 OID 64645)
-- Name: IX_return_items_OrderItemId; Type: INDEX; Schema: mabuntle; Owner: postgres
--

CREATE INDEX "IX_return_items_OrderItemId" ON mabuntle.return_items USING btree ("OrderItemId");


--
-- TOC entry 5668 (class 1259 OID 64646)
-- Name: IX_return_items_ProductId; Type: INDEX; Schema: mabuntle; Owner: postgres
--

CREATE INDEX "IX_return_items_ProductId" ON mabuntle.return_items USING btree ("ProductId");


--
-- TOC entry 5669 (class 1259 OID 64647)
-- Name: IX_return_items_ProductVariantId; Type: INDEX; Schema: mabuntle; Owner: postgres
--

CREATE INDEX "IX_return_items_ProductVariantId" ON mabuntle.return_items USING btree ("ProductVariantId");


--
-- TOC entry 5670 (class 1259 OID 64648)
-- Name: IX_return_items_ReturnRequestId; Type: INDEX; Schema: mabuntle; Owner: postgres
--

CREATE INDEX "IX_return_items_ReturnRequestId" ON mabuntle.return_items USING btree ("ReturnRequestId");


--
-- TOC entry 5673 (class 1259 OID 64649)
-- Name: IX_return_messages_CreatedAtUtc; Type: INDEX; Schema: mabuntle; Owner: postgres
--

CREATE INDEX "IX_return_messages_CreatedAtUtc" ON mabuntle.return_messages USING btree ("CreatedAtUtc");


--
-- TOC entry 5674 (class 1259 OID 64650)
-- Name: IX_return_messages_ReturnRequestId; Type: INDEX; Schema: mabuntle; Owner: postgres
--

CREATE INDEX "IX_return_messages_ReturnRequestId" ON mabuntle.return_messages USING btree ("ReturnRequestId");


--
-- TOC entry 5675 (class 1259 OID 64651)
-- Name: IX_return_messages_SenderUserId; Type: INDEX; Schema: mabuntle; Owner: postgres
--

CREATE INDEX "IX_return_messages_SenderUserId" ON mabuntle.return_messages USING btree ("SenderUserId");


--
-- TOC entry 5659 (class 1259 OID 64652)
-- Name: IX_return_requests_BuyerId; Type: INDEX; Schema: mabuntle; Owner: postgres
--

CREATE INDEX "IX_return_requests_BuyerId" ON mabuntle.return_requests USING btree ("BuyerId");


--
-- TOC entry 5660 (class 1259 OID 64653)
-- Name: IX_return_requests_OrderId; Type: INDEX; Schema: mabuntle; Owner: postgres
--

CREATE INDEX "IX_return_requests_OrderId" ON mabuntle.return_requests USING btree ("OrderId");


--
-- TOC entry 5661 (class 1259 OID 64654)
-- Name: IX_return_requests_Reason; Type: INDEX; Schema: mabuntle; Owner: postgres
--

CREATE INDEX "IX_return_requests_Reason" ON mabuntle.return_requests USING btree ("Reason");


--
-- TOC entry 5662 (class 1259 OID 64655)
-- Name: IX_return_requests_RequestedAtUtc; Type: INDEX; Schema: mabuntle; Owner: postgres
--

CREATE INDEX "IX_return_requests_RequestedAtUtc" ON mabuntle.return_requests USING btree ("RequestedAtUtc");


--
-- TOC entry 5663 (class 1259 OID 64656)
-- Name: IX_return_requests_SellerId; Type: INDEX; Schema: mabuntle; Owner: postgres
--

CREATE INDEX "IX_return_requests_SellerId" ON mabuntle.return_requests USING btree ("SellerId");


--
-- TOC entry 5664 (class 1259 OID 64657)
-- Name: IX_return_requests_Status; Type: INDEX; Schema: mabuntle; Owner: postgres
--

CREATE INDEX "IX_return_requests_Status" ON mabuntle.return_requests USING btree ("Status");


--
-- TOC entry 5881 (class 1259 OID 71985)
-- Name: IX_return_restock_decisions_ProductId; Type: INDEX; Schema: mabuntle; Owner: postgres
--

CREATE INDEX "IX_return_restock_decisions_ProductId" ON mabuntle.return_restock_decisions USING btree ("ProductId");


--
-- TOC entry 5882 (class 1259 OID 71986)
-- Name: IX_return_restock_decisions_ProductVariantId; Type: INDEX; Schema: mabuntle; Owner: postgres
--

CREATE INDEX "IX_return_restock_decisions_ProductVariantId" ON mabuntle.return_restock_decisions USING btree ("ProductVariantId");


--
-- TOC entry 5883 (class 1259 OID 71987)
-- Name: IX_return_restock_decisions_ReturnItemId; Type: INDEX; Schema: mabuntle; Owner: postgres
--

CREATE UNIQUE INDEX "IX_return_restock_decisions_ReturnItemId" ON mabuntle.return_restock_decisions USING btree ("ReturnItemId");


--
-- TOC entry 5884 (class 1259 OID 71988)
-- Name: IX_return_restock_decisions_ReturnRequestId; Type: INDEX; Schema: mabuntle; Owner: postgres
--

CREATE INDEX "IX_return_restock_decisions_ReturnRequestId" ON mabuntle.return_restock_decisions USING btree ("ReturnRequestId");


--
-- TOC entry 5885 (class 1259 OID 71989)
-- Name: IX_return_restock_decisions_SellerId; Type: INDEX; Schema: mabuntle; Owner: postgres
--

CREATE INDEX "IX_return_restock_decisions_SellerId" ON mabuntle.return_restock_decisions USING btree ("SellerId");


--
-- TOC entry 5736 (class 1259 OID 65088)
-- Name: IX_seller_ad_credits_SellerId_Currency; Type: INDEX; Schema: mabuntle; Owner: postgres
--

CREATE UNIQUE INDEX "IX_seller_ad_credits_SellerId_Currency" ON mabuntle.seller_ad_credits USING btree ("SellerId", "Currency");


--
-- TOC entry 5495 (class 1259 OID 63516)
-- Name: IX_seller_addresses_SellerId; Type: INDEX; Schema: mabuntle; Owner: postgres
--

CREATE UNIQUE INDEX "IX_seller_addresses_SellerId" ON mabuntle.seller_addresses USING btree ("SellerId");


--
-- TOC entry 5613 (class 1259 OID 64447)
-- Name: IX_seller_balances_SellerId_Currency; Type: INDEX; Schema: mabuntle; Owner: postgres
--

CREATE UNIQUE INDEX "IX_seller_balances_SellerId_Currency" ON mabuntle.seller_balances USING btree ("SellerId", "Currency");


--
-- TOC entry 5829 (class 1259 OID 71692)
-- Name: IX_seller_delivery_methods_SellerId; Type: INDEX; Schema: mabuntle; Owner: postgres
--

CREATE INDEX "IX_seller_delivery_methods_SellerId" ON mabuntle.seller_delivery_methods USING btree ("SellerId");


--
-- TOC entry 5830 (class 1259 OID 71693)
-- Name: IX_seller_delivery_methods_SellerId_CountryCode_Province; Type: INDEX; Schema: mabuntle; Owner: postgres
--

CREATE INDEX "IX_seller_delivery_methods_SellerId_CountryCode_Province" ON mabuntle.seller_delivery_methods USING btree ("SellerId", "CountryCode", "Province");


--
-- TOC entry 5831 (class 1259 OID 71694)
-- Name: IX_seller_delivery_methods_SellerId_IsActive_DisplayOrder; Type: INDEX; Schema: mabuntle; Owner: postgres
--

CREATE INDEX "IX_seller_delivery_methods_SellerId_IsActive_DisplayOrder" ON mabuntle.seller_delivery_methods USING btree ("SellerId", "IsActive", "DisplayOrder");


--
-- TOC entry 5896 (class 1259 OID 72075)
-- Name: IX_seller_funnel_events_BuyerId; Type: INDEX; Schema: mabuntle; Owner: postgres
--

CREATE INDEX "IX_seller_funnel_events_BuyerId" ON mabuntle.seller_funnel_events USING btree ("BuyerId");


--
-- TOC entry 5897 (class 1259 OID 72076)
-- Name: IX_seller_funnel_events_CartId; Type: INDEX; Schema: mabuntle; Owner: postgres
--

CREATE INDEX "IX_seller_funnel_events_CartId" ON mabuntle.seller_funnel_events USING btree ("CartId");


--
-- TOC entry 5898 (class 1259 OID 72077)
-- Name: IX_seller_funnel_events_OrderId; Type: INDEX; Schema: mabuntle; Owner: postgres
--

CREATE INDEX "IX_seller_funnel_events_OrderId" ON mabuntle.seller_funnel_events USING btree ("OrderId");


--
-- TOC entry 5899 (class 1259 OID 72078)
-- Name: IX_seller_funnel_events_ProductId; Type: INDEX; Schema: mabuntle; Owner: postgres
--

CREATE INDEX "IX_seller_funnel_events_ProductId" ON mabuntle.seller_funnel_events USING btree ("ProductId");


--
-- TOC entry 5900 (class 1259 OID 72079)
-- Name: IX_seller_funnel_events_SellerId_EventType_IdempotencyKey; Type: INDEX; Schema: mabuntle; Owner: postgres
--

CREATE UNIQUE INDEX "IX_seller_funnel_events_SellerId_EventType_IdempotencyKey" ON mabuntle.seller_funnel_events USING btree ("SellerId", "EventType", "IdempotencyKey") WHERE ("IdempotencyKey" IS NOT NULL);


--
-- TOC entry 5901 (class 1259 OID 72080)
-- Name: IX_seller_funnel_events_SellerId_EventType_OccurredAtUtc; Type: INDEX; Schema: mabuntle; Owner: postgres
--

CREATE INDEX "IX_seller_funnel_events_SellerId_EventType_OccurredAtUtc" ON mabuntle.seller_funnel_events USING btree ("SellerId", "EventType", "OccurredAtUtc");


--
-- TOC entry 5902 (class 1259 OID 72081)
-- Name: IX_seller_funnel_events_SellerId_ProductId_EventType_OccurredA~; Type: INDEX; Schema: mabuntle; Owner: postgres
--

CREATE INDEX "IX_seller_funnel_events_SellerId_ProductId_EventType_OccurredA~" ON mabuntle.seller_funnel_events USING btree ("SellerId", "ProductId", "EventType", "OccurredAtUtc");


--
-- TOC entry 5903 (class 1259 OID 72082)
-- Name: IX_seller_funnel_events_SellerId_SourceCategory_OccurredAtUtc; Type: INDEX; Schema: mabuntle; Owner: postgres
--

CREATE INDEX "IX_seller_funnel_events_SellerId_SourceCategory_OccurredAtUtc" ON mabuntle.seller_funnel_events USING btree ("SellerId", "SourceCategory", "OccurredAtUtc");


--
-- TOC entry 5870 (class 1259 OID 71890)
-- Name: IX_seller_notification_preferences_SellerId_Category; Type: INDEX; Schema: mabuntle; Owner: postgres
--

CREATE UNIQUE INDEX "IX_seller_notification_preferences_SellerId_Category" ON mabuntle.seller_notification_preferences USING btree ("SellerId", "Category");


--
-- TOC entry 5769 (class 1259 OID 65139)
-- Name: IX_seller_payout_adjustments_CreatedAtUtc; Type: INDEX; Schema: mabuntle; Owner: postgres
--

CREATE INDEX "IX_seller_payout_adjustments_CreatedAtUtc" ON mabuntle.seller_payout_adjustments USING btree ("CreatedAtUtc");


--
-- TOC entry 5770 (class 1259 OID 65140)
-- Name: IX_seller_payout_adjustments_RefundId; Type: INDEX; Schema: mabuntle; Owner: postgres
--

CREATE INDEX "IX_seller_payout_adjustments_RefundId" ON mabuntle.seller_payout_adjustments USING btree ("RefundId");


--
-- TOC entry 5771 (class 1259 OID 65141)
-- Name: IX_seller_payout_adjustments_RefundLedgerEntryId; Type: INDEX; Schema: mabuntle; Owner: postgres
--

CREATE INDEX "IX_seller_payout_adjustments_RefundLedgerEntryId" ON mabuntle.seller_payout_adjustments USING btree ("RefundLedgerEntryId");


--
-- TOC entry 5772 (class 1259 OID 65142)
-- Name: IX_seller_payout_adjustments_SellerPayoutId; Type: INDEX; Schema: mabuntle; Owner: postgres
--

CREATE INDEX "IX_seller_payout_adjustments_SellerPayoutId" ON mabuntle.seller_payout_adjustments USING btree ("SellerPayoutId");


--
-- TOC entry 5773 (class 1259 OID 65143)
-- Name: IX_seller_payout_adjustments_SellerPayoutItemId; Type: INDEX; Schema: mabuntle; Owner: postgres
--

CREATE INDEX "IX_seller_payout_adjustments_SellerPayoutItemId" ON mabuntle.seller_payout_adjustments USING btree ("SellerPayoutItemId");


--
-- TOC entry 5635 (class 1259 OID 64498)
-- Name: IX_seller_payout_items_LedgerEntryId; Type: INDEX; Schema: mabuntle; Owner: postgres
--

CREATE UNIQUE INDEX "IX_seller_payout_items_LedgerEntryId" ON mabuntle.seller_payout_items USING btree ("LedgerEntryId");


--
-- TOC entry 5636 (class 1259 OID 64499)
-- Name: IX_seller_payout_items_OrderId; Type: INDEX; Schema: mabuntle; Owner: postgres
--

CREATE INDEX "IX_seller_payout_items_OrderId" ON mabuntle.seller_payout_items USING btree ("OrderId");


--
-- TOC entry 5637 (class 1259 OID 64500)
-- Name: IX_seller_payout_items_PaymentId; Type: INDEX; Schema: mabuntle; Owner: postgres
--

CREATE INDEX "IX_seller_payout_items_PaymentId" ON mabuntle.seller_payout_items USING btree ("PaymentId");


--
-- TOC entry 5638 (class 1259 OID 64501)
-- Name: IX_seller_payout_items_SellerPayoutId; Type: INDEX; Schema: mabuntle; Owner: postgres
--

CREATE INDEX "IX_seller_payout_items_SellerPayoutId" ON mabuntle.seller_payout_items USING btree ("SellerPayoutId");


--
-- TOC entry 5838 (class 1259 OID 71743)
-- Name: IX_seller_payout_profile_change_requests_SellerId; Type: INDEX; Schema: mabuntle; Owner: postgres
--

CREATE UNIQUE INDEX "IX_seller_payout_profile_change_requests_SellerId" ON mabuntle.seller_payout_profile_change_requests USING btree ("SellerId") WHERE (("Status")::text = ANY ((ARRAY['Draft'::character varying, 'PendingReview'::character varying])::text[]));


--
-- TOC entry 5498 (class 1259 OID 63517)
-- Name: IX_seller_payout_profiles_SellerId; Type: INDEX; Schema: mabuntle; Owner: postgres
--

CREATE UNIQUE INDEX "IX_seller_payout_profiles_SellerId" ON mabuntle.seller_payout_profiles USING btree ("SellerId");


--
-- TOC entry 5630 (class 1259 OID 64502)
-- Name: IX_seller_payouts_CreatedAtUtc; Type: INDEX; Schema: mabuntle; Owner: postgres
--

CREATE INDEX "IX_seller_payouts_CreatedAtUtc" ON mabuntle.seller_payouts USING btree ("CreatedAtUtc");


--
-- TOC entry 5631 (class 1259 OID 64503)
-- Name: IX_seller_payouts_SellerId; Type: INDEX; Schema: mabuntle; Owner: postgres
--

CREATE INDEX "IX_seller_payouts_SellerId" ON mabuntle.seller_payouts USING btree ("SellerId");


--
-- TOC entry 5632 (class 1259 OID 64504)
-- Name: IX_seller_payouts_Status; Type: INDEX; Schema: mabuntle; Owner: postgres
--

CREATE INDEX "IX_seller_payouts_Status" ON mabuntle.seller_payouts USING btree ("Status");


--
-- TOC entry 5473 (class 1259 OID 63428)
-- Name: IX_seller_profiles_UserId; Type: INDEX; Schema: mabuntle; Owner: postgres
--

CREATE UNIQUE INDEX "IX_seller_profiles_UserId" ON mabuntle.seller_profiles USING btree ("UserId");


--
-- TOC entry 5892 (class 1259 OID 72035)
-- Name: IX_seller_report_schedule_runs_SellerId; Type: INDEX; Schema: mabuntle; Owner: postgres
--

CREATE INDEX "IX_seller_report_schedule_runs_SellerId" ON mabuntle.seller_report_schedule_runs USING btree ("SellerId");


--
-- TOC entry 5893 (class 1259 OID 72036)
-- Name: IX_seller_report_schedule_runs_SellerReportScheduleId_ReportPe~; Type: INDEX; Schema: mabuntle; Owner: postgres
--

CREATE UNIQUE INDEX "IX_seller_report_schedule_runs_SellerReportScheduleId_ReportPe~" ON mabuntle.seller_report_schedule_runs USING btree ("SellerReportScheduleId", "ReportPeriodStartUtc", "ReportPeriodEndUtc");


--
-- TOC entry 5888 (class 1259 OID 72037)
-- Name: IX_seller_report_schedules_NextRunAtUtc; Type: INDEX; Schema: mabuntle; Owner: postgres
--

CREATE INDEX "IX_seller_report_schedules_NextRunAtUtc" ON mabuntle.seller_report_schedules USING btree ("NextRunAtUtc");


--
-- TOC entry 5889 (class 1259 OID 72038)
-- Name: IX_seller_report_schedules_SellerId; Type: INDEX; Schema: mabuntle; Owner: postgres
--

CREATE UNIQUE INDEX "IX_seller_report_schedules_SellerId" ON mabuntle.seller_report_schedules USING btree ("SellerId");


--
-- TOC entry 5873 (class 1259 OID 71907)
-- Name: IX_seller_store_policies_SellerId; Type: INDEX; Schema: mabuntle; Owner: postgres
--

CREATE UNIQUE INDEX "IX_seller_store_policies_SellerId" ON mabuntle.seller_store_policies USING btree ("SellerId");


--
-- TOC entry 5501 (class 1259 OID 63518)
-- Name: IX_seller_storefronts_SellerId; Type: INDEX; Schema: mabuntle; Owner: postgres
--

CREATE UNIQUE INDEX "IX_seller_storefronts_SellerId" ON mabuntle.seller_storefronts USING btree ("SellerId");


--
-- TOC entry 5502 (class 1259 OID 63519)
-- Name: IX_seller_storefronts_Slug; Type: INDEX; Schema: mabuntle; Owner: postgres
--

CREATE UNIQUE INDEX "IX_seller_storefronts_Slug" ON mabuntle.seller_storefronts USING btree ("Slug");


--
-- TOC entry 5876 (class 1259 OID 71933)
-- Name: IX_seller_verification_evidence_RemovedAtUtc; Type: INDEX; Schema: mabuntle; Owner: postgres
--

CREATE INDEX "IX_seller_verification_evidence_RemovedAtUtc" ON mabuntle.seller_verification_evidence USING btree ("RemovedAtUtc");


--
-- TOC entry 5877 (class 1259 OID 71934)
-- Name: IX_seller_verification_evidence_SellerId; Type: INDEX; Schema: mabuntle; Owner: postgres
--

CREATE INDEX "IX_seller_verification_evidence_SellerId" ON mabuntle.seller_verification_evidence USING btree ("SellerId");


--
-- TOC entry 5878 (class 1259 OID 71935)
-- Name: IX_seller_verification_evidence_SellerId_EvidenceType; Type: INDEX; Schema: mabuntle; Owner: postgres
--

CREATE INDEX "IX_seller_verification_evidence_SellerId_EvidenceType" ON mabuntle.seller_verification_evidence USING btree ("SellerId", "EvidenceType");


--
-- TOC entry 5505 (class 1259 OID 63520)
-- Name: IX_seller_verifications_SellerId; Type: INDEX; Schema: mabuntle; Owner: postgres
--

CREATE INDEX "IX_seller_verifications_SellerId" ON mabuntle.seller_verifications USING btree ("SellerId");


--
-- TOC entry 5653 (class 1259 OID 64551)
-- Name: IX_shipment_events_EventType; Type: INDEX; Schema: mabuntle; Owner: postgres
--

CREATE INDEX "IX_shipment_events_EventType" ON mabuntle.shipment_events USING btree ("EventType");


--
-- TOC entry 5654 (class 1259 OID 64552)
-- Name: IX_shipment_events_OccurredAtUtc; Type: INDEX; Schema: mabuntle; Owner: postgres
--

CREATE INDEX "IX_shipment_events_OccurredAtUtc" ON mabuntle.shipment_events USING btree ("OccurredAtUtc");


--
-- TOC entry 5655 (class 1259 OID 64553)
-- Name: IX_shipment_events_ShipmentId; Type: INDEX; Schema: mabuntle; Owner: postgres
--

CREATE INDEX "IX_shipment_events_ShipmentId" ON mabuntle.shipment_events USING btree ("ShipmentId");


--
-- TOC entry 5656 (class 1259 OID 64554)
-- Name: IX_shipment_events_Status; Type: INDEX; Schema: mabuntle; Owner: postgres
--

CREATE INDEX "IX_shipment_events_Status" ON mabuntle.shipment_events USING btree ("Status");


--
-- TOC entry 5641 (class 1259 OID 64555)
-- Name: IX_shipments_BuyerId; Type: INDEX; Schema: mabuntle; Owner: postgres
--

CREATE INDEX "IX_shipments_BuyerId" ON mabuntle.shipments USING btree ("BuyerId");


--
-- TOC entry 5642 (class 1259 OID 71744)
-- Name: IX_shipments_CarrierBookingStatus; Type: INDEX; Schema: mabuntle; Owner: postgres
--

CREATE INDEX "IX_shipments_CarrierBookingStatus" ON mabuntle.shipments USING btree ("CarrierBookingStatus");


--
-- TOC entry 5643 (class 1259 OID 64556)
-- Name: IX_shipments_CreatedAtUtc; Type: INDEX; Schema: mabuntle; Owner: postgres
--

CREATE INDEX "IX_shipments_CreatedAtUtc" ON mabuntle.shipments USING btree ("CreatedAtUtc");


--
-- TOC entry 5644 (class 1259 OID 64557)
-- Name: IX_shipments_OrderId; Type: INDEX; Schema: mabuntle; Owner: postgres
--

CREATE INDEX "IX_shipments_OrderId" ON mabuntle.shipments USING btree ("OrderId");


--
-- TOC entry 5645 (class 1259 OID 71745)
-- Name: IX_shipments_ProviderLastSyncedAtUtc; Type: INDEX; Schema: mabuntle; Owner: postgres
--

CREATE INDEX "IX_shipments_ProviderLastSyncedAtUtc" ON mabuntle.shipments USING btree ("ProviderLastSyncedAtUtc");


--
-- TOC entry 5646 (class 1259 OID 71746)
-- Name: IX_shipments_ProviderShipmentReference; Type: INDEX; Schema: mabuntle; Owner: postgres
--

CREATE INDEX "IX_shipments_ProviderShipmentReference" ON mabuntle.shipments USING btree ("ProviderShipmentReference");


--
-- TOC entry 5647 (class 1259 OID 71747)
-- Name: IX_shipments_ProviderStatus; Type: INDEX; Schema: mabuntle; Owner: postgres
--

CREATE INDEX "IX_shipments_ProviderStatus" ON mabuntle.shipments USING btree ("ProviderStatus");


--
-- TOC entry 5648 (class 1259 OID 64558)
-- Name: IX_shipments_SellerId; Type: INDEX; Schema: mabuntle; Owner: postgres
--

CREATE INDEX "IX_shipments_SellerId" ON mabuntle.shipments USING btree ("SellerId");


--
-- TOC entry 5649 (class 1259 OID 64559)
-- Name: IX_shipments_Status; Type: INDEX; Schema: mabuntle; Owner: postgres
--

CREATE INDEX "IX_shipments_Status" ON mabuntle.shipments USING btree ("Status");


--
-- TOC entry 5650 (class 1259 OID 64560)
-- Name: IX_shipments_TrackingNumber; Type: INDEX; Schema: mabuntle; Owner: postgres
--

CREATE INDEX "IX_shipments_TrackingNumber" ON mabuntle.shipments USING btree ("TrackingNumber");


--
-- TOC entry 5724 (class 1259 OID 64885)
-- Name: IX_support_messages_CreatedAtUtc; Type: INDEX; Schema: mabuntle; Owner: postgres
--

CREATE INDEX "IX_support_messages_CreatedAtUtc" ON mabuntle.support_messages USING btree ("CreatedAtUtc");


--
-- TOC entry 5725 (class 1259 OID 64886)
-- Name: IX_support_messages_IsInternal; Type: INDEX; Schema: mabuntle; Owner: postgres
--

CREATE INDEX "IX_support_messages_IsInternal" ON mabuntle.support_messages USING btree ("IsInternal");


--
-- TOC entry 5726 (class 1259 OID 64887)
-- Name: IX_support_messages_SenderUserId; Type: INDEX; Schema: mabuntle; Owner: postgres
--

CREATE INDEX "IX_support_messages_SenderUserId" ON mabuntle.support_messages USING btree ("SenderUserId");


--
-- TOC entry 5727 (class 1259 OID 64888)
-- Name: IX_support_messages_SupportTicketId; Type: INDEX; Schema: mabuntle; Owner: postgres
--

CREATE INDEX "IX_support_messages_SupportTicketId" ON mabuntle.support_messages USING btree ("SupportTicketId");


--
-- TOC entry 5712 (class 1259 OID 64889)
-- Name: IX_support_tickets_BuyerId; Type: INDEX; Schema: mabuntle; Owner: postgres
--

CREATE INDEX "IX_support_tickets_BuyerId" ON mabuntle.support_tickets USING btree ("BuyerId");


--
-- TOC entry 5713 (class 1259 OID 64890)
-- Name: IX_support_tickets_Category; Type: INDEX; Schema: mabuntle; Owner: postgres
--

CREATE INDEX "IX_support_tickets_Category" ON mabuntle.support_tickets USING btree ("Category");


--
-- TOC entry 5714 (class 1259 OID 64891)
-- Name: IX_support_tickets_CreatedByUserId; Type: INDEX; Schema: mabuntle; Owner: postgres
--

CREATE INDEX "IX_support_tickets_CreatedByUserId" ON mabuntle.support_tickets USING btree ("CreatedByUserId");


--
-- TOC entry 5715 (class 1259 OID 64892)
-- Name: IX_support_tickets_LinkedOrderId; Type: INDEX; Schema: mabuntle; Owner: postgres
--

CREATE INDEX "IX_support_tickets_LinkedOrderId" ON mabuntle.support_tickets USING btree ("LinkedOrderId");


--
-- TOC entry 5716 (class 1259 OID 64893)
-- Name: IX_support_tickets_LinkedPaymentId; Type: INDEX; Schema: mabuntle; Owner: postgres
--

CREATE INDEX "IX_support_tickets_LinkedPaymentId" ON mabuntle.support_tickets USING btree ("LinkedPaymentId");


--
-- TOC entry 5717 (class 1259 OID 64894)
-- Name: IX_support_tickets_LinkedProductId; Type: INDEX; Schema: mabuntle; Owner: postgres
--

CREATE INDEX "IX_support_tickets_LinkedProductId" ON mabuntle.support_tickets USING btree ("LinkedProductId");


--
-- TOC entry 5718 (class 1259 OID 64895)
-- Name: IX_support_tickets_LinkedSellerId; Type: INDEX; Schema: mabuntle; Owner: postgres
--

CREATE INDEX "IX_support_tickets_LinkedSellerId" ON mabuntle.support_tickets USING btree ("LinkedSellerId");


--
-- TOC entry 5719 (class 1259 OID 64896)
-- Name: IX_support_tickets_OpenedAtUtc; Type: INDEX; Schema: mabuntle; Owner: postgres
--

CREATE INDEX "IX_support_tickets_OpenedAtUtc" ON mabuntle.support_tickets USING btree ("OpenedAtUtc");


--
-- TOC entry 5720 (class 1259 OID 64897)
-- Name: IX_support_tickets_SellerId; Type: INDEX; Schema: mabuntle; Owner: postgres
--

CREATE INDEX "IX_support_tickets_SellerId" ON mabuntle.support_tickets USING btree ("SellerId");


--
-- TOC entry 5721 (class 1259 OID 64898)
-- Name: IX_support_tickets_Status; Type: INDEX; Schema: mabuntle; Owner: postgres
--

CREATE INDEX "IX_support_tickets_Status" ON mabuntle.support_tickets USING btree ("Status");


--
-- TOC entry 5465 (class 1259 OID 63419)
-- Name: RoleNameIndex; Type: INDEX; Schema: mabuntle; Owner: postgres
--

CREATE UNIQUE INDEX "RoleNameIndex" ON mabuntle."AspNetRoles" USING btree ("NormalizedName");


--
-- TOC entry 5469 (class 1259 OID 63424)
-- Name: UserNameIndex; Type: INDEX; Schema: mabuntle; Owner: postgres
--

CREATE UNIQUE INDEX "UserNameIndex" ON mabuntle."AspNetUsers" USING btree ("NormalizedUserName");


--
-- TOC entry 5922 (class 2606 OID 63336)
-- Name: AspNetRoleClaims FK_AspNetRoleClaims_AspNetRoles_RoleId; Type: FK CONSTRAINT; Schema: mabuntle; Owner: postgres
--

ALTER TABLE ONLY mabuntle."AspNetRoleClaims"
    ADD CONSTRAINT "FK_AspNetRoleClaims_AspNetRoles_RoleId" FOREIGN KEY ("RoleId") REFERENCES mabuntle."AspNetRoles"("Id") ON DELETE CASCADE;


--
-- TOC entry 5923 (class 2606 OID 63351)
-- Name: AspNetUserClaims FK_AspNetUserClaims_AspNetUsers_UserId; Type: FK CONSTRAINT; Schema: mabuntle; Owner: postgres
--

ALTER TABLE ONLY mabuntle."AspNetUserClaims"
    ADD CONSTRAINT "FK_AspNetUserClaims_AspNetUsers_UserId" FOREIGN KEY ("UserId") REFERENCES mabuntle."AspNetUsers"("Id") ON DELETE CASCADE;


--
-- TOC entry 5924 (class 2606 OID 63366)
-- Name: AspNetUserLogins FK_AspNetUserLogins_AspNetUsers_UserId; Type: FK CONSTRAINT; Schema: mabuntle; Owner: postgres
--

ALTER TABLE ONLY mabuntle."AspNetUserLogins"
    ADD CONSTRAINT "FK_AspNetUserLogins_AspNetUsers_UserId" FOREIGN KEY ("UserId") REFERENCES mabuntle."AspNetUsers"("Id") ON DELETE CASCADE;


--
-- TOC entry 5925 (class 2606 OID 63378)
-- Name: AspNetUserRoles FK_AspNetUserRoles_AspNetRoles_RoleId; Type: FK CONSTRAINT; Schema: mabuntle; Owner: postgres
--

ALTER TABLE ONLY mabuntle."AspNetUserRoles"
    ADD CONSTRAINT "FK_AspNetUserRoles_AspNetRoles_RoleId" FOREIGN KEY ("RoleId") REFERENCES mabuntle."AspNetRoles"("Id") ON DELETE CASCADE;


--
-- TOC entry 5926 (class 2606 OID 63383)
-- Name: AspNetUserRoles FK_AspNetUserRoles_AspNetUsers_UserId; Type: FK CONSTRAINT; Schema: mabuntle; Owner: postgres
--

ALTER TABLE ONLY mabuntle."AspNetUserRoles"
    ADD CONSTRAINT "FK_AspNetUserRoles_AspNetUsers_UserId" FOREIGN KEY ("UserId") REFERENCES mabuntle."AspNetUsers"("Id") ON DELETE CASCADE;


--
-- TOC entry 5927 (class 2606 OID 63398)
-- Name: AspNetUserTokens FK_AspNetUserTokens_AspNetUsers_UserId; Type: FK CONSTRAINT; Schema: mabuntle; Owner: postgres
--

ALTER TABLE ONLY mabuntle."AspNetUserTokens"
    ADD CONSTRAINT "FK_AspNetUserTokens_AspNetUsers_UserId" FOREIGN KEY ("UserId") REFERENCES mabuntle."AspNetUsers"("Id") ON DELETE CASCADE;


--
-- TOC entry 6010 (class 2606 OID 64950)
-- Name: ad_budgets FK_ad_budgets_ad_campaigns_AdCampaignId; Type: FK CONSTRAINT; Schema: mabuntle; Owner: postgres
--

ALTER TABLE ONLY mabuntle.ad_budgets
    ADD CONSTRAINT "FK_ad_budgets_ad_campaigns_AdCampaignId" FOREIGN KEY ("AdCampaignId") REFERENCES mabuntle.ad_campaigns("Id") ON DELETE CASCADE;


--
-- TOC entry 6011 (class 2606 OID 64964)
-- Name: ad_campaign_products FK_ad_campaign_products_ad_campaigns_AdCampaignId; Type: FK CONSTRAINT; Schema: mabuntle; Owner: postgres
--

ALTER TABLE ONLY mabuntle.ad_campaign_products
    ADD CONSTRAINT "FK_ad_campaign_products_ad_campaigns_AdCampaignId" FOREIGN KEY ("AdCampaignId") REFERENCES mabuntle.ad_campaigns("Id") ON DELETE CASCADE;


--
-- TOC entry 6012 (class 2606 OID 64969)
-- Name: ad_campaign_products FK_ad_campaign_products_products_ProductId; Type: FK CONSTRAINT; Schema: mabuntle; Owner: postgres
--

ALTER TABLE ONLY mabuntle.ad_campaign_products
    ADD CONSTRAINT "FK_ad_campaign_products_products_ProductId" FOREIGN KEY ("ProductId") REFERENCES mabuntle.products("Id") ON DELETE RESTRICT;


--
-- TOC entry 6008 (class 2606 OID 64915)
-- Name: ad_campaigns FK_ad_campaigns_seller_profiles_SellerId; Type: FK CONSTRAINT; Schema: mabuntle; Owner: postgres
--

ALTER TABLE ONLY mabuntle.ad_campaigns
    ADD CONSTRAINT "FK_ad_campaigns_seller_profiles_SellerId" FOREIGN KEY ("SellerId") REFERENCES mabuntle.seller_profiles("Id") ON DELETE RESTRICT;


--
-- TOC entry 6018 (class 2606 OID 65029)
-- Name: ad_charges FK_ad_charges_ad_campaigns_AdCampaignId; Type: FK CONSTRAINT; Schema: mabuntle; Owner: postgres
--

ALTER TABLE ONLY mabuntle.ad_charges
    ADD CONSTRAINT "FK_ad_charges_ad_campaigns_AdCampaignId" FOREIGN KEY ("AdCampaignId") REFERENCES mabuntle.ad_campaigns("Id") ON DELETE CASCADE;


--
-- TOC entry 6019 (class 2606 OID 65034)
-- Name: ad_charges FK_ad_charges_ad_clicks_AdClickId; Type: FK CONSTRAINT; Schema: mabuntle; Owner: postgres
--

ALTER TABLE ONLY mabuntle.ad_charges
    ADD CONSTRAINT "FK_ad_charges_ad_clicks_AdClickId" FOREIGN KEY ("AdClickId") REFERENCES mabuntle.ad_clicks("Id") ON DELETE RESTRICT;


--
-- TOC entry 6013 (class 2606 OID 64983)
-- Name: ad_clicks FK_ad_clicks_ad_campaigns_AdCampaignId; Type: FK CONSTRAINT; Schema: mabuntle; Owner: postgres
--

ALTER TABLE ONLY mabuntle.ad_clicks
    ADD CONSTRAINT "FK_ad_clicks_ad_campaigns_AdCampaignId" FOREIGN KEY ("AdCampaignId") REFERENCES mabuntle.ad_campaigns("Id") ON DELETE CASCADE;


--
-- TOC entry 6014 (class 2606 OID 64988)
-- Name: ad_clicks FK_ad_clicks_buyer_profiles_BuyerId; Type: FK CONSTRAINT; Schema: mabuntle; Owner: postgres
--

ALTER TABLE ONLY mabuntle.ad_clicks
    ADD CONSTRAINT "FK_ad_clicks_buyer_profiles_BuyerId" FOREIGN KEY ("BuyerId") REFERENCES mabuntle.buyer_profiles("Id") ON DELETE RESTRICT;


--
-- TOC entry 6015 (class 2606 OID 64993)
-- Name: ad_clicks FK_ad_clicks_products_ProductId; Type: FK CONSTRAINT; Schema: mabuntle; Owner: postgres
--

ALTER TABLE ONLY mabuntle.ad_clicks
    ADD CONSTRAINT "FK_ad_clicks_products_ProductId" FOREIGN KEY ("ProductId") REFERENCES mabuntle.products("Id") ON DELETE RESTRICT;


--
-- TOC entry 6020 (class 2606 OID 65051)
-- Name: ad_conversions FK_ad_conversions_ad_campaigns_AdCampaignId; Type: FK CONSTRAINT; Schema: mabuntle; Owner: postgres
--

ALTER TABLE ONLY mabuntle.ad_conversions
    ADD CONSTRAINT "FK_ad_conversions_ad_campaigns_AdCampaignId" FOREIGN KEY ("AdCampaignId") REFERENCES mabuntle.ad_campaigns("Id") ON DELETE CASCADE;


--
-- TOC entry 6021 (class 2606 OID 65056)
-- Name: ad_conversions FK_ad_conversions_ad_clicks_AdClickId; Type: FK CONSTRAINT; Schema: mabuntle; Owner: postgres
--

ALTER TABLE ONLY mabuntle.ad_conversions
    ADD CONSTRAINT "FK_ad_conversions_ad_clicks_AdClickId" FOREIGN KEY ("AdClickId") REFERENCES mabuntle.ad_clicks("Id") ON DELETE RESTRICT;


--
-- TOC entry 6022 (class 2606 OID 65061)
-- Name: ad_conversions FK_ad_conversions_orders_OrderId; Type: FK CONSTRAINT; Schema: mabuntle; Owner: postgres
--

ALTER TABLE ONLY mabuntle.ad_conversions
    ADD CONSTRAINT "FK_ad_conversions_orders_OrderId" FOREIGN KEY ("OrderId") REFERENCES mabuntle.orders("Id") ON DELETE RESTRICT;


--
-- TOC entry 6016 (class 2606 OID 65008)
-- Name: ad_impressions FK_ad_impressions_ad_campaigns_AdCampaignId; Type: FK CONSTRAINT; Schema: mabuntle; Owner: postgres
--

ALTER TABLE ONLY mabuntle.ad_impressions
    ADD CONSTRAINT "FK_ad_impressions_ad_campaigns_AdCampaignId" FOREIGN KEY ("AdCampaignId") REFERENCES mabuntle.ad_campaigns("Id") ON DELETE CASCADE;


--
-- TOC entry 6017 (class 2606 OID 65013)
-- Name: ad_impressions FK_ad_impressions_products_ProductId; Type: FK CONSTRAINT; Schema: mabuntle; Owner: postgres
--

ALTER TABLE ONLY mabuntle.ad_impressions
    ADD CONSTRAINT "FK_ad_impressions_products_ProductId" FOREIGN KEY ("ProductId") REFERENCES mabuntle.products("Id") ON DELETE RESTRICT;


--
-- TOC entry 6075 (class 2606 OID 72145)
-- Name: admin_queue_saved_views FK_admin_queue_saved_views_AspNetUsers_AdminUserId; Type: FK CONSTRAINT; Schema: mabuntle; Owner: postgres
--

ALTER TABLE ONLY mabuntle.admin_queue_saved_views
    ADD CONSTRAINT "FK_admin_queue_saved_views_AspNetUsers_AdminUserId" FOREIGN KEY ("AdminUserId") REFERENCES mabuntle."AspNetUsers"("Id") ON DELETE CASCADE;


--
-- TOC entry 6072 (class 2606 OID 72097)
-- Name: admin_queue_triage FK_admin_queue_triage_AspNetUsers_AssignedToUserId; Type: FK CONSTRAINT; Schema: mabuntle; Owner: postgres
--

ALTER TABLE ONLY mabuntle.admin_queue_triage
    ADD CONSTRAINT "FK_admin_queue_triage_AspNetUsers_AssignedToUserId" FOREIGN KEY ("AssignedToUserId") REFERENCES mabuntle."AspNetUsers"("Id") ON DELETE SET NULL;


--
-- TOC entry 6073 (class 2606 OID 72114)
-- Name: admin_queue_triage_notes FK_admin_queue_triage_notes_AspNetUsers_ActorUserId; Type: FK CONSTRAINT; Schema: mabuntle; Owner: postgres
--

ALTER TABLE ONLY mabuntle.admin_queue_triage_notes
    ADD CONSTRAINT "FK_admin_queue_triage_notes_AspNetUsers_ActorUserId" FOREIGN KEY ("ActorUserId") REFERENCES mabuntle."AspNetUsers"("Id") ON DELETE RESTRICT;


--
-- TOC entry 6074 (class 2606 OID 72119)
-- Name: admin_queue_triage_notes FK_admin_queue_triage_notes_admin_queue_triage_TriageId; Type: FK CONSTRAINT; Schema: mabuntle; Owner: postgres
--

ALTER TABLE ONLY mabuntle.admin_queue_triage_notes
    ADD CONSTRAINT "FK_admin_queue_triage_notes_admin_queue_triage_TriageId" FOREIGN KEY ("TriageId") REFERENCES mabuntle.admin_queue_triage("Id") ON DELETE CASCADE;


--
-- TOC entry 5945 (class 2606 OID 63772)
-- Name: ai_moderation_results FK_ai_moderation_results_products_ProductId; Type: FK CONSTRAINT; Schema: mabuntle; Owner: postgres
--

ALTER TABLE ONLY mabuntle.ai_moderation_results
    ADD CONSTRAINT "FK_ai_moderation_results_products_ProductId" FOREIGN KEY ("ProductId") REFERENCES mabuntle.products("Id") ON DELETE CASCADE;


--
-- TOC entry 5946 (class 2606 OID 63777)
-- Name: ai_moderation_results FK_ai_moderation_results_seller_profiles_SellerId; Type: FK CONSTRAINT; Schema: mabuntle; Owner: postgres
--

ALTER TABLE ONLY mabuntle.ai_moderation_results
    ADD CONSTRAINT "FK_ai_moderation_results_seller_profiles_SellerId" FOREIGN KEY ("SellerId") REFERENCES mabuntle.seller_profiles("Id") ON DELETE RESTRICT;


--
-- TOC entry 5941 (class 2606 OID 63682)
-- Name: ai_product_suggestions FK_ai_product_suggestions_products_ProductId; Type: FK CONSTRAINT; Schema: mabuntle; Owner: postgres
--

ALTER TABLE ONLY mabuntle.ai_product_suggestions
    ADD CONSTRAINT "FK_ai_product_suggestions_products_ProductId" FOREIGN KEY ("ProductId") REFERENCES mabuntle.products("Id") ON DELETE RESTRICT;


--
-- TOC entry 5942 (class 2606 OID 63687)
-- Name: ai_product_suggestions FK_ai_product_suggestions_seller_profiles_SellerId; Type: FK CONSTRAINT; Schema: mabuntle; Owner: postgres
--

ALTER TABLE ONLY mabuntle.ai_product_suggestions
    ADD CONSTRAINT "FK_ai_product_suggestions_seller_profiles_SellerId" FOREIGN KEY ("SellerId") REFERENCES mabuntle.seller_profiles("Id") ON DELETE RESTRICT;


--
-- TOC entry 5944 (class 2606 OID 63737)
-- Name: ai_suggestion_field_audits FK_ai_suggestion_field_audits_ai_product_suggestions_Suggestio~; Type: FK CONSTRAINT; Schema: mabuntle; Owner: postgres
--

ALTER TABLE ONLY mabuntle.ai_suggestion_field_audits
    ADD CONSTRAINT "FK_ai_suggestion_field_audits_ai_product_suggestions_Suggestio~" FOREIGN KEY ("SuggestionId") REFERENCES mabuntle.ai_product_suggestions("Id") ON DELETE CASCADE;


--
-- TOC entry 5943 (class 2606 OID 63719)
-- Name: ai_usage_logs FK_ai_usage_logs_seller_profiles_SellerId; Type: FK CONSTRAINT; Schema: mabuntle; Owner: postgres
--

ALTER TABLE ONLY mabuntle.ai_usage_logs
    ADD CONSTRAINT "FK_ai_usage_logs_seller_profiles_SellerId" FOREIGN KEY ("SellerId") REFERENCES mabuntle.seller_profiles("Id") ON DELETE SET NULL;


--
-- TOC entry 6041 (class 2606 OID 71581)
-- Name: buyer_delivery_addresses FK_buyer_delivery_addresses_buyer_profiles_BuyerId; Type: FK CONSTRAINT; Schema: mabuntle; Owner: postgres
--

ALTER TABLE ONLY mabuntle.buyer_delivery_addresses
    ADD CONSTRAINT "FK_buyer_delivery_addresses_buyer_profiles_BuyerId" FOREIGN KEY ("BuyerId") REFERENCES mabuntle.buyer_profiles("Id") ON DELETE CASCADE;


--
-- TOC entry 6040 (class 2606 OID 71553)
-- Name: buyer_notification_preferences FK_buyer_notification_preferences_buyer_profiles_BuyerId; Type: FK CONSTRAINT; Schema: mabuntle; Owner: postgres
--

ALTER TABLE ONLY mabuntle.buyer_notification_preferences
    ADD CONSTRAINT "FK_buyer_notification_preferences_buyer_profiles_BuyerId" FOREIGN KEY ("BuyerId") REFERENCES mabuntle.buyer_profiles("Id") ON DELETE CASCADE;


--
-- TOC entry 5920 (class 2606 OID 63429)
-- Name: buyer_profiles FK_buyer_profiles_AspNetUsers_UserId; Type: FK CONSTRAINT; Schema: mabuntle; Owner: postgres
--

ALTER TABLE ONLY mabuntle.buyer_profiles
    ADD CONSTRAINT "FK_buyer_profiles_AspNetUsers_UserId" FOREIGN KEY ("UserId") REFERENCES mabuntle."AspNetUsers"("Id") ON DELETE CASCADE;


--
-- TOC entry 6027 (class 2606 OID 65153)
-- Name: buyer_wishlist_items FK_buyer_wishlist_items_buyer_profiles_BuyerId; Type: FK CONSTRAINT; Schema: mabuntle; Owner: postgres
--

ALTER TABLE ONLY mabuntle.buyer_wishlist_items
    ADD CONSTRAINT "FK_buyer_wishlist_items_buyer_profiles_BuyerId" FOREIGN KEY ("BuyerId") REFERENCES mabuntle.buyer_profiles("Id") ON DELETE CASCADE;


--
-- TOC entry 6028 (class 2606 OID 65158)
-- Name: buyer_wishlist_items FK_buyer_wishlist_items_products_ProductId; Type: FK CONSTRAINT; Schema: mabuntle; Owner: postgres
--

ALTER TABLE ONLY mabuntle.buyer_wishlist_items
    ADD CONSTRAINT "FK_buyer_wishlist_items_products_ProductId" FOREIGN KEY ("ProductId") REFERENCES mabuntle.products("Id") ON DELETE CASCADE;


--
-- TOC entry 5950 (class 2606 OID 64172)
-- Name: cart_items FK_cart_items_carts_CartId; Type: FK CONSTRAINT; Schema: mabuntle; Owner: postgres
--

ALTER TABLE ONLY mabuntle.cart_items
    ADD CONSTRAINT "FK_cart_items_carts_CartId" FOREIGN KEY ("CartId") REFERENCES mabuntle.carts("Id") ON DELETE CASCADE;


--
-- TOC entry 5951 (class 2606 OID 64177)
-- Name: cart_items FK_cart_items_product_variants_ProductVariantId; Type: FK CONSTRAINT; Schema: mabuntle; Owner: postgres
--

ALTER TABLE ONLY mabuntle.cart_items
    ADD CONSTRAINT "FK_cart_items_product_variants_ProductVariantId" FOREIGN KEY ("ProductVariantId") REFERENCES mabuntle.product_variants("Id") ON DELETE RESTRICT;


--
-- TOC entry 5952 (class 2606 OID 64182)
-- Name: cart_items FK_cart_items_products_ProductId; Type: FK CONSTRAINT; Schema: mabuntle; Owner: postgres
--

ALTER TABLE ONLY mabuntle.cart_items
    ADD CONSTRAINT "FK_cart_items_products_ProductId" FOREIGN KEY ("ProductId") REFERENCES mabuntle.products("Id") ON DELETE RESTRICT;


--
-- TOC entry 5948 (class 2606 OID 64146)
-- Name: carts FK_carts_buyer_profiles_BuyerId; Type: FK CONSTRAINT; Schema: mabuntle; Owner: postgres
--

ALTER TABLE ONLY mabuntle.carts
    ADD CONSTRAINT "FK_carts_buyer_profiles_BuyerId" FOREIGN KEY ("BuyerId") REFERENCES mabuntle.buyer_profiles("Id") ON DELETE CASCADE;


--
-- TOC entry 5949 (class 2606 OID 64151)
-- Name: carts FK_carts_seller_profiles_SellerId; Type: FK CONSTRAINT; Schema: mabuntle; Owner: postgres
--

ALTER TABLE ONLY mabuntle.carts
    ADD CONSTRAINT "FK_carts_seller_profiles_SellerId" FOREIGN KEY ("SellerId") REFERENCES mabuntle.seller_profiles("Id") ON DELETE RESTRICT;


--
-- TOC entry 5933 (class 2606 OID 63545)
-- Name: categories FK_categories_categories_ParentCategoryId; Type: FK CONSTRAINT; Schema: mabuntle; Owner: postgres
--

ALTER TABLE ONLY mabuntle.categories
    ADD CONSTRAINT "FK_categories_categories_ParentCategoryId" FOREIGN KEY ("ParentCategoryId") REFERENCES mabuntle.categories("Id") ON DELETE RESTRICT;


--
-- TOC entry 5934 (class 2606 OID 63566)
-- Name: category_attributes FK_category_attributes_categories_CategoryId; Type: FK CONSTRAINT; Schema: mabuntle; Owner: postgres
--

ALTER TABLE ONLY mabuntle.category_attributes
    ADD CONSTRAINT "FK_category_attributes_categories_CategoryId" FOREIGN KEY ("CategoryId") REFERENCES mabuntle.categories("Id") ON DELETE CASCADE;


--
-- TOC entry 5999 (class 2606 OID 64783)
-- Name: dispute_evidence FK_dispute_evidence_disputes_DisputeId; Type: FK CONSTRAINT; Schema: mabuntle; Owner: postgres
--

ALTER TABLE ONLY mabuntle.dispute_evidence
    ADD CONSTRAINT "FK_dispute_evidence_disputes_DisputeId" FOREIGN KEY ("DisputeId") REFERENCES mabuntle.disputes("Id") ON DELETE CASCADE;


--
-- TOC entry 6000 (class 2606 OID 64801)
-- Name: dispute_messages FK_dispute_messages_disputes_DisputeId; Type: FK CONSTRAINT; Schema: mabuntle; Owner: postgres
--

ALTER TABLE ONLY mabuntle.dispute_messages
    ADD CONSTRAINT "FK_dispute_messages_disputes_DisputeId" FOREIGN KEY ("DisputeId") REFERENCES mabuntle.disputes("Id") ON DELETE CASCADE;


--
-- TOC entry 5995 (class 2606 OID 64749)
-- Name: disputes FK_disputes_buyer_profiles_BuyerId; Type: FK CONSTRAINT; Schema: mabuntle; Owner: postgres
--

ALTER TABLE ONLY mabuntle.disputes
    ADD CONSTRAINT "FK_disputes_buyer_profiles_BuyerId" FOREIGN KEY ("BuyerId") REFERENCES mabuntle.buyer_profiles("Id") ON DELETE RESTRICT;


--
-- TOC entry 5996 (class 2606 OID 64754)
-- Name: disputes FK_disputes_orders_OrderId; Type: FK CONSTRAINT; Schema: mabuntle; Owner: postgres
--

ALTER TABLE ONLY mabuntle.disputes
    ADD CONSTRAINT "FK_disputes_orders_OrderId" FOREIGN KEY ("OrderId") REFERENCES mabuntle.orders("Id") ON DELETE RESTRICT;


--
-- TOC entry 5997 (class 2606 OID 64759)
-- Name: disputes FK_disputes_return_requests_ReturnRequestId; Type: FK CONSTRAINT; Schema: mabuntle; Owner: postgres
--

ALTER TABLE ONLY mabuntle.disputes
    ADD CONSTRAINT "FK_disputes_return_requests_ReturnRequestId" FOREIGN KEY ("ReturnRequestId") REFERENCES mabuntle.return_requests("Id") ON DELETE RESTRICT;


--
-- TOC entry 5998 (class 2606 OID 64764)
-- Name: disputes FK_disputes_seller_profiles_SellerId; Type: FK CONSTRAINT; Schema: mabuntle; Owner: postgres
--

ALTER TABLE ONLY mabuntle.disputes
    ADD CONSTRAINT "FK_disputes_seller_profiles_SellerId" FOREIGN KEY ("SellerId") REFERENCES mabuntle.seller_profiles("Id") ON DELETE RESTRICT;


--
-- TOC entry 6053 (class 2606 OID 71853)
-- Name: inventory_movements FK_inventory_movements_product_variants_ProductVariantId; Type: FK CONSTRAINT; Schema: mabuntle; Owner: postgres
--

ALTER TABLE ONLY mabuntle.inventory_movements
    ADD CONSTRAINT "FK_inventory_movements_product_variants_ProductVariantId" FOREIGN KEY ("ProductVariantId") REFERENCES mabuntle.product_variants("Id") ON DELETE RESTRICT;


--
-- TOC entry 6054 (class 2606 OID 71858)
-- Name: inventory_movements FK_inventory_movements_products_ProductId; Type: FK CONSTRAINT; Schema: mabuntle; Owner: postgres
--

ALTER TABLE ONLY mabuntle.inventory_movements
    ADD CONSTRAINT "FK_inventory_movements_products_ProductId" FOREIGN KEY ("ProductId") REFERENCES mabuntle.products("Id") ON DELETE CASCADE;


--
-- TOC entry 6055 (class 2606 OID 71863)
-- Name: inventory_movements FK_inventory_movements_seller_profiles_SellerId; Type: FK CONSTRAINT; Schema: mabuntle; Owner: postgres
--

ALTER TABLE ONLY mabuntle.inventory_movements
    ADD CONSTRAINT "FK_inventory_movements_seller_profiles_SellerId" FOREIGN KEY ("SellerId") REFERENCES mabuntle.seller_profiles("Id") ON DELETE CASCADE;


--
-- TOC entry 5953 (class 2606 OID 64206)
-- Name: inventory_reservations FK_inventory_reservations_buyer_profiles_BuyerId; Type: FK CONSTRAINT; Schema: mabuntle; Owner: postgres
--

ALTER TABLE ONLY mabuntle.inventory_reservations
    ADD CONSTRAINT "FK_inventory_reservations_buyer_profiles_BuyerId" FOREIGN KEY ("BuyerId") REFERENCES mabuntle.buyer_profiles("Id") ON DELETE CASCADE;


--
-- TOC entry 5954 (class 2606 OID 64313)
-- Name: inventory_reservations FK_inventory_reservations_carts_CartId; Type: FK CONSTRAINT; Schema: mabuntle; Owner: postgres
--

ALTER TABLE ONLY mabuntle.inventory_reservations
    ADD CONSTRAINT "FK_inventory_reservations_carts_CartId" FOREIGN KEY ("CartId") REFERENCES mabuntle.carts("Id") ON DELETE RESTRICT;


--
-- TOC entry 5955 (class 2606 OID 64216)
-- Name: inventory_reservations FK_inventory_reservations_product_variants_ProductVariantId; Type: FK CONSTRAINT; Schema: mabuntle; Owner: postgres
--

ALTER TABLE ONLY mabuntle.inventory_reservations
    ADD CONSTRAINT "FK_inventory_reservations_product_variants_ProductVariantId" FOREIGN KEY ("ProductVariantId") REFERENCES mabuntle.product_variants("Id") ON DELETE RESTRICT;


--
-- TOC entry 5966 (class 2606 OID 64387)
-- Name: ledger_entries FK_ledger_entries_buyer_profiles_BuyerId; Type: FK CONSTRAINT; Schema: mabuntle; Owner: postgres
--

ALTER TABLE ONLY mabuntle.ledger_entries
    ADD CONSTRAINT "FK_ledger_entries_buyer_profiles_BuyerId" FOREIGN KEY ("BuyerId") REFERENCES mabuntle.buyer_profiles("Id") ON DELETE RESTRICT;


--
-- TOC entry 5967 (class 2606 OID 64392)
-- Name: ledger_entries FK_ledger_entries_order_items_OrderItemId; Type: FK CONSTRAINT; Schema: mabuntle; Owner: postgres
--

ALTER TABLE ONLY mabuntle.ledger_entries
    ADD CONSTRAINT "FK_ledger_entries_order_items_OrderItemId" FOREIGN KEY ("OrderItemId") REFERENCES mabuntle.order_items("Id") ON DELETE RESTRICT;


--
-- TOC entry 5968 (class 2606 OID 64397)
-- Name: ledger_entries FK_ledger_entries_orders_OrderId; Type: FK CONSTRAINT; Schema: mabuntle; Owner: postgres
--

ALTER TABLE ONLY mabuntle.ledger_entries
    ADD CONSTRAINT "FK_ledger_entries_orders_OrderId" FOREIGN KEY ("OrderId") REFERENCES mabuntle.orders("Id") ON DELETE RESTRICT;


--
-- TOC entry 5969 (class 2606 OID 64402)
-- Name: ledger_entries FK_ledger_entries_payments_PaymentId; Type: FK CONSTRAINT; Schema: mabuntle; Owner: postgres
--

ALTER TABLE ONLY mabuntle.ledger_entries
    ADD CONSTRAINT "FK_ledger_entries_payments_PaymentId" FOREIGN KEY ("PaymentId") REFERENCES mabuntle.payments("Id") ON DELETE RESTRICT;


--
-- TOC entry 5970 (class 2606 OID 64407)
-- Name: ledger_entries FK_ledger_entries_seller_profiles_SellerId; Type: FK CONSTRAINT; Schema: mabuntle; Owner: postgres
--

ALTER TABLE ONLY mabuntle.ledger_entries
    ADD CONSTRAINT "FK_ledger_entries_seller_profiles_SellerId" FOREIGN KEY ("SellerId") REFERENCES mabuntle.seller_profiles("Id") ON DELETE RESTRICT;


--
-- TOC entry 6045 (class 2606 OID 71643)
-- Name: media_asset_variants FK_media_asset_variants_media_assets_MediaAssetId; Type: FK CONSTRAINT; Schema: mabuntle; Owner: postgres
--

ALTER TABLE ONLY mabuntle.media_asset_variants
    ADD CONSTRAINT "FK_media_asset_variants_media_assets_MediaAssetId" FOREIGN KEY ("MediaAssetId") REFERENCES mabuntle.media_assets("Id") ON DELETE CASCADE;


--
-- TOC entry 6042 (class 2606 OID 71611)
-- Name: media_assets FK_media_assets_product_listing_revisions_ProductListingRevisi~; Type: FK CONSTRAINT; Schema: mabuntle; Owner: postgres
--

ALTER TABLE ONLY mabuntle.media_assets
    ADD CONSTRAINT "FK_media_assets_product_listing_revisions_ProductListingRevisi~" FOREIGN KEY ("ProductListingRevisionId") REFERENCES mabuntle.product_listing_revisions("Id") ON DELETE SET NULL;


--
-- TOC entry 6043 (class 2606 OID 71616)
-- Name: media_assets FK_media_assets_products_ProductId; Type: FK CONSTRAINT; Schema: mabuntle; Owner: postgres
--

ALTER TABLE ONLY mabuntle.media_assets
    ADD CONSTRAINT "FK_media_assets_products_ProductId" FOREIGN KEY ("ProductId") REFERENCES mabuntle.products("Id") ON DELETE RESTRICT;


--
-- TOC entry 6044 (class 2606 OID 71621)
-- Name: media_assets FK_media_assets_seller_profiles_SellerId; Type: FK CONSTRAINT; Schema: mabuntle; Owner: postgres
--

ALTER TABLE ONLY mabuntle.media_assets
    ADD CONSTRAINT "FK_media_assets_seller_profiles_SellerId" FOREIGN KEY ("SellerId") REFERENCES mabuntle.seller_profiles("Id") ON DELETE RESTRICT;


--
-- TOC entry 6047 (class 2606 OID 71715)
-- Name: notification_email_deliveries FK_notification_email_deliveries_notifications_NotificationId; Type: FK CONSTRAINT; Schema: mabuntle; Owner: postgres
--

ALTER TABLE ONLY mabuntle.notification_email_deliveries
    ADD CONSTRAINT "FK_notification_email_deliveries_notifications_NotificationId" FOREIGN KEY ("NotificationId") REFERENCES mabuntle.notifications("Id") ON DELETE CASCADE;


--
-- TOC entry 6029 (class 2606 OID 65176)
-- Name: notifications FK_notifications_AspNetUsers_RecipientUserId; Type: FK CONSTRAINT; Schema: mabuntle; Owner: postgres
--

ALTER TABLE ONLY mabuntle.notifications
    ADD CONSTRAINT "FK_notifications_AspNetUsers_RecipientUserId" FOREIGN KEY ("RecipientUserId") REFERENCES mabuntle."AspNetUsers"("Id") ON DELETE CASCADE;


--
-- TOC entry 5959 (class 2606 OID 64271)
-- Name: order_items FK_order_items_orders_OrderId; Type: FK CONSTRAINT; Schema: mabuntle; Owner: postgres
--

ALTER TABLE ONLY mabuntle.order_items
    ADD CONSTRAINT "FK_order_items_orders_OrderId" FOREIGN KEY ("OrderId") REFERENCES mabuntle.orders("Id") ON DELETE CASCADE;


--
-- TOC entry 5960 (class 2606 OID 64276)
-- Name: order_items FK_order_items_product_variants_ProductVariantId; Type: FK CONSTRAINT; Schema: mabuntle; Owner: postgres
--

ALTER TABLE ONLY mabuntle.order_items
    ADD CONSTRAINT "FK_order_items_product_variants_ProductVariantId" FOREIGN KEY ("ProductVariantId") REFERENCES mabuntle.product_variants("Id") ON DELETE RESTRICT;


--
-- TOC entry 5961 (class 2606 OID 64281)
-- Name: order_items FK_order_items_products_ProductId; Type: FK CONSTRAINT; Schema: mabuntle; Owner: postgres
--

ALTER TABLE ONLY mabuntle.order_items
    ADD CONSTRAINT "FK_order_items_products_ProductId" FOREIGN KEY ("ProductId") REFERENCES mabuntle.products("Id") ON DELETE RESTRICT;


--
-- TOC entry 5962 (class 2606 OID 64297)
-- Name: order_status_history FK_order_status_history_orders_OrderId; Type: FK CONSTRAINT; Schema: mabuntle; Owner: postgres
--

ALTER TABLE ONLY mabuntle.order_status_history
    ADD CONSTRAINT "FK_order_status_history_orders_OrderId" FOREIGN KEY ("OrderId") REFERENCES mabuntle.orders("Id") ON DELETE CASCADE;


--
-- TOC entry 5956 (class 2606 OID 64242)
-- Name: orders FK_orders_buyer_profiles_BuyerId; Type: FK CONSTRAINT; Schema: mabuntle; Owner: postgres
--

ALTER TABLE ONLY mabuntle.orders
    ADD CONSTRAINT "FK_orders_buyer_profiles_BuyerId" FOREIGN KEY ("BuyerId") REFERENCES mabuntle.buyer_profiles("Id") ON DELETE RESTRICT;


--
-- TOC entry 5957 (class 2606 OID 64247)
-- Name: orders FK_orders_carts_CartId; Type: FK CONSTRAINT; Schema: mabuntle; Owner: postgres
--

ALTER TABLE ONLY mabuntle.orders
    ADD CONSTRAINT "FK_orders_carts_CartId" FOREIGN KEY ("CartId") REFERENCES mabuntle.carts("Id") ON DELETE RESTRICT;


--
-- TOC entry 5958 (class 2606 OID 64252)
-- Name: orders FK_orders_seller_profiles_SellerId; Type: FK CONSTRAINT; Schema: mabuntle; Owner: postgres
--

ALTER TABLE ONLY mabuntle.orders
    ADD CONSTRAINT "FK_orders_seller_profiles_SellerId" FOREIGN KEY ("SellerId") REFERENCES mabuntle.seller_profiles("Id") ON DELETE RESTRICT;


--
-- TOC entry 5971 (class 2606 OID 64426)
-- Name: payment_events FK_payment_events_payments_PaymentId; Type: FK CONSTRAINT; Schema: mabuntle; Owner: postgres
--

ALTER TABLE ONLY mabuntle.payment_events
    ADD CONSTRAINT "FK_payment_events_payments_PaymentId" FOREIGN KEY ("PaymentId") REFERENCES mabuntle.payments("Id") ON DELETE SET NULL;


--
-- TOC entry 6035 (class 2606 OID 71483)
-- Name: payment_reconciliation_reviews FK_payment_reconciliation_reviews_payments_PaymentId; Type: FK CONSTRAINT; Schema: mabuntle; Owner: postgres
--

ALTER TABLE ONLY mabuntle.payment_reconciliation_reviews
    ADD CONSTRAINT "FK_payment_reconciliation_reviews_payments_PaymentId" FOREIGN KEY ("PaymentId") REFERENCES mabuntle.payments("Id") ON DELETE RESTRICT;


--
-- TOC entry 5963 (class 2606 OID 64345)
-- Name: payments FK_payments_buyer_profiles_BuyerId; Type: FK CONSTRAINT; Schema: mabuntle; Owner: postgres
--

ALTER TABLE ONLY mabuntle.payments
    ADD CONSTRAINT "FK_payments_buyer_profiles_BuyerId" FOREIGN KEY ("BuyerId") REFERENCES mabuntle.buyer_profiles("Id") ON DELETE RESTRICT;


--
-- TOC entry 5964 (class 2606 OID 64350)
-- Name: payments FK_payments_orders_OrderId; Type: FK CONSTRAINT; Schema: mabuntle; Owner: postgres
--

ALTER TABLE ONLY mabuntle.payments
    ADD CONSTRAINT "FK_payments_orders_OrderId" FOREIGN KEY ("OrderId") REFERENCES mabuntle.orders("Id") ON DELETE RESTRICT;


--
-- TOC entry 5937 (class 2606 OID 63611)
-- Name: product_attribute_values FK_product_attribute_values_products_ProductId; Type: FK CONSTRAINT; Schema: mabuntle; Owner: postgres
--

ALTER TABLE ONLY mabuntle.product_attribute_values
    ADD CONSTRAINT "FK_product_attribute_values_products_ProductId" FOREIGN KEY ("ProductId") REFERENCES mabuntle.products("Id") ON DELETE CASCADE;


--
-- TOC entry 5947 (class 2606 OID 64127)
-- Name: product_embeddings FK_product_embeddings_products_ProductId; Type: FK CONSTRAINT; Schema: mabuntle; Owner: postgres
--

ALTER TABLE ONLY mabuntle.product_embeddings
    ADD CONSTRAINT "FK_product_embeddings_products_ProductId" FOREIGN KEY ("ProductId") REFERENCES mabuntle.products("Id") ON DELETE CASCADE;


--
-- TOC entry 5938 (class 2606 OID 71658)
-- Name: product_images FK_product_images_media_assets_MediaAssetId; Type: FK CONSTRAINT; Schema: mabuntle; Owner: postgres
--

ALTER TABLE ONLY mabuntle.product_images
    ADD CONSTRAINT "FK_product_images_media_assets_MediaAssetId" FOREIGN KEY ("MediaAssetId") REFERENCES mabuntle.media_assets("Id") ON DELETE SET NULL;


--
-- TOC entry 5939 (class 2606 OID 63630)
-- Name: product_images FK_product_images_products_ProductId; Type: FK CONSTRAINT; Schema: mabuntle; Owner: postgres
--

ALTER TABLE ONLY mabuntle.product_images
    ADD CONSTRAINT "FK_product_images_products_ProductId" FOREIGN KEY ("ProductId") REFERENCES mabuntle.products("Id") ON DELETE CASCADE;


--
-- TOC entry 6038 (class 2606 OID 71663)
-- Name: product_listing_revision_images FK_product_listing_revision_images_media_assets_MediaAssetId; Type: FK CONSTRAINT; Schema: mabuntle; Owner: postgres
--

ALTER TABLE ONLY mabuntle.product_listing_revision_images
    ADD CONSTRAINT "FK_product_listing_revision_images_media_assets_MediaAssetId" FOREIGN KEY ("MediaAssetId") REFERENCES mabuntle.media_assets("Id") ON DELETE SET NULL;


--
-- TOC entry 6039 (class 2606 OID 71531)
-- Name: product_listing_revision_images FK_product_listing_revision_images_product_listing_revisions_R~; Type: FK CONSTRAINT; Schema: mabuntle; Owner: postgres
--

ALTER TABLE ONLY mabuntle.product_listing_revision_images
    ADD CONSTRAINT "FK_product_listing_revision_images_product_listing_revisions_R~" FOREIGN KEY ("RevisionId") REFERENCES mabuntle.product_listing_revisions("Id") ON DELETE CASCADE;


--
-- TOC entry 6036 (class 2606 OID 71507)
-- Name: product_listing_revisions FK_product_listing_revisions_products_ProductId; Type: FK CONSTRAINT; Schema: mabuntle; Owner: postgres
--

ALTER TABLE ONLY mabuntle.product_listing_revisions
    ADD CONSTRAINT "FK_product_listing_revisions_products_ProductId" FOREIGN KEY ("ProductId") REFERENCES mabuntle.products("Id") ON DELETE CASCADE;


--
-- TOC entry 6037 (class 2606 OID 71512)
-- Name: product_listing_revisions FK_product_listing_revisions_seller_profiles_SellerId; Type: FK CONSTRAINT; Schema: mabuntle; Owner: postgres
--

ALTER TABLE ONLY mabuntle.product_listing_revisions
    ADD CONSTRAINT "FK_product_listing_revisions_seller_profiles_SellerId" FOREIGN KEY ("SellerId") REFERENCES mabuntle.seller_profiles("Id") ON DELETE RESTRICT;


--
-- TOC entry 6030 (class 2606 OID 65198)
-- Name: product_reviews FK_product_reviews_buyer_profiles_BuyerId; Type: FK CONSTRAINT; Schema: mabuntle; Owner: postgres
--

ALTER TABLE ONLY mabuntle.product_reviews
    ADD CONSTRAINT "FK_product_reviews_buyer_profiles_BuyerId" FOREIGN KEY ("BuyerId") REFERENCES mabuntle.buyer_profiles("Id") ON DELETE RESTRICT;


--
-- TOC entry 6031 (class 2606 OID 65203)
-- Name: product_reviews FK_product_reviews_order_items_OrderItemId; Type: FK CONSTRAINT; Schema: mabuntle; Owner: postgres
--

ALTER TABLE ONLY mabuntle.product_reviews
    ADD CONSTRAINT "FK_product_reviews_order_items_OrderItemId" FOREIGN KEY ("OrderItemId") REFERENCES mabuntle.order_items("Id") ON DELETE RESTRICT;


--
-- TOC entry 6032 (class 2606 OID 65208)
-- Name: product_reviews FK_product_reviews_orders_OrderId; Type: FK CONSTRAINT; Schema: mabuntle; Owner: postgres
--

ALTER TABLE ONLY mabuntle.product_reviews
    ADD CONSTRAINT "FK_product_reviews_orders_OrderId" FOREIGN KEY ("OrderId") REFERENCES mabuntle.orders("Id") ON DELETE RESTRICT;


--
-- TOC entry 6033 (class 2606 OID 65213)
-- Name: product_reviews FK_product_reviews_products_ProductId; Type: FK CONSTRAINT; Schema: mabuntle; Owner: postgres
--

ALTER TABLE ONLY mabuntle.product_reviews
    ADD CONSTRAINT "FK_product_reviews_products_ProductId" FOREIGN KEY ("ProductId") REFERENCES mabuntle.products("Id") ON DELETE RESTRICT;


--
-- TOC entry 6034 (class 2606 OID 65218)
-- Name: product_reviews FK_product_reviews_seller_profiles_SellerId; Type: FK CONSTRAINT; Schema: mabuntle; Owner: postgres
--

ALTER TABLE ONLY mabuntle.product_reviews
    ADD CONSTRAINT "FK_product_reviews_seller_profiles_SellerId" FOREIGN KEY ("SellerId") REFERENCES mabuntle.seller_profiles("Id") ON DELETE RESTRICT;


--
-- TOC entry 6051 (class 2606 OID 71812)
-- Name: product_variant_revision_items FK_product_variant_revision_items_product_variant_revisions_Re~; Type: FK CONSTRAINT; Schema: mabuntle; Owner: postgres
--

ALTER TABLE ONLY mabuntle.product_variant_revision_items
    ADD CONSTRAINT "FK_product_variant_revision_items_product_variant_revisions_Re~" FOREIGN KEY ("RevisionId") REFERENCES mabuntle.product_variant_revisions("Id") ON DELETE CASCADE;


--
-- TOC entry 6052 (class 2606 OID 71817)
-- Name: product_variant_revision_items FK_product_variant_revision_items_product_variants_SourceVaria~; Type: FK CONSTRAINT; Schema: mabuntle; Owner: postgres
--

ALTER TABLE ONLY mabuntle.product_variant_revision_items
    ADD CONSTRAINT "FK_product_variant_revision_items_product_variants_SourceVaria~" FOREIGN KEY ("SourceVariantId") REFERENCES mabuntle.product_variants("Id") ON DELETE RESTRICT;


--
-- TOC entry 6049 (class 2606 OID 71787)
-- Name: product_variant_revisions FK_product_variant_revisions_products_ProductId; Type: FK CONSTRAINT; Schema: mabuntle; Owner: postgres
--

ALTER TABLE ONLY mabuntle.product_variant_revisions
    ADD CONSTRAINT "FK_product_variant_revisions_products_ProductId" FOREIGN KEY ("ProductId") REFERENCES mabuntle.products("Id") ON DELETE CASCADE;


--
-- TOC entry 6050 (class 2606 OID 71792)
-- Name: product_variant_revisions FK_product_variant_revisions_seller_profiles_SellerId; Type: FK CONSTRAINT; Schema: mabuntle; Owner: postgres
--

ALTER TABLE ONLY mabuntle.product_variant_revisions
    ADD CONSTRAINT "FK_product_variant_revisions_seller_profiles_SellerId" FOREIGN KEY ("SellerId") REFERENCES mabuntle.seller_profiles("Id") ON DELETE RESTRICT;


--
-- TOC entry 5940 (class 2606 OID 63651)
-- Name: product_variants FK_product_variants_products_ProductId; Type: FK CONSTRAINT; Schema: mabuntle; Owner: postgres
--

ALTER TABLE ONLY mabuntle.product_variants
    ADD CONSTRAINT "FK_product_variants_products_ProductId" FOREIGN KEY ("ProductId") REFERENCES mabuntle.products("Id") ON DELETE CASCADE;


--
-- TOC entry 5935 (class 2606 OID 63587)
-- Name: products FK_products_categories_CategoryId; Type: FK CONSTRAINT; Schema: mabuntle; Owner: postgres
--

ALTER TABLE ONLY mabuntle.products
    ADD CONSTRAINT "FK_products_categories_CategoryId" FOREIGN KEY ("CategoryId") REFERENCES mabuntle.categories("Id") ON DELETE RESTRICT;


--
-- TOC entry 5936 (class 2606 OID 63592)
-- Name: products FK_products_seller_profiles_SellerId; Type: FK CONSTRAINT; Schema: mabuntle; Owner: postgres
--

ALTER TABLE ONLY mabuntle.products
    ADD CONSTRAINT "FK_products_seller_profiles_SellerId" FOREIGN KEY ("SellerId") REFERENCES mabuntle.seller_profiles("Id") ON DELETE CASCADE;


--
-- TOC entry 5928 (class 2606 OID 63413)
-- Name: refresh_tokens FK_refresh_tokens_AspNetUsers_UserId; Type: FK CONSTRAINT; Schema: mabuntle; Owner: postgres
--

ALTER TABLE ONLY mabuntle.refresh_tokens
    ADD CONSTRAINT "FK_refresh_tokens_AspNetUsers_UserId" FOREIGN KEY ("UserId") REFERENCES mabuntle."AspNetUsers"("Id") ON DELETE CASCADE;


--
-- TOC entry 5994 (class 2606 OID 64715)
-- Name: refund_events FK_refund_events_refunds_RefundId; Type: FK CONSTRAINT; Schema: mabuntle; Owner: postgres
--

ALTER TABLE ONLY mabuntle.refund_events
    ADD CONSTRAINT "FK_refund_events_refunds_RefundId" FOREIGN KEY ("RefundId") REFERENCES mabuntle.refunds("Id") ON DELETE CASCADE;


--
-- TOC entry 5989 (class 2606 OID 64677)
-- Name: refunds FK_refunds_buyer_profiles_BuyerId; Type: FK CONSTRAINT; Schema: mabuntle; Owner: postgres
--

ALTER TABLE ONLY mabuntle.refunds
    ADD CONSTRAINT "FK_refunds_buyer_profiles_BuyerId" FOREIGN KEY ("BuyerId") REFERENCES mabuntle.buyer_profiles("Id") ON DELETE RESTRICT;


--
-- TOC entry 5990 (class 2606 OID 64682)
-- Name: refunds FK_refunds_orders_OrderId; Type: FK CONSTRAINT; Schema: mabuntle; Owner: postgres
--

ALTER TABLE ONLY mabuntle.refunds
    ADD CONSTRAINT "FK_refunds_orders_OrderId" FOREIGN KEY ("OrderId") REFERENCES mabuntle.orders("Id") ON DELETE RESTRICT;


--
-- TOC entry 5991 (class 2606 OID 64687)
-- Name: refunds FK_refunds_payments_PaymentId; Type: FK CONSTRAINT; Schema: mabuntle; Owner: postgres
--

ALTER TABLE ONLY mabuntle.refunds
    ADD CONSTRAINT "FK_refunds_payments_PaymentId" FOREIGN KEY ("PaymentId") REFERENCES mabuntle.payments("Id") ON DELETE RESTRICT;


--
-- TOC entry 5992 (class 2606 OID 64692)
-- Name: refunds FK_refunds_return_requests_ReturnRequestId; Type: FK CONSTRAINT; Schema: mabuntle; Owner: postgres
--

ALTER TABLE ONLY mabuntle.refunds
    ADD CONSTRAINT "FK_refunds_return_requests_ReturnRequestId" FOREIGN KEY ("ReturnRequestId") REFERENCES mabuntle.return_requests("Id") ON DELETE RESTRICT;


--
-- TOC entry 5993 (class 2606 OID 64697)
-- Name: refunds FK_refunds_seller_profiles_SellerId; Type: FK CONSTRAINT; Schema: mabuntle; Owner: postgres
--

ALTER TABLE ONLY mabuntle.refunds
    ADD CONSTRAINT "FK_refunds_seller_profiles_SellerId" FOREIGN KEY ("SellerId") REFERENCES mabuntle.seller_profiles("Id") ON DELETE RESTRICT;


--
-- TOC entry 5984 (class 2606 OID 64607)
-- Name: return_items FK_return_items_order_items_OrderItemId; Type: FK CONSTRAINT; Schema: mabuntle; Owner: postgres
--

ALTER TABLE ONLY mabuntle.return_items
    ADD CONSTRAINT "FK_return_items_order_items_OrderItemId" FOREIGN KEY ("OrderItemId") REFERENCES mabuntle.order_items("Id") ON DELETE RESTRICT;


--
-- TOC entry 5985 (class 2606 OID 64612)
-- Name: return_items FK_return_items_product_variants_ProductVariantId; Type: FK CONSTRAINT; Schema: mabuntle; Owner: postgres
--

ALTER TABLE ONLY mabuntle.return_items
    ADD CONSTRAINT "FK_return_items_product_variants_ProductVariantId" FOREIGN KEY ("ProductVariantId") REFERENCES mabuntle.product_variants("Id") ON DELETE RESTRICT;


--
-- TOC entry 5986 (class 2606 OID 64617)
-- Name: return_items FK_return_items_products_ProductId; Type: FK CONSTRAINT; Schema: mabuntle; Owner: postgres
--

ALTER TABLE ONLY mabuntle.return_items
    ADD CONSTRAINT "FK_return_items_products_ProductId" FOREIGN KEY ("ProductId") REFERENCES mabuntle.products("Id") ON DELETE RESTRICT;


--
-- TOC entry 5987 (class 2606 OID 64622)
-- Name: return_items FK_return_items_return_requests_ReturnRequestId; Type: FK CONSTRAINT; Schema: mabuntle; Owner: postgres
--

ALTER TABLE ONLY mabuntle.return_items
    ADD CONSTRAINT "FK_return_items_return_requests_ReturnRequestId" FOREIGN KEY ("ReturnRequestId") REFERENCES mabuntle.return_requests("Id") ON DELETE CASCADE;


--
-- TOC entry 5988 (class 2606 OID 64640)
-- Name: return_messages FK_return_messages_return_requests_ReturnRequestId; Type: FK CONSTRAINT; Schema: mabuntle; Owner: postgres
--

ALTER TABLE ONLY mabuntle.return_messages
    ADD CONSTRAINT "FK_return_messages_return_requests_ReturnRequestId" FOREIGN KEY ("ReturnRequestId") REFERENCES mabuntle.return_requests("Id") ON DELETE CASCADE;


--
-- TOC entry 5981 (class 2606 OID 64577)
-- Name: return_requests FK_return_requests_buyer_profiles_BuyerId; Type: FK CONSTRAINT; Schema: mabuntle; Owner: postgres
--

ALTER TABLE ONLY mabuntle.return_requests
    ADD CONSTRAINT "FK_return_requests_buyer_profiles_BuyerId" FOREIGN KEY ("BuyerId") REFERENCES mabuntle.buyer_profiles("Id") ON DELETE RESTRICT;


--
-- TOC entry 5982 (class 2606 OID 64582)
-- Name: return_requests FK_return_requests_orders_OrderId; Type: FK CONSTRAINT; Schema: mabuntle; Owner: postgres
--

ALTER TABLE ONLY mabuntle.return_requests
    ADD CONSTRAINT "FK_return_requests_orders_OrderId" FOREIGN KEY ("OrderId") REFERENCES mabuntle.orders("Id") ON DELETE RESTRICT;


--
-- TOC entry 5983 (class 2606 OID 64587)
-- Name: return_requests FK_return_requests_seller_profiles_SellerId; Type: FK CONSTRAINT; Schema: mabuntle; Owner: postgres
--

ALTER TABLE ONLY mabuntle.return_requests
    ADD CONSTRAINT "FK_return_requests_seller_profiles_SellerId" FOREIGN KEY ("SellerId") REFERENCES mabuntle.seller_profiles("Id") ON DELETE RESTRICT;


--
-- TOC entry 6059 (class 2606 OID 71960)
-- Name: return_restock_decisions FK_return_restock_decisions_product_variants_ProductVariantId; Type: FK CONSTRAINT; Schema: mabuntle; Owner: postgres
--

ALTER TABLE ONLY mabuntle.return_restock_decisions
    ADD CONSTRAINT "FK_return_restock_decisions_product_variants_ProductVariantId" FOREIGN KEY ("ProductVariantId") REFERENCES mabuntle.product_variants("Id") ON DELETE RESTRICT;


--
-- TOC entry 6060 (class 2606 OID 71965)
-- Name: return_restock_decisions FK_return_restock_decisions_products_ProductId; Type: FK CONSTRAINT; Schema: mabuntle; Owner: postgres
--

ALTER TABLE ONLY mabuntle.return_restock_decisions
    ADD CONSTRAINT "FK_return_restock_decisions_products_ProductId" FOREIGN KEY ("ProductId") REFERENCES mabuntle.products("Id") ON DELETE CASCADE;


--
-- TOC entry 6061 (class 2606 OID 71970)
-- Name: return_restock_decisions FK_return_restock_decisions_return_items_ReturnItemId; Type: FK CONSTRAINT; Schema: mabuntle; Owner: postgres
--

ALTER TABLE ONLY mabuntle.return_restock_decisions
    ADD CONSTRAINT "FK_return_restock_decisions_return_items_ReturnItemId" FOREIGN KEY ("ReturnItemId") REFERENCES mabuntle.return_items("Id") ON DELETE CASCADE;


--
-- TOC entry 6062 (class 2606 OID 71975)
-- Name: return_restock_decisions FK_return_restock_decisions_return_requests_ReturnRequestId; Type: FK CONSTRAINT; Schema: mabuntle; Owner: postgres
--

ALTER TABLE ONLY mabuntle.return_restock_decisions
    ADD CONSTRAINT "FK_return_restock_decisions_return_requests_ReturnRequestId" FOREIGN KEY ("ReturnRequestId") REFERENCES mabuntle.return_requests("Id") ON DELETE CASCADE;


--
-- TOC entry 6063 (class 2606 OID 71980)
-- Name: return_restock_decisions FK_return_restock_decisions_seller_profiles_SellerId; Type: FK CONSTRAINT; Schema: mabuntle; Owner: postgres
--

ALTER TABLE ONLY mabuntle.return_restock_decisions
    ADD CONSTRAINT "FK_return_restock_decisions_seller_profiles_SellerId" FOREIGN KEY ("SellerId") REFERENCES mabuntle.seller_profiles("Id") ON DELETE CASCADE;


--
-- TOC entry 6009 (class 2606 OID 64931)
-- Name: seller_ad_credits FK_seller_ad_credits_seller_profiles_SellerId; Type: FK CONSTRAINT; Schema: mabuntle; Owner: postgres
--

ALTER TABLE ONLY mabuntle.seller_ad_credits
    ADD CONSTRAINT "FK_seller_ad_credits_seller_profiles_SellerId" FOREIGN KEY ("SellerId") REFERENCES mabuntle.seller_profiles("Id") ON DELETE RESTRICT;


--
-- TOC entry 5929 (class 2606 OID 63457)
-- Name: seller_addresses FK_seller_addresses_seller_profiles_SellerId; Type: FK CONSTRAINT; Schema: mabuntle; Owner: postgres
--

ALTER TABLE ONLY mabuntle.seller_addresses
    ADD CONSTRAINT "FK_seller_addresses_seller_profiles_SellerId" FOREIGN KEY ("SellerId") REFERENCES mabuntle.seller_profiles("Id") ON DELETE CASCADE;


--
-- TOC entry 5965 (class 2606 OID 64368)
-- Name: seller_balances FK_seller_balances_seller_profiles_SellerId; Type: FK CONSTRAINT; Schema: mabuntle; Owner: postgres
--

ALTER TABLE ONLY mabuntle.seller_balances
    ADD CONSTRAINT "FK_seller_balances_seller_profiles_SellerId" FOREIGN KEY ("SellerId") REFERENCES mabuntle.seller_profiles("Id") ON DELETE RESTRICT;


--
-- TOC entry 6046 (class 2606 OID 71687)
-- Name: seller_delivery_methods FK_seller_delivery_methods_seller_profiles_SellerId; Type: FK CONSTRAINT; Schema: mabuntle; Owner: postgres
--

ALTER TABLE ONLY mabuntle.seller_delivery_methods
    ADD CONSTRAINT "FK_seller_delivery_methods_seller_profiles_SellerId" FOREIGN KEY ("SellerId") REFERENCES mabuntle.seller_profiles("Id") ON DELETE CASCADE;


--
-- TOC entry 6067 (class 2606 OID 72050)
-- Name: seller_funnel_events FK_seller_funnel_events_buyer_profiles_BuyerId; Type: FK CONSTRAINT; Schema: mabuntle; Owner: postgres
--

ALTER TABLE ONLY mabuntle.seller_funnel_events
    ADD CONSTRAINT "FK_seller_funnel_events_buyer_profiles_BuyerId" FOREIGN KEY ("BuyerId") REFERENCES mabuntle.buyer_profiles("Id") ON DELETE SET NULL;


--
-- TOC entry 6068 (class 2606 OID 72055)
-- Name: seller_funnel_events FK_seller_funnel_events_carts_CartId; Type: FK CONSTRAINT; Schema: mabuntle; Owner: postgres
--

ALTER TABLE ONLY mabuntle.seller_funnel_events
    ADD CONSTRAINT "FK_seller_funnel_events_carts_CartId" FOREIGN KEY ("CartId") REFERENCES mabuntle.carts("Id") ON DELETE SET NULL;


--
-- TOC entry 6069 (class 2606 OID 72060)
-- Name: seller_funnel_events FK_seller_funnel_events_orders_OrderId; Type: FK CONSTRAINT; Schema: mabuntle; Owner: postgres
--

ALTER TABLE ONLY mabuntle.seller_funnel_events
    ADD CONSTRAINT "FK_seller_funnel_events_orders_OrderId" FOREIGN KEY ("OrderId") REFERENCES mabuntle.orders("Id") ON DELETE SET NULL;


--
-- TOC entry 6070 (class 2606 OID 72065)
-- Name: seller_funnel_events FK_seller_funnel_events_products_ProductId; Type: FK CONSTRAINT; Schema: mabuntle; Owner: postgres
--

ALTER TABLE ONLY mabuntle.seller_funnel_events
    ADD CONSTRAINT "FK_seller_funnel_events_products_ProductId" FOREIGN KEY ("ProductId") REFERENCES mabuntle.products("Id") ON DELETE SET NULL;


--
-- TOC entry 6071 (class 2606 OID 72070)
-- Name: seller_funnel_events FK_seller_funnel_events_seller_profiles_SellerId; Type: FK CONSTRAINT; Schema: mabuntle; Owner: postgres
--

ALTER TABLE ONLY mabuntle.seller_funnel_events
    ADD CONSTRAINT "FK_seller_funnel_events_seller_profiles_SellerId" FOREIGN KEY ("SellerId") REFERENCES mabuntle.seller_profiles("Id") ON DELETE CASCADE;


--
-- TOC entry 6056 (class 2606 OID 71885)
-- Name: seller_notification_preferences FK_seller_notification_preferences_seller_profiles_SellerId; Type: FK CONSTRAINT; Schema: mabuntle; Owner: postgres
--

ALTER TABLE ONLY mabuntle.seller_notification_preferences
    ADD CONSTRAINT "FK_seller_notification_preferences_seller_profiles_SellerId" FOREIGN KEY ("SellerId") REFERENCES mabuntle.seller_profiles("Id") ON DELETE CASCADE;


--
-- TOC entry 6023 (class 2606 OID 65119)
-- Name: seller_payout_adjustments FK_seller_payout_adjustments_ledger_entries_RefundLedgerEntryId; Type: FK CONSTRAINT; Schema: mabuntle; Owner: postgres
--

ALTER TABLE ONLY mabuntle.seller_payout_adjustments
    ADD CONSTRAINT "FK_seller_payout_adjustments_ledger_entries_RefundLedgerEntryId" FOREIGN KEY ("RefundLedgerEntryId") REFERENCES mabuntle.ledger_entries("Id") ON DELETE RESTRICT;


--
-- TOC entry 6024 (class 2606 OID 65124)
-- Name: seller_payout_adjustments FK_seller_payout_adjustments_refunds_RefundId; Type: FK CONSTRAINT; Schema: mabuntle; Owner: postgres
--

ALTER TABLE ONLY mabuntle.seller_payout_adjustments
    ADD CONSTRAINT "FK_seller_payout_adjustments_refunds_RefundId" FOREIGN KEY ("RefundId") REFERENCES mabuntle.refunds("Id") ON DELETE RESTRICT;


--
-- TOC entry 6025 (class 2606 OID 65129)
-- Name: seller_payout_adjustments FK_seller_payout_adjustments_seller_payout_items_SellerPayoutI~; Type: FK CONSTRAINT; Schema: mabuntle; Owner: postgres
--

ALTER TABLE ONLY mabuntle.seller_payout_adjustments
    ADD CONSTRAINT "FK_seller_payout_adjustments_seller_payout_items_SellerPayoutI~" FOREIGN KEY ("SellerPayoutItemId") REFERENCES mabuntle.seller_payout_items("Id") ON DELETE RESTRICT;


--
-- TOC entry 6026 (class 2606 OID 65134)
-- Name: seller_payout_adjustments FK_seller_payout_adjustments_seller_payouts_SellerPayoutId; Type: FK CONSTRAINT; Schema: mabuntle; Owner: postgres
--

ALTER TABLE ONLY mabuntle.seller_payout_adjustments
    ADD CONSTRAINT "FK_seller_payout_adjustments_seller_payouts_SellerPayoutId" FOREIGN KEY ("SellerPayoutId") REFERENCES mabuntle.seller_payouts("Id") ON DELETE RESTRICT;


--
-- TOC entry 5973 (class 2606 OID 64478)
-- Name: seller_payout_items FK_seller_payout_items_ledger_entries_LedgerEntryId; Type: FK CONSTRAINT; Schema: mabuntle; Owner: postgres
--

ALTER TABLE ONLY mabuntle.seller_payout_items
    ADD CONSTRAINT "FK_seller_payout_items_ledger_entries_LedgerEntryId" FOREIGN KEY ("LedgerEntryId") REFERENCES mabuntle.ledger_entries("Id") ON DELETE RESTRICT;


--
-- TOC entry 5974 (class 2606 OID 64483)
-- Name: seller_payout_items FK_seller_payout_items_orders_OrderId; Type: FK CONSTRAINT; Schema: mabuntle; Owner: postgres
--

ALTER TABLE ONLY mabuntle.seller_payout_items
    ADD CONSTRAINT "FK_seller_payout_items_orders_OrderId" FOREIGN KEY ("OrderId") REFERENCES mabuntle.orders("Id") ON DELETE RESTRICT;


--
-- TOC entry 5975 (class 2606 OID 64488)
-- Name: seller_payout_items FK_seller_payout_items_payments_PaymentId; Type: FK CONSTRAINT; Schema: mabuntle; Owner: postgres
--

ALTER TABLE ONLY mabuntle.seller_payout_items
    ADD CONSTRAINT "FK_seller_payout_items_payments_PaymentId" FOREIGN KEY ("PaymentId") REFERENCES mabuntle.payments("Id") ON DELETE RESTRICT;


--
-- TOC entry 5976 (class 2606 OID 64493)
-- Name: seller_payout_items FK_seller_payout_items_seller_payouts_SellerPayoutId; Type: FK CONSTRAINT; Schema: mabuntle; Owner: postgres
--

ALTER TABLE ONLY mabuntle.seller_payout_items
    ADD CONSTRAINT "FK_seller_payout_items_seller_payouts_SellerPayoutId" FOREIGN KEY ("SellerPayoutId") REFERENCES mabuntle.seller_payouts("Id") ON DELETE CASCADE;


--
-- TOC entry 6048 (class 2606 OID 71738)
-- Name: seller_payout_profile_change_requests FK_seller_payout_profile_change_requests_seller_profiles_Selle~; Type: FK CONSTRAINT; Schema: mabuntle; Owner: postgres
--

ALTER TABLE ONLY mabuntle.seller_payout_profile_change_requests
    ADD CONSTRAINT "FK_seller_payout_profile_change_requests_seller_profiles_Selle~" FOREIGN KEY ("SellerId") REFERENCES mabuntle.seller_profiles("Id") ON DELETE CASCADE;


--
-- TOC entry 5930 (class 2606 OID 63474)
-- Name: seller_payout_profiles FK_seller_payout_profiles_seller_profiles_SellerId; Type: FK CONSTRAINT; Schema: mabuntle; Owner: postgres
--

ALTER TABLE ONLY mabuntle.seller_payout_profiles
    ADD CONSTRAINT "FK_seller_payout_profiles_seller_profiles_SellerId" FOREIGN KEY ("SellerId") REFERENCES mabuntle.seller_profiles("Id") ON DELETE CASCADE;


--
-- TOC entry 5972 (class 2606 OID 64462)
-- Name: seller_payouts FK_seller_payouts_seller_profiles_SellerId; Type: FK CONSTRAINT; Schema: mabuntle; Owner: postgres
--

ALTER TABLE ONLY mabuntle.seller_payouts
    ADD CONSTRAINT "FK_seller_payouts_seller_profiles_SellerId" FOREIGN KEY ("SellerId") REFERENCES mabuntle.seller_profiles("Id") ON DELETE RESTRICT;


--
-- TOC entry 5921 (class 2606 OID 63434)
-- Name: seller_profiles FK_seller_profiles_AspNetUsers_UserId; Type: FK CONSTRAINT; Schema: mabuntle; Owner: postgres
--

ALTER TABLE ONLY mabuntle.seller_profiles
    ADD CONSTRAINT "FK_seller_profiles_AspNetUsers_UserId" FOREIGN KEY ("UserId") REFERENCES mabuntle."AspNetUsers"("Id") ON DELETE CASCADE;


--
-- TOC entry 6065 (class 2606 OID 72025)
-- Name: seller_report_schedule_runs FK_seller_report_schedule_runs_seller_profiles_SellerId; Type: FK CONSTRAINT; Schema: mabuntle; Owner: postgres
--

ALTER TABLE ONLY mabuntle.seller_report_schedule_runs
    ADD CONSTRAINT "FK_seller_report_schedule_runs_seller_profiles_SellerId" FOREIGN KEY ("SellerId") REFERENCES mabuntle.seller_profiles("Id") ON DELETE CASCADE;


--
-- TOC entry 6066 (class 2606 OID 72030)
-- Name: seller_report_schedule_runs FK_seller_report_schedule_runs_seller_report_schedules_SellerR~; Type: FK CONSTRAINT; Schema: mabuntle; Owner: postgres
--

ALTER TABLE ONLY mabuntle.seller_report_schedule_runs
    ADD CONSTRAINT "FK_seller_report_schedule_runs_seller_report_schedules_SellerR~" FOREIGN KEY ("SellerReportScheduleId") REFERENCES mabuntle.seller_report_schedules("Id") ON DELETE CASCADE;


--
-- TOC entry 6064 (class 2606 OID 72006)
-- Name: seller_report_schedules FK_seller_report_schedules_seller_profiles_SellerId; Type: FK CONSTRAINT; Schema: mabuntle; Owner: postgres
--

ALTER TABLE ONLY mabuntle.seller_report_schedules
    ADD CONSTRAINT "FK_seller_report_schedules_seller_profiles_SellerId" FOREIGN KEY ("SellerId") REFERENCES mabuntle.seller_profiles("Id") ON DELETE CASCADE;


--
-- TOC entry 6057 (class 2606 OID 71902)
-- Name: seller_store_policies FK_seller_store_policies_seller_profiles_SellerId; Type: FK CONSTRAINT; Schema: mabuntle; Owner: postgres
--

ALTER TABLE ONLY mabuntle.seller_store_policies
    ADD CONSTRAINT "FK_seller_store_policies_seller_profiles_SellerId" FOREIGN KEY ("SellerId") REFERENCES mabuntle.seller_profiles("Id") ON DELETE CASCADE;


--
-- TOC entry 5931 (class 2606 OID 63493)
-- Name: seller_storefronts FK_seller_storefronts_seller_profiles_SellerId; Type: FK CONSTRAINT; Schema: mabuntle; Owner: postgres
--

ALTER TABLE ONLY mabuntle.seller_storefronts
    ADD CONSTRAINT "FK_seller_storefronts_seller_profiles_SellerId" FOREIGN KEY ("SellerId") REFERENCES mabuntle.seller_profiles("Id") ON DELETE CASCADE;


--
-- TOC entry 6058 (class 2606 OID 71928)
-- Name: seller_verification_evidence FK_seller_verification_evidence_seller_profiles_SellerId; Type: FK CONSTRAINT; Schema: mabuntle; Owner: postgres
--

ALTER TABLE ONLY mabuntle.seller_verification_evidence
    ADD CONSTRAINT "FK_seller_verification_evidence_seller_profiles_SellerId" FOREIGN KEY ("SellerId") REFERENCES mabuntle.seller_profiles("Id") ON DELETE CASCADE;


--
-- TOC entry 5932 (class 2606 OID 63511)
-- Name: seller_verifications FK_seller_verifications_seller_profiles_SellerId; Type: FK CONSTRAINT; Schema: mabuntle; Owner: postgres
--

ALTER TABLE ONLY mabuntle.seller_verifications
    ADD CONSTRAINT "FK_seller_verifications_seller_profiles_SellerId" FOREIGN KEY ("SellerId") REFERENCES mabuntle.seller_profiles("Id") ON DELETE CASCADE;


--
-- TOC entry 5980 (class 2606 OID 64546)
-- Name: shipment_events FK_shipment_events_shipments_ShipmentId; Type: FK CONSTRAINT; Schema: mabuntle; Owner: postgres
--

ALTER TABLE ONLY mabuntle.shipment_events
    ADD CONSTRAINT "FK_shipment_events_shipments_ShipmentId" FOREIGN KEY ("ShipmentId") REFERENCES mabuntle.shipments("Id") ON DELETE CASCADE;


--
-- TOC entry 5977 (class 2606 OID 64519)
-- Name: shipments FK_shipments_buyer_profiles_BuyerId; Type: FK CONSTRAINT; Schema: mabuntle; Owner: postgres
--

ALTER TABLE ONLY mabuntle.shipments
    ADD CONSTRAINT "FK_shipments_buyer_profiles_BuyerId" FOREIGN KEY ("BuyerId") REFERENCES mabuntle.buyer_profiles("Id") ON DELETE RESTRICT;


--
-- TOC entry 5978 (class 2606 OID 64524)
-- Name: shipments FK_shipments_orders_OrderId; Type: FK CONSTRAINT; Schema: mabuntle; Owner: postgres
--

ALTER TABLE ONLY mabuntle.shipments
    ADD CONSTRAINT "FK_shipments_orders_OrderId" FOREIGN KEY ("OrderId") REFERENCES mabuntle.orders("Id") ON DELETE CASCADE;


--
-- TOC entry 5979 (class 2606 OID 64529)
-- Name: shipments FK_shipments_seller_profiles_SellerId; Type: FK CONSTRAINT; Schema: mabuntle; Owner: postgres
--

ALTER TABLE ONLY mabuntle.shipments
    ADD CONSTRAINT "FK_shipments_seller_profiles_SellerId" FOREIGN KEY ("SellerId") REFERENCES mabuntle.seller_profiles("Id") ON DELETE RESTRICT;


--
-- TOC entry 6007 (class 2606 OID 64880)
-- Name: support_messages FK_support_messages_support_tickets_SupportTicketId; Type: FK CONSTRAINT; Schema: mabuntle; Owner: postgres
--

ALTER TABLE ONLY mabuntle.support_messages
    ADD CONSTRAINT "FK_support_messages_support_tickets_SupportTicketId" FOREIGN KEY ("SupportTicketId") REFERENCES mabuntle.support_tickets("Id") ON DELETE CASCADE;


--
-- TOC entry 6001 (class 2606 OID 64836)
-- Name: support_tickets FK_support_tickets_buyer_profiles_BuyerId; Type: FK CONSTRAINT; Schema: mabuntle; Owner: postgres
--

ALTER TABLE ONLY mabuntle.support_tickets
    ADD CONSTRAINT "FK_support_tickets_buyer_profiles_BuyerId" FOREIGN KEY ("BuyerId") REFERENCES mabuntle.buyer_profiles("Id") ON DELETE RESTRICT;


--
-- TOC entry 6002 (class 2606 OID 64841)
-- Name: support_tickets FK_support_tickets_orders_LinkedOrderId; Type: FK CONSTRAINT; Schema: mabuntle; Owner: postgres
--

ALTER TABLE ONLY mabuntle.support_tickets
    ADD CONSTRAINT "FK_support_tickets_orders_LinkedOrderId" FOREIGN KEY ("LinkedOrderId") REFERENCES mabuntle.orders("Id") ON DELETE RESTRICT;


--
-- TOC entry 6003 (class 2606 OID 64846)
-- Name: support_tickets FK_support_tickets_payments_LinkedPaymentId; Type: FK CONSTRAINT; Schema: mabuntle; Owner: postgres
--

ALTER TABLE ONLY mabuntle.support_tickets
    ADD CONSTRAINT "FK_support_tickets_payments_LinkedPaymentId" FOREIGN KEY ("LinkedPaymentId") REFERENCES mabuntle.payments("Id") ON DELETE RESTRICT;


--
-- TOC entry 6004 (class 2606 OID 64851)
-- Name: support_tickets FK_support_tickets_products_LinkedProductId; Type: FK CONSTRAINT; Schema: mabuntle; Owner: postgres
--

ALTER TABLE ONLY mabuntle.support_tickets
    ADD CONSTRAINT "FK_support_tickets_products_LinkedProductId" FOREIGN KEY ("LinkedProductId") REFERENCES mabuntle.products("Id") ON DELETE RESTRICT;


--
-- TOC entry 6005 (class 2606 OID 64856)
-- Name: support_tickets FK_support_tickets_seller_profiles_LinkedSellerId; Type: FK CONSTRAINT; Schema: mabuntle; Owner: postgres
--

ALTER TABLE ONLY mabuntle.support_tickets
    ADD CONSTRAINT "FK_support_tickets_seller_profiles_LinkedSellerId" FOREIGN KEY ("LinkedSellerId") REFERENCES mabuntle.seller_profiles("Id") ON DELETE RESTRICT;


--
-- TOC entry 6006 (class 2606 OID 64861)
-- Name: support_tickets FK_support_tickets_seller_profiles_SellerId; Type: FK CONSTRAINT; Schema: mabuntle; Owner: postgres
--

ALTER TABLE ONLY mabuntle.support_tickets
    ADD CONSTRAINT "FK_support_tickets_seller_profiles_SellerId" FOREIGN KEY ("SellerId") REFERENCES mabuntle.seller_profiles("Id") ON DELETE RESTRICT;


-- Completed on 2026-06-08 14:54:26

--
-- PostgreSQL database dump complete
--

\unrestrict wgeoJEofE97WNRpEuPtaeLj5F1fRqzkeWXtWzkqN8goEdrvS2xfapD1M4fPh4Pt

